name,email,listing_url,website,phone,city,state,has_email
ALERT K-9 TRAINING CENTER,info@alertk-9.com,https://www.indoordogpark.org/parks/alert-k-9-training-center,http://www.alertk-9.com/,(925) 240-8292,Brentwood,CA,true
Bark To Basics,,https://www.indoordogpark.org/parks/bark-to-basics,http://www.barktobasicssf.com/,(415) 265-0684,San Francisco,CA,false
Better Nature Dog Training,,https://www.indoordogpark.org/parks/better-nature-dog-training,https://www.betternaturedogtraining.com/,(415) 305-0672,San Francisco,CA,false
Big Creek Boarding,contact@bigcreekboarding.com,https://www.indoordogpark.org/parks/big-creek-boarding,http://www.bigcreekboarding.com/,(209) 962-6278,Groveland,CA,true
Blue Collar K9 Dog Training,,https://www.indoordogpark.org/parks/blue-collar-k9-dog-training,https://www.bluecollark9dogtraining.com/,(209) 256-0421,Jackson,CA,false
Canine ACE - PLAY Centre,PLAY@CanineACE.com,https://www.indoordogpark.org/parks/canine-ace-play-centre,https://www.canineace.com/,(760) 898-6431,Palm Springs,CA,true
Canine Purpose,,https://www.indoordogpark.org/parks/canine-purpose,http://caninepurpose.com/,(916) 778-6366,Rocklin,CA,false
Dale Roberts Training Center,,https://www.indoordogpark.org/parks/dale-roberts-training-center,https://robertstrainingcenter.com/,(530) 633-0111,Wheatland,CA,false
Devotion to Dogs,clientservices@devotiontodogs.net,https://www.indoordogpark.org/parks/devotion-to-dogs,https://devotiontodogs.net/,(619) 500-4787,El Cajon,CA,true
Dog Play Area at The Landing,,https://www.indoordogpark.org/parks/dog-play-area-at-the-landing,,,Oakland,CA,false
Doggie Bed & Breakfast,,https://www.indoordogpark.org/parks/doggie-bed-breakfast,https://www.rover.com/members/julie-m-doggie-bed-breakfast/,(916) 225-2927,Sacramento,CA,false
Doggie Land Pet Services,,https://www.indoordogpark.org/parks/doggie-land-pet-services,https://doggielandpetgroomingservices.com/,(323) 352-8328,Los Angeles,CA,false
Dream Big Training Center,dd@ddsdogtraining.com,https://www.indoordogpark.org/parks/dream-big-training-center,https://ddsdogtraining.com/,(209) 727-5321,Lodi,CA,true
Duboce Park Dog Play Area,,https://www.indoordogpark.org/parks/duboce-park-dog-play-area,https://sfrecpark.org/Facilities/Facility/Details/Duboce-Park-Dog-Play-Area-8,(415) 554-6364,San Francisco,CA,false
FUReverFUN Dog Care Services,,https://www.indoordogpark.org/parks/fureverfun-dog-care-services,http://www.fureverfun.com/,(415) 282-8282,San Francisco,CA,false
Fon's Canines Professional Dog Training and Sales,contact@fonsdogtraining.com,https://www.indoordogpark.org/parks/fons-canines-professional-dog-training-and-sales,https://fonsdogtraining.com/?utm_campaign=SEO&utm_medium=website_click&utm_source=GMB,(858) 799-0606,San Diego,CA,true
For Wags N Wiggles Doggie Daycare and Boarding,playtime@forwagsnwiggles.com,https://www.indoordogpark.org/parks/for-wags-n-wiggles-doggie-daycare-and-boarding,https://forwagsnwiggles.com/,(209) 284-9408,Modesto,CA,true
GGP Dog Play Area 2,,https://www.indoordogpark.org/parks/ggp-dog-play-area-2,https://sfrecpark.org/Facilities/Facility/Details/GGP-Dog-Play-Area-2-11,(415) 554-6364,San Francisco,CA,false
Golan Dogs,golan@golandogs.com,https://www.indoordogpark.org/parks/golan-dogs,https://www.golandogs.com/,(858) 413-4952,Poway,CA,true
Good Dog Happy Dog LLC,woof@gooddoghappy.dog,https://www.indoordogpark.org/parks/good-dog-happy-dog-llc,http://gooddoghappy.dog/,(415) 483-2265,San Francisco,CA,true
LAK9S,,https://www.indoordogpark.org/parks/lak9s,http://lak9s.com/,(424) 272-1269,Los Angeles,CA,false
London Ridge Pet Resort,Londonridgepr@gmail.com,https://www.indoordogpark.org/parks/london-ridge-pet-resort,http://www.londonridgepetresort.com/,(626) 230-9564,Glendora,CA,true
Man-K9 - San Diego Dog Training,contact@mank9.com,https://www.indoordogpark.org/parks/man-k9-san-diego-dog-training,https://mank9.com/?utm_campaign=GMB&utm_medium=website-click,(760) 468-8830,San Diego,CA,true
"Ohana K9 Academy - Dog Training, Boarding & Dog Daycare",,https://www.indoordogpark.org/parks/ohana-k9-academy-dog-training-boarding-dog-daycare,https://ohanak9academy.com/,(559) 825-2328,Fresno,CA,false
Orion Dog Training,,https://www.indoordogpark.org/parks/orion-dog-training,https://www.oriondogtraining.com/,(650) 996-6708,San Jose,CA,false
PAW Forward Dog Park - Private by Booking,,https://www.indoordogpark.org/parks/paw-forward-dog-park-private-by-booking,https://www.sniffspot.com/listings/manteca-ca/paw-forward-doggie-park-manteca-87882,,Manteca,CA,false
PUPPY LOVE BOARDERS,GENARO.ENTERPRISE@GMAIL.COM,https://www.indoordogpark.org/parks/puppy-love-boarders,https://puppyloveboarders.com/,(916) 586-8855,Sacramento,CA,true
Pacha Dog Care,pachadogcare@gmail.com,https://www.indoordogpark.org/parks/pacha-dog-care,https://www.pachadogcare.com/,(415) 308-7781,San Francisco,CA,true
Paws N' Play,terra@pawsnplay.dog,https://www.indoordogpark.org/parks/paws-n-play,https://pawsnplay.dog/,(916) 796-4925,Sacramento,CA,true
Paws To Play - Doggy Daycare & Grooming,pawstoplayco@gmail.com,https://www.indoordogpark.org/parks/paws-to-play-doggy-daycare-grooming,http://pawstoplaysv.com/,(831) 440-9361,Scotts Valley,CA,true
Pawtopia Dog Training,,https://www.indoordogpark.org/parks/pawtopia-dog-training,http://www.pawtopia.com/,(858) 414-7797,La Jolla,CA,false
Pepi's Dog Play Area,,https://www.indoordogpark.org/parks/pepis-dog-play-area,https://sfrecpark.org/Facilities/Facility/Details/Francisco-Park-Dog-Play-Area-445,,San Francisco,CA,false
PetCare LB,PetCare.livebetter@gmail.com,https://www.indoordogpark.org/parks/petcare-lb,https://petcarelb.godaddysites.com/,(323) 207-9611,Los Angeles,CA,true
Precious Pet Care San Diego,,https://www.indoordogpark.org/parks/precious-pet-care-san-diego,http://www.preciouspetcaresd.com/,(858) 433-5063,San Diego,CA,false
Puppy Play Time,Joetrucios@icloud.com,https://www.indoordogpark.org/parks/puppy-play-time,http://www.puppy-playtime.com/,(310) 448-3488,Santa Monica,California,true
Rainbow Dog Daycare,,https://www.indoordogpark.org/parks/rainbow-dog-daycare,https://r.rover.com/HkRuFb,(530) 761-3287,Sacramento,CA,false
SF Dog Connect,,https://www.indoordogpark.org/parks/sf-dog-connect,http://www.sf-dog-connect.com/,(415) 662-3640,San Francisco,CA,false
San Diego Dog Training,admin@sddt4u.com,https://www.indoordogpark.org/parks/san-diego-dog-training,http://sddt4u.com/,(619) 534-4014,San Diego,CA,true
San Diego Pet Boarding,info@sandiegopetboarding.com,https://www.indoordogpark.org/parks/san-diego-pet-boarding,https://www.sandiegopetboarding.com/,(858) 752-0265,San Diego,CA,true
San Diego PupPals,dasilva.leo@icloud.com,https://www.indoordogpark.org/parks/san-diego-puppals,https://www.timetopet.com/portal/sandiegopuppals/create-account,(619) 273-3141,San Diego,CA,true
Sit Stay Play,,https://www.indoordogpark.org/parks/sit-stay-play,https://pocketsuite.io/lead/sit-stay-play,(323) 877-5928,Los Angeles,CA,false
Smart Paws Dog Training,smartpawsla1@gmail.com,https://www.indoordogpark.org/parks/smart-paws-dog-training,http://www.smartpawstraining.com/,(323) 350-3578,Los Angeles,CA,true
South Bay Dog Training,,https://www.indoordogpark.org/parks/south-bay-dog-training,https://www.southbaydog.training/,,Campbell,CA,false
South Bay Dog Training Center,info@mysite.com,https://www.indoordogpark.org/parks/south-bay-dog-training-center,http://www.southbaydogs.com/,(562) 244-8126,Gardena,CA,true
Tefani & So Dogcare,,https://www.indoordogpark.org/parks/tefani-so-dogcare,http://tefanisodogcare.com/,(415) 961-9595,San Francisco,CA,false
The Local Bark Park,Instagram@the.local.bark.park,https://www.indoordogpark.org/parks/the-local-bark-park,https://www.animaldenpetresort.com/the-local-bark-park,(916) 456-4720,Sacramento,CA,true
Zoom Room Dog Training,,https://www.indoordogpark.org/parks/zoom-room-dog-training,https://zoomroom.com/location/san-diego-kearny-mesa/,(619) 892-8994,San Diego,CA,false
24 Hour Dog Daycare,info@24hourdogdaycare.com,https://www.indoordogpark.org/parks/24-hour-dog-daycare,http://www.24hourdogdaycare.com/escondido/,(760) 688-0390,Escondido,CA,true
All About Dogs Training Center,allaboutdogsgv@gmail.com,https://www.indoordogpark.org/parks/all-about-dogs-training-center,https://allaboutdogsboardingandtraining.com/?utm_source=gmb&utem_medium=organic,(530) 518-0392,Grass Valley,CA,true
CANIS - Dog Behavior & Training,398-8690woof@canisdogtraining.com,https://www.indoordogpark.org/parks/canis-dog-behavior-training,http://canisdogtraining.com/,(424) 398-8690,Tarzana,CA,true
Canine Learning Centers,,https://www.indoordogpark.org/parks/canine-learning-centers,https://k9lrng.com/,(760) 822-0606,Carlsbad,CA,false
Club K9,,https://www.indoordogpark.org/parks/club-k9,https://www.clubk9.com/,(510) 247-9600,Castro Valley,CA,false
Comfy Home Dog Boarding,,https://www.indoordogpark.org/parks/comfy-home-dog-boarding,http://www.comfyhomedogboarding.com/,(657) 527-8960,Anaheim,CA,false
Dog Days San Diego,info@dogdayssandiego.com,https://www.indoordogpark.org/parks/dog-days-san-diego,http://www.dogdayssandiego.com/,(619) 375-6268,San Diego,CA,true
Dog Resort Glendale,,https://www.indoordogpark.org/parks/dog-resort-glendale,https://resort4dogs.com/,(818) 245-6622,Glendale,CA,false
Dog Woods Resort,,https://www.indoordogpark.org/parks/dog-woods-resort,http://dogwoodsresort.com/,(530) 333-2117,Garden Valley,CA,false
Dogtopia of Davis,,https://www.indoordogpark.org/parks/dogtopia-of-davis,https://www.dogtopia.com/sacramento-davis/,(530) 316-4775,Davis,CA,false
Dogtopia of Rocklin,,https://www.indoordogpark.org/parks/dogtopia-of-rocklin,https://www.dogtopia.com/rocklin/,(916) 229-9994,Rocklin,CA,false
Dogtopia of Upland,,https://www.indoordogpark.org/parks/dogtopia-of-upland,https://www.dogtopia.com/california-upland/,(909) 310-8900,Upland,CA,false
Dominant Dogs Santa Monica - Dog Aggression & Separation Anxiety Dog Training Specialist,,https://www.indoordogpark.org/parks/dominant-dogs-santa-monica-dog-aggression-separation-anxiety-dog-training-specialist,https://www.dominantdogs.com/,(310) 383-1412,Santa Monica,CA,false
Down to Earth Dogs,ekeaney7@gmail.com,https://www.indoordogpark.org/parks/down-to-earth-dogs,http://downtoearthdogs.com/,(619) 379-5039,San Diego,CA,true
Embarkadero Social Club,info@embarkaderosocialclub.com,https://www.indoordogpark.org/parks/embarkadero-social-club,https://www.embarkaderosocialclub.com/,(415) 431-3647,San Francisco,CA,true
Fun Paw Care Dog Training,la@funpawcare.com,https://www.indoordogpark.org/parks/fun-paw-care-dog-training,https://www.funpawcare.com/,(424) 341-0166,Los Angeles,CA,true
Hang Around Hound,,https://www.indoordogpark.org/parks/hang-around-hound,https://hangaroundhound.com/,(415) 481-1565,San Francisco,CA,false
Happy Dog Resort,,https://www.indoordogpark.org/parks/happy-dog-resort,http://www.happydogredlands.com/,(909) 601-4343,Redlands,CA,false
Heavenly Pet Resort,,https://www.indoordogpark.org/parks/heavenly-pet-resort,http://www.heavenlypetresort.com/,(909) 931-7577,Upland,CA,false
Hideaway Kennels,,https://www.indoordogpark.org/parks/hideaway-kennels,http://www.myhideawaykennels.com/,(818) 341-0910,Chatsworth,CA,false
Homeland Pet Hotel,,https://www.indoordogpark.org/parks/homeland-pet-hotel,http://homelandpethotel.com/,(951) 228-0386,Homeland,CA,false
K9 Development,,https://www.indoordogpark.org/parks/k9-development,http://k9development.com/,(209) 858-5134,Tracy,CA,false
K9 Logic Dog Training,,https://www.indoordogpark.org/parks/k9-logic-dog-training,https://www.k9-logic.com/,(626) 507-3327,Glendale,CA,false
L A School For Dogs - Best Dog School in California,,https://www.indoordogpark.org/parks/l-a-school-for-dogs-best-dog-school-in-california,http://www.laschoolfordogs.com/,(818) 865-8865,Westlake Village,CA,false
Oh Hello Dog: DTLA Dog Daycare & Boarding,,https://www.indoordogpark.org/parks/oh-hello-dog-dtla-dog-daycare-boarding,http://www.ohhellodog.com/,(213) 265-7445,Los Angeles,CA,false
Paradise Doggie Daycare,,https://www.indoordogpark.org/parks/paradise-doggie-daycare,http://www.paradisedoggiedaycare.com/,(209) 223-3900,Sutter Creek,CA,false
Park-A-Pup Novato,,https://www.indoordogpark.org/parks/park-a-pup-novato,https://www.parkapup.com/novato,(415) 453-5234,Novato,CA,false
Paws On Doggy Daycare,,https://www.indoordogpark.org/parks/paws-on-doggy-daycare,,(562) 650-5439,Downey,CA,false
Paws Pet Resort,,https://www.indoordogpark.org/parks/paws-pet-resort,https://pawspetresorts.com/,(949) 276-4930,San Clemente,CA,false
Pet Camp Cat Safari,,https://www.indoordogpark.org/parks/pet-camp-cat-safari,https://petcamp.com/cat-boarding/?utm_source=GoogleMyBusiness&utm_medium=organic&utm_campaign=cat_gmb_visits,(415) 567-0700,San Francisco,CA,false
Prestige Dog Boarding & Training,,https://www.indoordogpark.org/parks/prestige-dog-boarding-training,https://prestigek9.com/sacramento-ca/,(916) 520-8959,Roseville,CA,false
PupTown Dog Daycare & Boarding,,https://www.indoordogpark.org/parks/puptown-dog-daycare-boarding,https://www.puptownplayspace.com/,(510) 969-2068,San Leandro,CA,false
Pupper Club,,https://www.indoordogpark.org/parks/pupper-club,https://www.pupperclub.co/,(619) 344-0101,San Diego,CA,false
Puppy Island Care & Spa,,https://www.indoordogpark.org/parks/puppy-island-care-spa,http://puppyisland.com/,(818) 572-7855,Glendale,CA,false
Riley's Doggie Daycare,,https://www.indoordogpark.org/parks/rileys-doggie-daycare,http://rileysdoggiedaycare.com/,(323) 868-9990,Los Angeles,CA,false
Sit Means Sit Dog Training San Diego,,https://www.indoordogpark.org/parks/sit-means-sit-dog-training-san-diego,https://sitmeanssitsandiego.com/?utm_source=google&utm_medium=gmb&utm_campaign=google_listing,(858) 621-3647,San Diego,CA,false
Stanfur'd k9 - Dog Training,,https://www.indoordogpark.org/parks/stanfurd-k9-dog-training,https://stanfurdk9.training/,(415) 635-9846,San Francisco,CA,false
Strategic K9 Training LLC,,https://www.indoordogpark.org/parks/strategic-k9-training-llc,http://www.strategick9training.com/,(619) 458-4377,Spring Valley,CA,false
The Bark Park Pet Resort and Daycare,,https://www.indoordogpark.org/parks/the-bark-park-pet-resort-and-daycare,http://thebarkparkresort.com/,(916) 459-3030,Sacramento,CA,false
The Dog Social Club Cooperative,,https://www.indoordogpark.org/parks/the-dog-social-club-cooperative,https://www.dogsocialclub.com/,(510) 655-7832,Oakland,CA,false
The Human Dog Team,,https://www.indoordogpark.org/parks/the-human-dog-team,https://thehumandogteam.com/,(619) 919-1099,San Diego,CA,false
The Local Bark,,https://www.indoordogpark.org/parks/the-local-bark,http://www.localbark.com/,(916) 638-3880,Rancho Cordova,CA,false
The Noble Dogs,,https://www.indoordogpark.org/parks/the-noble-dogs,http://thenobledogs.com/,(619) 860-1611,San Diego,CA,false
The Pawffice Pet Spa & Daycare,,https://www.indoordogpark.org/parks/the-pawffice-pet-spa-daycare,https://thepawfficeco.com/,(415) 961-6804,San Francisco,CA,false
The Puppy Playhouse,,https://www.indoordogpark.org/parks/the-puppy-playhouse,http://www.thepuppyplayhouseoc.com/,(949) 438-8891,Costa Mesa,CA,false
The Ranch Dog Training,,https://www.indoordogpark.org/parks/the-ranch-dog-training,https://www.ranchdogtraining.com/,(310) 742-9988,Los Angeles,CA,false
Top Dog SF,,https://www.indoordogpark.org/parks/top-dog-sf,http://www.topdogsf.com/,(628) 285-3700,San Francisco,CA,false
Ventura Dog Ranch,,https://www.indoordogpark.org/parks/ventura-dog-ranch,http://www.venturadogranch.com/,(805) 643-3647,Ventura,CA,false
Wags & Ruffs,,https://www.indoordogpark.org/parks/wags-ruffs,https://wagsandruffs.com/,(619) 725-3151,San Diego,CA,false
Webster's Dog Training,,https://www.indoordogpark.org/parks/websters-dog-training,http://webstersdogtraining.com/,(310) 344-0314,Los Angeles,CA,false
What A Good Dog! LA,,https://www.indoordogpark.org/parks/what-a-good-dog-la,http://www.whatagooddogla.com/,(323) 578-3901,Los Angeles,CA,false
'PAWS' WEST - PGA WEST Private Dog Park,,https://www.indoordogpark.org/parks/paws-west-pga-west-private-dog-park,http://www.pgawest.com/,(760) 564-7150,La Quinta,California,false
24 Hour Dog Daycare,,https://www.indoordogpark.org/parks/24-hour-dog-daycare,http://www.24hourdogdaycare.com/san-diego/,(858) 633-3387,San Diego,CA,false
AJ Country Kennel,,https://www.indoordogpark.org/parks/aj-country-kennel,http://www.ajcountrykennel.com/,(559) 582-5108,Lemoore,CA,false
Adventure Awaits Dog Daycare,,https://www.indoordogpark.org/parks/adventure-awaits-dog-daycare,https://adventureawaitsdogdaycare.com/,(916) 296-8553,Sacramento,CA,false
Animal Den,,https://www.indoordogpark.org/parks/animal-den,http://animaldenpetresort.com/,(916) 456-4720,Sacramento,CA,false
Arcade Creek Kennels,,https://www.indoordogpark.org/parks/arcade-creek-kennels,http://www.arcadecreekkennel.com/,(916) 331-5100,Sacramento,CA,false
Best Friends Pet Hotel,,https://www.indoordogpark.org/parks/best-friends-pet-hotel,https://bestfriendspetcare.com/locations/carmichael,(916) 487-5221,Carmichael,CA,false
Big Valley Dog Training,,https://www.indoordogpark.org/parks/big-valley-dog-training,https://www.bigvalleydogtraining.com/,(209) 620-3758,Delhi,CA,false
California Cat Center,,https://www.indoordogpark.org/parks/california-cat-center,http://www.californiacatcenter.com/,(818) 780-7060,Van Nuys,CA,false
Camp Bow Wow Anaheim,,https://www.indoordogpark.org/parks/camp-bow-wow-anaheim,https://www.campbowwow.com/anaheim/,(714) 475-7282,Anaheim,CA,false
Camp Bow Wow El Cajon,,https://www.indoordogpark.org/parks/camp-bow-wow-el-cajon,https://www.campbowwow.com/el-cajon/,(619) 367-8367,El Cajon,CA,false
Camp Bow Wow Elk Grove,,https://www.indoordogpark.org/parks/camp-bow-wow-elk-grove,https://www.campbowwow.com/elk-grove/,(916) 702-8803,Elk Grove,CA,false
Camp Run-A-Mutt Chula Vista,,https://www.indoordogpark.org/parks/camp-run-a-mutt-chula-vista,http://www.camprunamutt.com/chulavista,(619) 426-6888,Chula Vista,CA,false
Camp Run-A-Mutt Point Loma,,https://www.indoordogpark.org/parks/camp-run-a-mutt-point-loma,https://www.camprunamutt.com/pointloma,(619) 225-2267,San Diego,CA,false
Canine Retreat,,https://www.indoordogpark.org/parks/canine-retreat,https://www.canineretreat.com/,(310) 530-0800,Harbor City,CA,false
Country Dog Ranch boarding,,https://www.indoordogpark.org/parks/country-dog-ranch-boarding,http://www.countrydogranch.com/,(800) 591-1080,Los Angeles,CA,false
Country Kennels and Dawg Waterpark,,https://www.indoordogpark.org/parks/country-kennels-and-dawg-waterpark,https://www.countrykennelsca.com/,(951) 677-6031,Murrieta,CA,false
Country View Kennels,,https://www.indoordogpark.org/parks/country-view-kennels,http://www.countryviewkennels209.com/,(209) 551-5070,Modesto,CA,false
Dog Beach | Huntington Beach,,https://www.indoordogpark.org/parks/dog-beach-huntington-beach,https://www.dogbeach.org/,,Huntington Beach,CA,false
Dog Dayz of California,,https://www.indoordogpark.org/parks/dog-dayz-of-california,https://dogdayzofcalifornia.com/,(760) 273-5912,Oceanside,CA,false
Dogdrop Dog Daycare Arts District DTLA,,https://www.indoordogpark.org/parks/dogdrop-dog-daycare-arts-district-dtla,https://www.dogdrop.co/,(213) 314-5499,Los Angeles,CA,false
Doggie Central,,https://www.indoordogpark.org/parks/doggie-central,http://www.doggiecentral.com/,(310) 390-3645,Los Angeles,CA,false
Doggie Daycare...And More,,https://www.indoordogpark.org/parks/doggie-daycareand-more,https://doggiedaycareandmore.com/,(949) 722-9663,Newport Beach,CA,false
Doggie Goddess Pet Services,,https://www.indoordogpark.org/parks/doggie-goddess-pet-services,http://www.doggiegoddess.com/,(310) 876-1333,Los Angeles,CA,false
Dogpile Dogs,,https://www.indoordogpark.org/parks/dogpile-dogs,https://www.dogpiledogssf.com/,(415) 826-3647,San Francisco,CA,false
Dogs Will Play,,https://www.indoordogpark.org/parks/dogs-will-play,http://dogswillplay.com/,(925) 566-5556,Concord,CA,false
Dogtopia of Miramar,,https://www.indoordogpark.org/parks/dogtopia-of-miramar,https://www.dogtopia.com/san-diego-miramar/,(858) 225-7072,San Diego,CA,false
Dogwood Ranch Pet Resort,,https://www.indoordogpark.org/parks/dogwood-ranch-pet-resort,http://www.dogwoodranch.com/,(831) 663-3647,Salinas,CA,false
Elite Dogs Training & Boarding,,https://www.indoordogpark.org/parks/elite-dogs-training-boarding,http://elitedogs.com/,(916) 372-4700,West Sacramento,CA,false
Epic Dog Academy LLC,,https://www.indoordogpark.org/parks/epic-dog-academy-llc,https://epicdogacademy.com/,(951) 389-0097,Temecula,CA,false
Fiesta Island Dog Park,,https://www.indoordogpark.org/parks/fiesta-island-dog-park,https://www.sandiego.gov/park-and-recreation/parks/regional/missionbay/fiestaisland,(619) 525-8213,San Diego,CA,false
Furball Fitness Long Beach,,https://www.indoordogpark.org/parks/furball-fitness-long-beach,http://www.furballfitnessdogcamp.com/,(562) 544-1152,Long Beach,CA,false
"Happy Paws Kennels, Inc.",,https://www.indoordogpark.org/parks/happy-paws-kennels-inc,http://www.happypawskennels.com/,(707) 678-6600,Dixon,CA,false
Heavenly Pet Resort,,https://www.indoordogpark.org/parks/heavenly-pet-resort,http://www.heavenlypetresort.com/temple-city,(626) 285-4441,Temple City,CA,false
Heavenly Pet Resort,,https://www.indoordogpark.org/parks/heavenly-pet-resort,http://www.heavenlypetresort.com/,(626) 814-4445,West Covina,CA,false
"Here, Doggy!",,https://www.indoordogpark.org/parks/here-doggy,http://heredoggydaycare.com/,(650) 410-0180,South San Francisco,CA,false
High Tail Hotel,,https://www.indoordogpark.org/parks/high-tail-hotel,https://www.hightailhotel.com/,(415) 913-7101,San Francisco,CA,false
K9 Activity Club,,https://www.indoordogpark.org/parks/k9-activity-club,http://k9activityclub.com/,(707) 569-1394,Santa Rosa,CA,false
K9 Resorts Luxury Pet Hotel Los Angeles,,https://www.indoordogpark.org/parks/k9-resorts-luxury-pet-hotel-los-angeles,https://www.k9resorts.com/los-angeles-lax/,(323) 968-9489,Los Angeles,CA,false
Lombard Doggy Daycare,,https://www.indoordogpark.org/parks/lombard-doggy-daycare,https://www.lombarddoggydaycare.com/,(415) 535-8520,San Francisco,CA,false
McLaren Park Dog Play Area 2,,https://www.indoordogpark.org/parks/mclaren-park-dog-play-area-2,https://sfrecpark.org/1207/McLaren-Park-Dog-Play-Areas,(415) 554-6364,San Francisco,CA,false
Mountain Lake Park Dog Play Area,,https://www.indoordogpark.org/parks/mountain-lake-park-dog-play-area,https://sfrecpark.org/Facilities/Facility/Details/Mountain-Lake-Park-Dog-Play-Area-22,,San Francisco,CA,false
Mr. Muggles' Dogs,,https://www.indoordogpark.org/parks/mr-muggles-dogs,http://www.mrmugglesdogs.com/,(415) 817-1744,San Francisco,CA,false
Paradise Ranch Pet Resort,,https://www.indoordogpark.org/parks/paradise-ranch-pet-resort,http://paradiseranch.net/,(818) 394-9557,Sun Valley,CA,false
Paw Commons Pet Resort & Training Center - Kearny Mesa,,https://www.indoordogpark.org/parks/paw-commons-pet-resort-training-center-kearny-mesa,https://www.pawcommons.com/kearny-mesa-san-diego-ca/?utm_source=googlemb&utm_medium=organic&utm_campaign=weblink-kearnymesa&utm_content=location,(619) 764-4580,San Diego,CA,false
Paw Haven,,https://www.indoordogpark.org/parks/paw-haven,http://www.pawhavenhotel.com/,(747) 250-9354,Sherman Oaks,CA,false
Paw Play Dog Daycare and Boarding,,https://www.indoordogpark.org/parks/paw-play-dog-daycare-and-boarding,,,Thousand Oaks,CA,false
Paws Pet N' Play,,https://www.indoordogpark.org/parks/paws-pet-n-play,http://www.pawspetnplay.com/,(650) 993-8304,Daly City,CA,false
Paws at Play,,https://www.indoordogpark.org/parks/paws-at-play,http://www.pawsatplayoc.com/,(714) 744-3316,Orange,CA,false
Performance K9 Training Centre,,https://www.indoordogpark.org/parks/performance-k9-training-centre,https://performancek9training.com/,(760) 685-6804,Bonsall,CA,false
Playland,doggieland@southparkdoggie.com,https://www.indoordogpark.org/parks/playland,http://www.southparkdoggie.com/,(213) 747-3649,Los Angeles,CA,true
Pour La Pooch,,https://www.indoordogpark.org/parks/pour-la-pooch,http://pourlapooch.com/,(323) 934-0940,Los Angeles,CA,false
Primepaw Dog Training: San Francisco's BEST!,,https://www.indoordogpark.org/parks/primepaw-dog-training-san-franciscos-best,http://primepaw.com/,(628) 222-5932,San Francisco,CA,false
Puparazzi,,https://www.indoordogpark.org/parks/puparazzi,https://puparazzila.com/?utm_source=gmb&utm_medium=Los%20Angeles&utm_campaign=organic,(424) 325-3151,Los Angeles,CA,false
SmartyPup!,,https://www.indoordogpark.org/parks/smartypup,https://www.smartypup.com/,(415) 730-5149,San Francisco,CA,false
South Park Doggie - Adventureland (South Bay),,https://www.indoordogpark.org/parks/south-park-doggie-adventureland-south-bay,https://www.southparkadventureland.com/,(310) 756-6110,Gardena,CA,false
South Park Doggie - Doggieland (LA),doggieland@southparkdoggie.com,https://www.indoordogpark.org/parks/south-park-doggie-doggieland-la,https://www.southparkdoggieland.com/,(213) 677-2370,Los Angeles,CA,true
South Park Doggie - Waterland (LAX),waterland@southparkdoggie.com,https://www.indoordogpark.org/parks/south-park-doggie-waterland-lax,https://www.southparkdoggielax.com/,(310) 417-3649,Inglewood,CA,true
Sunset Kennels,,https://www.indoordogpark.org/parks/sunset-kennels,http://sunsetkennelslodi.com/,(209) 369-9400,Lodi,CA,false
Sweet Doggies,,https://www.indoordogpark.org/parks/sweet-doggies,http://www.sweetdoggies.com/,(408) 245-7777,Sunnyvale,CA,false
Sycamore Lane Kennels,,https://www.indoordogpark.org/parks/sycamore-lane-kennels,http://www.sycamorelanekennels.com/index.php,(209) 334-1316,Lodi,CA,false
The Animal Keeper,,https://www.indoordogpark.org/parks/the-animal-keeper,http://www.theanimalkeeper.com/,(858) 748-9676,Poway,CA,false
The Hounds Club,,https://www.indoordogpark.org/parks/the-hounds-club,http://www.thehoundsclub.com/,(323) 954-7272,Glendale,CA,false
Urban Oasis Dog Park,,https://www.indoordogpark.org/parks/urban-oasis-dog-park,,,San Francisco,CA,false
WagVille,,https://www.indoordogpark.org/parks/wagville,http://www.wagville.com/,(323) 222-4442,Los Angeles,CA,false
Wags & Wiggles,,https://www.indoordogpark.org/parks/wags-wiggles,http://www.wagsandwiggles.com/,(714) 368-7077,Tustin,CA,false
"Whitaker Dog Day Camp - Dog Daycare, Boarding and Training",,https://www.indoordogpark.org/parks/whitaker-dog-day-camp-dog-daycare-boarding-and-training,https://pack.whitakerdogcare.com/services/,(323) 591-5583,Los Angeles,CA,false
Zoom Room Dog Training,,https://www.indoordogpark.org/parks/zoom-room-dog-training,https://zoomroom.com/location/culver-city,(310) 636-4606,Los Angeles,CA,false
Zoom Room Dog Training,,https://www.indoordogpark.org/parks/zoom-room-dog-training,https://zoomroom.com/location/sherman-oaks/,(818) 986-1932,Sherman Oaks,CA,false
A Pet Villa Dog Boarding and Grooming,,https://www.indoordogpark.org/parks/a-pet-villa-dog-boarding-and-grooming,http://apetvilla.com/,(408) 988-3118,Santa Clara,CA,false
Alamo Square Dog Play Area,,https://www.indoordogpark.org/parks/alamo-square-dog-play-area,https://sfrecpark.org/Facilities/Facility/Details/Alamo-Square-Dog-Play-Area-2,(415) 554-6364,San Francisco,CA,false
"All Dogs Sports Park, LLC",,https://www.indoordogpark.org/parks/all-dogs-sports-park-llc,http://www.alldogssportspark.com/,(209) 334-1316,Lodi,CA,false
Bernal Heights Dog Play Area,,https://www.indoordogpark.org/parks/bernal-heights-dog-play-area,https://sfrecpark.org/Facilities/Facility/Details/Bernal-Heights-Dog-Play-Areas-4,,San Francisco,CA,false
C R Ranch,,https://www.indoordogpark.org/parks/c-r-ranch,http://crranchpetotel.com/,(209) 545-1255,Modesto,CA,false
California Canine Dog Training,,https://www.indoordogpark.org/parks/california-canine-dog-training,http://californiacanine.us/,(831) 717-4579,Pacific Grove,CA,false
California Service Dog Academy,,https://www.indoordogpark.org/parks/california-service-dog-academy,http://www.californiaservicedogacademy.org/,(866) 382-9917,Visalia,CA,false
Cannery Park,,https://www.indoordogpark.org/parks/cannery-park,,,San Jose,CA,false
Cesar Millan's Dog Psychology Center,,https://www.indoordogpark.org/parks/cesar-millans-dog-psychology-center,http://trainingcesarsway.com/,(323) 210-3886,Santa Clarita,CA,false
Coronado Dog Beach,,https://www.indoordogpark.org/parks/coronado-dog-beach,https://coronadovisitorcenter.com/listings/coronado-dog-beach/,(619) 522-7342,San Diego,CA,false
Custom-K9 Dog Training & Boarding,,https://www.indoordogpark.org/parks/custom-k9-dog-training-boarding,https://custom-k9.com/,(925) 338-9808,South San Francisco,CA,false
Delta K9 Academy,,https://www.indoordogpark.org/parks/delta-k9-academy,https://k9delta.com/,(818) 337-7070,Valley Glen,CA,false
Discovery Park,,https://www.indoordogpark.org/parks/discovery-park,,(909) 334-3258,Chino,CA,false
Dog Beach,,https://www.indoordogpark.org/parks/dog-beach,https://www.delmar.ca.us/206/Dog-Friendly-Beaches,(858) 755-9313,Del Mar,CA,false
Dog Park - Regency Community Park,,https://www.indoordogpark.org/parks/dog-park-regency-community-park,,,Sacramento,CA,false
Dog Park | Bayfront Park Mill Valley,,https://www.indoordogpark.org/parks/dog-park-bayfront-park-mill-valley,https://www.cityofmillvalley.org/699/Parks,(415) 383-1370,Mill Valley,CA,false
Dogbone Meadow,,https://www.indoordogpark.org/parks/dogbone-meadow,https://www.novato.org/Home/Components/FacilityDirectory/FacilityDirectory/62/535,(415) 899-8900,Novato,CA,false
Dogtopia of Anaheim Hills,,https://www.indoordogpark.org/parks/dogtopia-of-anaheim-hills,https://www.dogtopia.com/anaheim-hills/,(714) 777-3647,Anaheim,CA,false
Dogtopia of Dublin,,https://www.indoordogpark.org/parks/dogtopia-of-dublin,https://www.dogtopia.com/dublin-ca/,(925) 587-4048,Dublin,CA,false
Fit 'N' Furry Pet Resort & Training Center,,https://www.indoordogpark.org/parks/fit-n-furry-pet-resort-training-center,https://www.fitnfurry.com/?utm_source=google_my_business&utm_medium=organic,(707) 769-7387,Petaluma,CA,false
Fitdog,,https://www.indoordogpark.org/parks/fitdog,https://www.fitdog.com/,(310) 828-3647,Santa Monica,CA,false
Folsom Dog Resort & Training Center,,https://www.indoordogpark.org/parks/folsom-dog-resort-training-center,https://www.folsomdogresort.com/?utm_source=gmb&utm_medium=organic&y_source=1_MTE2NjkwNjgtNzE1LWxvY2F0aW9uLndlYnNpdGU%3D,(916) 365-9836,Folsom,CA,false
Glendale Pet Resort,,https://www.indoordogpark.org/parks/glendale-pet-resort,http://www.glendalepetresort.com/,(818) 451-9044,Glendale,CA,false
Grape Street Dog Park,,https://www.indoordogpark.org/parks/grape-street-dog-park,https://www.balboapark.org/parks-playgrounds/grape-street-dog-park,(619) 239-0512,San Diego,CA,false
Grateful Dog Daycare,,https://www.indoordogpark.org/parks/grateful-dog-daycare,http://www.gratefuldogdaycare.com/,(916) 446-2501,Sacramento,CA,false
Hap Magee Ranch Dog Park,,https://www.indoordogpark.org/parks/hap-magee-ranch-dog-park,https://www.danville.ca.gov/263/Dog-Park---Canine-Corral,,Alamo,CA,false
"Happy Hound Play & Daycare, Inc.",,https://www.indoordogpark.org/parks/happy-hound-play-daycare-inc,https://happyhound.com/,(510) 547-3647,Oakland,CA,false
It's A Dog's World K-9 Academy,,https://www.indoordogpark.org/parks/its-a-dogs-world-k-9-academy,http://itsadogsworld.biz/,(626) 654-1878,Glendora,CA,false
Lafayette Park Dog Play Area,,https://www.indoordogpark.org/parks/lafayette-park-dog-play-area,https://sfrecpark.org/Facilities/Facility/Details/Lafayette-Park-Dog-Play-Area-16,(415) 831-2700,San Francisco,CA,false
Pacifica Esplanade Beach,,https://www.indoordogpark.org/parks/pacifica-esplanade-beach,,(650) 738-3760,Pacifica,CA,false
Paw Commons Pet Resort & Training Center - Bay Park,,https://www.indoordogpark.org/parks/paw-commons-pet-resort-training-center-bay-park,https://www.pawcommons.com/bay-park-san-diego-ca//?utm_source=googlemb&utm_medium=organic&utm_campaign=weblink-baypark&utm_content=location,(619) 299-2730,San Diego,CA,false
Paw Commons Pet Resort & Training Center - Hillcrest,,https://www.indoordogpark.org/parks/paw-commons-pet-resort-training-center-hillcrest,https://www.pawcommons.com/hillcrest-san-diego-ca/?utm_source=googlemb&utm_medium=organic&utm_campaign=weblink-hillcrest&utm_content=location,(619) 299-2068,San Diego,CA,false
Pet Camp San Francisco,,https://www.indoordogpark.org/parks/pet-camp-san-francisco,https://petcamp.com/?utm_source=GoogleMyBusiness&utm_medium=organic&utm_campaign=dog_gmb_visits,(415) 282-0700,San Francisco,CA,false
Pet Service Solutions,,https://www.indoordogpark.org/parks/pet-service-solutions,https://petservicesolutions.com/,(909) 451-8211,Pomona,CA,false
"Pooches Playground, LLC",,https://www.indoordogpark.org/parks/pooches-playground-llc,https://www.facebook.com/Pooches-Playground-LLC-168768726471794/,(626) 447-9312,Arcadia,CA,false
River Dogs Resort,,https://www.indoordogpark.org/parks/river-dogs-resort,https://sacriverdogs.com/,(916) 952-3647,West Sacramento,CA,false
SF Puppy Prep,,https://www.indoordogpark.org/parks/sf-puppy-prep,http://www.sfpuppyprep.com/,(415) 618-0828,San Francisco,CA,false
San Diego Pet Training,,https://www.indoordogpark.org/parks/san-diego-pet-training,https://sdpettraining.com/,(619) 200-1567,Rancho Santa Fe,CA,false
Simi Valley Pet Resort,,https://www.indoordogpark.org/parks/simi-valley-pet-resort,http://simivalleypetresort.com/,(805) 522-3294,Simi Valley,CA,false
Smart Dogs Training Academy,,https://www.indoordogpark.org/parks/smart-dogs-training-academy,http://www.smartdogsdogtraining.com/,(818) 371-1231,Studio City,CA,false
Smart Parke | Dog Boarding in Laguna & Orange County,,https://www.indoordogpark.org/parks/smart-parke-dog-boarding-in-laguna-orange-county,https://smartparke.com/laguna/?utm_source=GBP&utm_medium=organic&utm_campaign=smartparke_laguna,(949) 330-2288,Laguna Woods,CA,false
Upper Douglass Dog Play Area,,https://www.indoordogpark.org/parks/upper-douglass-dog-play-area,https://sfrecpark.org/Facilities/Facility/Details/Upper-Douglass-Dog-Play-Area-7,,San Francisco,CA,false
Uptown Pup,,https://www.indoordogpark.org/parks/uptown-pup,http://www.uptownpupdtla.com/,(213) 935-8171,Los Angeles,CA,false
Urban Dog House,,https://www.indoordogpark.org/parks/urban-dog-house,https://urbandoghouse.com/,(408) 212-9130,Milpitas,CA,false
Wallis Annenberg PetSpace,,https://www.indoordogpark.org/parks/wallis-annenberg-petspace,http://www.annenbergpetspace.org/,(424) 384-1801,Playa Vista,CA,false
West LA Dogs- Big Dog Building,,https://www.indoordogpark.org/parks/west-la-dogs-big-dog-building,http://westladogs.com/,(310) 597-0424,Los Angeles,CA,false
Alice's Dog Park,,https://www.indoordogpark.org/parks/alices-dog-park,https://www.cityofpasadena.net/parks-and-rec/parks/vina-vieja-park/,(626) 744-7195,Pasadena,CA,false
American Heroes Dog Park,,https://www.indoordogpark.org/parks/american-heroes-dog-park,,(951) 727-3524,Eastvale,CA,false
Bark Avenue Doggy Day Care,,https://www.indoordogpark.org/parks/bark-avenue-doggy-day-care,https://barkavesf.com/,(415) 954-2275,San Francisco,CA,false
Bluff Creek Dog Park,,https://www.indoordogpark.org/parks/bluff-creek-dog-park,,,Los Angeles,CA,false
Buena Vista Dog Play Area,,https://www.indoordogpark.org/parks/buena-vista-dog-play-area,https://sfrecpark.org/Facilities/Facility/Details/Buena-Vista-Dog-Play-Area-29,,San Francisco,CA,false
Cagefree K-9 Camp,,https://www.indoordogpark.org/parks/cagefree-k-9-camp,https://cagefreek9camp.com/,(310) 202-6900,Los Angeles,CA,false
California Dog Training,,https://www.indoordogpark.org/parks/california-dog-training,http://www.calidogtraining.com/dog-training,(951) 277-4040,Corona,CA,false
Camp Bow Wow Fair Oaks,,https://www.indoordogpark.org/parks/camp-bow-wow-fair-oaks,https://www.campbowwow.com/fair-oaks/,(916) 659-8223,Fair Oaks,CA,false
Channel Street Dog Park,,https://www.indoordogpark.org/parks/channel-street-dog-park,https://sfrecpark.org/Facilities/Facility/Details/Channel-Street-Dog-Park-453,(415) 543-9063,San Francisco,CA,false
Corona Heights Dog Run,,https://www.indoordogpark.org/parks/corona-heights-dog-run,https://sfrecpark.org/Facilities/Facility/Details/Corona-Heights-Dog-Play-Area-5,(415) 554-6364,San Francisco,CA,false
Dairyland Park,,https://www.indoordogpark.org/parks/dairyland-park,,,Eastvale,CA,false
Dali’s Dog Park,,https://www.indoordogpark.org/parks/dalis-dog-park,,(626) 854-5560,City of Industry,CA,false
Dog-E-Den Hollywood Dog Daycare Boarding Grooming and Training,,https://www.indoordogpark.org/parks/dog-e-den-hollywood-dog-daycare-boarding-grooming-and-training,https://www.dedhollywood.com/,(323) 647-3491,Los Angeles,CA,false
Doozydog! Club,,https://www.indoordogpark.org/parks/doozydog-club,http://www.doozydogclub.com/,(619) 231-4701,San Diego,CA,false
Eastern oak park - dog park,,https://www.indoordogpark.org/parks/eastern-oak-park-dog-park,https://www.morpd.com/2-eastern-oak-park,,Sacramento,CA,false
Elk Park / Modesto Dog Park,,https://www.indoordogpark.org/parks/elk-park-modesto-dog-park,https://www.modestogov.com/Facilities/Facility/Details/Elk-Park-76,(209) 577-5344,Modesto,CA,false
Escala Dog Park (Private),,https://www.indoordogpark.org/parks/escala-dog-park-private,,(619) 584-0456,San Diego,California,false
Forrest E. Hull Park,,https://www.indoordogpark.org/parks/forrest-e-hull-park,https://www.cityoflancasterca.org/our-city/departments-services/parks-recreation-arts/parks-and-facilities/forrest-e-hull-park,(661) 723-6053,Lancaster,CA,false
Golden Valley Park,,https://www.indoordogpark.org/parks/golden-valley-park,,,Santa Clarita,CA,false
Hound Town,,https://www.indoordogpark.org/parks/hound-town,http://www.moreno-valley.ca.us/resident_services/park_rec/pdfs/HoundTown.pdf,,Moreno Valley,CA,false
Incredible Canine Training Center,,https://www.indoordogpark.org/parks/incredible-canine-training-center,http://www.incrediblecanine.com/,(707) 322-3272,Santa Rosa,CA,false
Little Italy Dog Park,,https://www.indoordogpark.org/parks/little-italy-dog-park,,(619) 233-3898,San Diego,CA,false
Longwood Dog Park,,https://www.indoordogpark.org/parks/longwood-dog-park,,,Playa Vista,CA,false
North Natomas Regional Dog Park,,https://www.indoordogpark.org/parks/north-natomas-regional-dog-park,,,Sacramento,California,false
Pat Merritt Dog Park,,https://www.indoordogpark.org/parks/pat-merritt-dog-park,,,Riverside,CA,false
Pet Play House,,https://www.indoordogpark.org/parks/pet-play-house,http://www.petplayhouse.biz/,(775) 324-0202,Reno,NV,false
Play Dog Play,,https://www.indoordogpark.org/parks/play-dog-play,https://rymaps.xyz/business/play-dog-play-rfh4c0,(707) 763-3664,Petaluma,CA,false
San Dimas Dog Park,,https://www.indoordogpark.org/parks/san-dimas-dog-park,https://sandimasca.gov/departments/parks_and_recreation/parks___trails/city_parks.php,(909) 394-6230,San Dimas,CA,false
The Pawington,,https://www.indoordogpark.org/parks/the-pawington,http://thepawington.com/,(650) 588-7788,South San Francisco,CA,false
The Ranch Pet Resort & Spa,,https://www.indoordogpark.org/parks/the-ranch-pet-resort-spa,https://www.theranchpetresort.com/?utm_source=googlemb&utm_medium=organic&utm_campaign=weblink&utm_content=home,(925) 667-3908,Livermore,CA,false
"The Royal K9 Boarding, Daycare, and Training Center",,https://www.indoordogpark.org/parks/the-royal-k9-boarding-daycare-and-training-center,http://www.rk9oc.com/?utm_source=google&utm_medium=wix_google_business_profile&utm_campaign=13186097122845884805,(714) 455-9082,Yorba Linda,CA,false
The Wags Club,,https://www.indoordogpark.org/parks/the-wags-club,https://thewagsclub.com/,(310) 473-3333,Los Angeles,CA,false
Toad Hollow Dog Park,,https://www.indoordogpark.org/parks/toad-hollow-dog-park,https://www.cityofdavis.org/Home/Components/FacilityDirectory/FacilityDirectory/68/2926,(530) 757-5656,Davis,CA,false
Topanga Pet Resort,,https://www.indoordogpark.org/parks/topanga-pet-resort,https://topangapetresort.com/?utm_source=gmb,(424) 404-1479,Topanga,CA,false
University Pet Resort,,https://www.indoordogpark.org/parks/university-pet-resort,http://www.universitypetresort.com/,(209) 722-5959,Merced,CA,false
Valley Oak Park,,https://www.indoordogpark.org/parks/valley-oak-park,https://www.cityofsacramento.org/ParksandRec/Parks/Park-Directory/North-Natomas/ValleyOakPark,(916) 808-5200,Sacramento,CA,false
Wag Hotels - San Diego,,https://www.indoordogpark.org/parks/wag-hotels-san-diego,https://www.waghotels.com/san-diego/?utm_source=local&utm_medium=organic&utm_campaign=san-diego,(888) 924-5463,San Diego,CA,false
Wag Hotels - West Sacramento,,https://www.indoordogpark.org/parks/wag-hotels-west-sacramento,https://www.waghotels.com/sacramento/?utm_source=local&utm_medium=organic&utm_campaign=sacramento,(888) 924-5463,West Sacramento,CA,false
Walter Haas Dog Play Area,,https://www.indoordogpark.org/parks/walter-haas-dog-play-area,https://sfrecpark.org/Facilities/Facility/Details/Walter-Haas-Dog-Play-Areas-28,(415) 554-6364,San Francisco,CA,false
"""I Said Sit!"" School for Dogs",,https://www.indoordogpark.org/parks/i-said-sit-school-for-dogs,http://www.isaidsit.com/,(310) 558-9037,Los Angeles,CA,false
Al Radka Dog Park,,https://www.indoordogpark.org/parks/al-radka-dog-park,http://www.fresno.gov/parks,,Fresno,CA,false
Allied Gardens Dog Park,,https://www.indoordogpark.org/parks/allied-gardens-dog-park,,,San Diego,CA,false
Bark & Ride,,https://www.indoordogpark.org/parks/bark-ride,http://www.ci.san-ramon.ca.us/cms/One.aspx?portalId=10826130&pageId=11693008,,San Ramon,CA,false
Bark Boulevard,,https://www.indoordogpark.org/parks/bark-boulevard,http://www.barkboulevard.net/,(619) 255-0980,San Diego,CA,false
Bark park,,https://www.indoordogpark.org/parks/bark-park,,,San Diego,CA,false
Barx Parx,,https://www.indoordogpark.org/parks/barx-parx,https://barxparx.com/,(702) 518-6439,Las Vegas,NV,false
Boneyard Dog Park,,https://www.indoordogpark.org/parks/boneyard-dog-park,https://www.culvercity.org/Parks/The-Boneyard-Dog-Park,(310) 390-9114,Culver City,CA,false
Buster’s Pet Resort & Daycare,,https://www.indoordogpark.org/parks/busters-pet-resort-daycare,http://www.busterspetresort.com/,(916) 844-7075,Fair Oaks,CA,false
California Animal Rehabilitation,,https://www.indoordogpark.org/parks/california-animal-rehabilitation,https://www.calanimalrehab.com/,(310) 998-2273,Los Angeles,CA,false
Camp Bow Wow San Diego Airport,,https://www.indoordogpark.org/parks/camp-bow-wow-san-diego-airport,https://www.campbowwow.com/san-diego-airport/,(619) 439-0312,San Diego,CA,false
Cha Cha's Doggie Daycare,,https://www.indoordogpark.org/parks/cha-chas-doggie-daycare,http://www.chachasdaycare.com/,(916) 739-6303,Sacramento,CA,false
DOG PPL,,https://www.indoordogpark.org/parks/dog-ppl,http://www.dogppl.co/,(213) 337-7726,Santa Monica,CA,false
Dairyland Dog Park,,https://www.indoordogpark.org/parks/dairyland-dog-park,,,Eastvale,CA,false
Dan Perata Training and Boarding,,https://www.indoordogpark.org/parks/dan-perata-training-and-boarding,http://www.danperata.com/,(415) 373-0889,San Francisco,CA,false
Dog Park | Barandas Park,,https://www.indoordogpark.org/parks/dog-park-barandas-park,https://www.cityofsacramento.org/ParksandRec/Parks/Park-Directory/South-Natomas/Barandas-Park,(916) 808-5200,Sacramento,CA,false
Dog Park | Las Palmas,,https://www.indoordogpark.org/parks/dog-park-las-palmas,,,Sunnyvale,CA,false
Doggy Land Grooming,,https://www.indoordogpark.org/parks/doggy-land-grooming,,(562) 291-0996,Downey,CA,false
El Segundo Dog Park,,https://www.indoordogpark.org/parks/el-segundo-dog-park,https://www.elsegundorecparks.org/Home/Components/FacilityDirectory/FacilityDirectory/1527/268864,(310) 524-2300,El Segundo,CA,false
FIDO Field,,https://www.indoordogpark.org/parks/fido-field,https://www.folsom.ca.us/government/parks-recreation/parks-trails-and-open-space/all-parks/fido-field-dog-park,(916) 817-2767,Folsom,CA,false
Fenced Dog Park | Rengstorff Park,,https://www.indoordogpark.org/parks/fenced-dog-park-rengstorff-park,,,Mountain View,CA,false
Glen Alla Dog Park,,https://www.indoordogpark.org/parks/glen-alla-dog-park,,,Marina Del Rey,CA,false
Golden Gate Dog Sports,,https://www.indoordogpark.org/parks/golden-gate-dog-sports,https://goldengatedogsports.com/,,San Francisco,CA,false
Golden Gate Park Dog Training Area,,https://www.indoordogpark.org/parks/golden-gate-park-dog-training-area,https://sfrecpark.org/Facilities/Facility/Details/GGP-Dog-Training-Area-13,(415) 831-2700,San Francisco,CA,false
Golden Retreat Kennels,,https://www.indoordogpark.org/parks/golden-retreat-kennels,http://www.goldenretreatkennels.com/,(951) 681-1438,Mira Loma,CA,false
Irvine Central Bark,,https://www.indoordogpark.org/parks/irvine-central-bark,https://cityofirvine.org/parks-facilities/central-bark-dog-park,(949) 724-6600,Irvine,CA,false
Kennel Club LAX,,https://www.indoordogpark.org/parks/kennel-club-lax,https://kennelclublax.com/?utm_source=google&utm_medium=organic&utm_campaign=gmb&utm_content=website,(310) 868-0870,Los Angeles,CA,false
Mammoth Lakes Community Dog Park,,https://www.indoordogpark.org/parks/mammoth-lakes-community-dog-park,https://www.townofmammothlakes.ca.gov/1247/Mammoth-Lakes-Community-Dog-Park,,Mammoth Lakes,CA,false
Nate's Point Dog Park,,https://www.indoordogpark.org/parks/nates-point-dog-park,,(619) 235-1100,San Diego,CA,false
Olive Hills Park,,https://www.indoordogpark.org/parks/olive-hills-park,https://www.anaheim.net/Facilities/Facility/Details/Olive-Hills-Dog-Park-437,(714) 765-5191,Anaheim,CA,false
Orangecrest Dog Park,,https://www.indoordogpark.org/parks/orangecrest-dog-park,,,Riverside,CA,false
Partner Park Dog Park,,https://www.indoordogpark.org/parks/partner-park-dog-park,http://www.cityofsacramento.org/ParksandRec/Parks/Park-Directory/Land-Park/Cooledge-Community-Center-Park,(916) 808-5200,Sacramento,CA,false
Ruff House Pet Resort,,https://www.indoordogpark.org/parks/ruff-house-pet-resort,https://www.ruffhousepetresort.com/,(951) 588-1200,Riverside,CA,false
Silver Lake Dog Park,,https://www.indoordogpark.org/parks/silver-lake-dog-park,http://www.laparks.org/dogpark/silverlake,(323) 644-3946,Los Angeles,CA,false
Smart Parke | Westlake Village,,https://www.indoordogpark.org/parks/smart-parke-westlake-village,https://smartparke.com/westlake-village/?utm_source=GBP&utm_medium=organic&utm_campaign=smartparke_westlake-village,(818) 889-2275,Westlake Village,CA,false
The Pooch Coach,,https://www.indoordogpark.org/parks/the-pooch-coach,https://poochcoach.com/,(415) 643-3333,San Francisco,CA,false
Vinewood Park,,https://www.indoordogpark.org/parks/vinewood-park,https://www.lodi.gov/Facilities/Facility/Details/Vinewood-Park-3,(209) 333-6742,Lodi,CA,false
Wag Hotels - Hollywood,,https://www.indoordogpark.org/parks/wag-hotels-hollywood,https://www.waghotels.com/hollywood/,(888) 924-5463,Los Angeles,CA,false
Waterdog Lake & Open Space,,https://www.indoordogpark.org/parks/waterdog-lake-open-space,https://www.belmont.gov/Home/Components/FacilityDirectory/FacilityDirectory/10/702,(650) 595-7441,Belmont,California,false
Whitnall Highway Off-Leash Dog Park,,https://www.indoordogpark.org/parks/whitnall-highway-off-leash-dog-park,,,North Hollywood,CA,false
Baldy View Dog Park,,https://www.indoordogpark.org/parks/baldy-view-dog-park,http://www.ci.upland.ca.us/#Baldy_View_Park,(909) 931-4280,Upland,CA,false
Bark Dog Park & Tap Room,,https://www.indoordogpark.org/parks/bark-dog-park-tap-room,https://www.barkdogparks.com/,(209) 312-9080,Modesto,CA,false
Carlson Park,,https://www.indoordogpark.org/parks/carlson-park,http://www.riversideca.gov/park_rec/,(951) 826-2000,Riverside,CA,false
Central Bark Dog Park,,https://www.indoordogpark.org/parks/central-bark-dog-park,,,West Covina,CA,false
Corona Dog Park,,https://www.indoordogpark.org/parks/corona-dog-park,https://www.coronaca.gov/Home/Components/FacilityDirectory/FacilityDirectory/126/580,(951) 736-2400,Corona,CA,false
Dogtopia of Sacramento Nimbus Winery,,https://www.indoordogpark.org/parks/dogtopia-of-sacramento-nimbus-winery,https://www.dogtopia.com/sacramento-nimbus-winery/,(916) 764-3647,Rancho Cordova,CA,false
Dusty Rhodes Park,,https://www.indoordogpark.org/parks/dusty-rhodes-park,https://www.sandiego.gov/park-and-recreation/parks/dogs/leashfree,,San Diego,CA,false
Glenbrook Large Dog Park,,https://www.indoordogpark.org/parks/glenbrook-large-dog-park,https://www.cityofsacramento.org/ParksandRec/Parks/Park-Directory/East-Sacramento/Glenbrook-Park,(916) 277-6093,Sacramento,CA,false
Jefferson Square Dog Play Area,,https://www.indoordogpark.org/parks/jefferson-square-dog-play-area,https://sfrecpark.org/Facilities/Facility/Details/Jefferson-Square-Dog-Play-Area-15,(415) 554-6364,San Francisco,CA,false
Kearny Mesa Dog Park,,https://www.indoordogpark.org/parks/kearny-mesa-dog-park,https://www.sandiego.gov/park-and-recreation/parks/dogs/leashfree,(858) 573-1387,San Diego,CA,false
Klub K9 Play Center,,https://www.indoordogpark.org/parks/klub-k9-play-center,https://klubk9playcenter.com/,(408) 736-7102,Sunnyvale,CA,false
Laurel Canyon Dog Park,,https://www.indoordogpark.org/parks/laurel-canyon-dog-park,http://www.laparks.org/dos/parks/facility/dogparks/laurelcyndogpk.htmm,(818) 766-8445,Los Angeles,CA,false
Lynn Robie Off-Leash Dog Park,,https://www.indoordogpark.org/parks/lynn-robie-off-leash-dog-park,http://portal.cityofsacramento.org/ParksandRec/Parks/Specialty-Parks/Dog-Parks,(916) 808-6060,Sacramento,CA,false
Neel Park,,https://www.indoordogpark.org/parks/neel-park,http://ci.ceres.ca.us/248/Neighborhood-Parks,(209) 538-5628,Ceres,CA,false
North Park Community Dog Park,,https://www.indoordogpark.org/parks/north-park-community-dog-park,,(619) 235-1152,San Diego,CA,false
Riverwalk Dog Park,,https://www.indoordogpark.org/parks/riverwalk-dog-park,https://riversideca.gov/park_rec/facilities-parks/dog-parks,(951) 826-2000,Riverside,CA,false
"Saratoga Creek Dog Park, San Jose, CA",,https://www.indoordogpark.org/parks/saratoga-creek-dog-park-san-jose-ca,,,San Jose,CA,false
Truitt Bark Park,,https://www.indoordogpark.org/parks/truitt-bark-park,https://www.cityofsacramento.gov/ypce/parks/park-directory/a-b/brooks-truitt-park,(916) 322-2114,Sacramento,CA,false
Upper Noe Dog Play Area,,https://www.indoordogpark.org/parks/upper-noe-dog-play-area,https://sfrecpark.org/Facilities/Facility/Details/Upper-Noe-Dog-Play-Area-27,(415) 554-6364,San Francisco,CA,false
Wonder Dog Ranch,,https://www.indoordogpark.org/parks/wonder-dog-ranch,https://wonderdogranch.com/,(626) 205-2501,Monrovia,CA,false
Animal Care Center,,https://www.indoordogpark.org/parks/animal-care-center,http://animalcarecentermariposa.com/,(209) 742-7387,Mariposa,CA,false
Dog Resort,,https://www.indoordogpark.org/parks/dog-resort,http://www.resort4dogs.com/,(818) 255-5551,North Hollywood,CA,false
Fullerton Pooch Park,,https://www.indoordogpark.org/parks/fullerton-pooch-park,https://www.cityoffullerton.com/residents/parks-facilities/pooch-park,(714) 738-6575,Fullerton,CA,false
Lower Bottoms Park,,https://www.indoordogpark.org/parks/lower-bottoms-park,,,Oakland,California,false
Nobel Leash-Free Park,,https://www.indoordogpark.org/parks/nobel-leash-free-park,https://www.sandiego.gov/park-and-recreation/parks/dogs/leashfree,(858) 552-1626,San Diego,CA,false
PAW LA LA,,https://www.indoordogpark.org/parks/paw-la-la,http://www.pawlalaclub.com/,(213) 738-7297,Los Angeles,CA,false
Pinole Valley Dog Park,,https://www.indoordogpark.org/parks/pinole-valley-dog-park,https://www.pinole.gov/recreation/parks_facilities/pinole-dog-park/,(510) 724-9062,Pinole,CA,false
Rancho Bernardo Dog Park,,https://www.indoordogpark.org/parks/rancho-bernardo-dog-park,http://ranchobernardodogpark.com/,(858) 538-8129,San Diego,CA,false
Skyline Park,,https://www.indoordogpark.org/parks/skyline-park,,,Burlingame,CA,false
SoMa West Dog Park,,https://www.indoordogpark.org/parks/soma-west-dog-park,https://sfrecpark.org/Facilities/Facility/Details/SOMA-West-Dog-Park-433,(415) 554-6364,San Francisco,CA,false
University Park Dog Park,,https://www.indoordogpark.org/parks/university-park-dog-park,http://www.cityofsacramento.org/parksandrec,,Sacramento,CA,false
Pet Resort,,https://www.indoordogpark.org/parks/pet-resort,,(818) 891-4472,Northridge,CA,false
The Grateful Dog,,https://www.indoordogpark.org/parks/the-grateful-dog,https://www.sanfranciscodoggydaycare.com/,(415) 563-2275,San Francisco,CA,false
Wag Hotels - San Francisco,,https://www.indoordogpark.org/parks/wag-hotels-san-francisco,https://www.waghotels.com/san-francisco/?utm_source=local&utm_medium=organic&utm_campaign=san-francisco,(888) 924-5463,San Francisco,CA,false
Brotherhood & Alemany Dog Play Area,,https://www.indoordogpark.org/parks/brotherhood-alemany-dog-play-area,https://sfrecpark.org/457/Dog-Play-Areas,(415) 554-6364,San Francisco,CA,false
Sutter’s Landing Dog Park,,https://www.indoordogpark.org/parks/sutters-landing-dog-park,,,Sacramento,CA,false
Bannon Creek Dog Park,,https://www.indoordogpark.org/parks/bannon-creek-dog-park,http://www.cityofsacramento.org/parksandrec/parks/park-directory/south-natomas/bannon-creek,,Sacramento,CA,false
Grand Park- Dog Park,,https://www.indoordogpark.org/parks/grand-park-dog-park,,,Los Angeles,CA,false
SF Puppy Love,,https://www.indoordogpark.org/parks/sf-puppy-love,http://sfpuppylove.com/,(415) 613-1412,San Francisco,CA,false
Dog Agility Park,,https://www.indoordogpark.org/parks/dog-agility-park,,,San Francisco,CA,false
Playhouse Village Dog Runs,,https://www.indoordogpark.org/parks/playhouse-village-dog-runs,,,Pasadena,CA,false
Prado Recreation,,https://www.indoordogpark.org/parks/prado-recreation,http://pradorecreation.com/?utm_source=gmb&utm_medium=referral,(909) 597-6366,Chino,CA,false
Rincon Hill Dog Park,,https://www.indoordogpark.org/parks/rincon-hill-dog-park,https://rinconhilldogpark.org/,,San Francisco,CA,false
Allan Witt Park,,https://www.indoordogpark.org/parks/allan-witt-park,https://www.fairfield.ca.gov/government/city-departments/parks-and-recreation/aquatics,(707) 428-7428,Fairfield,CA,false
La Sierra Dog Park,,https://www.indoordogpark.org/parks/la-sierra-dog-park,https://riversideca.gov/park_rec/facilities-parks/dog-parks,,Riverside,CA,false
Pooch Play,,https://www.indoordogpark.org/parks/pooch-play,,(408) 866-7387,San Jose,CA,false
Hardy Dog Park,,https://www.indoordogpark.org/parks/hardy-dog-park,,,Oakland,CA,false
GGP Dog Play Area 1,,https://www.indoordogpark.org/parks/ggp-dog-play-area-1,https://sfrecpark.org/Facilities/Facility/Details/GGP-Dog-Play-Area-1-10,(415) 831-2700,San Francisco,CA,false
LA Dogworks,,https://www.indoordogpark.org/parks/la-dogworks,http://ladogworks.com/,(323) 461-5151,Los Angeles,CA,false
K9 Optima,,https://www.indoordogpark.org/parks/k9-optima,https://www.k9optima.com/,(415) 517-2853,Antioch,CA,false
Zoom Room Dog Training,,https://www.indoordogpark.org/parks/zoom-room-dog-training,https://zoomroom.com/location/redlands/,(909) 850-5199,Redlands,CA,false
Cornerstone Country Canine,,https://www.indoordogpark.org/parks/cornerstone-country-canine,https://www.cornerstonecountrycanine.com/,(916) 295-3481,Pleasant Grove,CA,false
OffLeash K9 Training Bakersfield,,https://www.indoordogpark.org/parks/offleash-k9-training-bakersfield,http://www.bakersfielddogtrainers.com/,(661) 655-8787,Bakersfield,CA,false
Paragon Dog Obedience,,https://www.indoordogpark.org/parks/paragon-dog-obedience,http://www.paragondogobedience.com/,(707) 279-4199,Cobb,CA,false
"Camp Run-A-Mutt, Sorrento Valley",,https://www.indoordogpark.org/parks/camp-run-a-mutt-sorrento-valley,http://www.camprunamutt.com/sorrentovalley,(858) 272-6310,San Diego,CA,false
Dogtopia of East Pasadena,,https://www.indoordogpark.org/parks/dogtopia-of-east-pasadena,https://www.dogtopia.com/california-eastpasadena/,(626) 778-0008,Pasadena,CA,false
Point Isabel Regional Shoreline,,https://www.indoordogpark.org/parks/point-isabel-regional-shoreline,https://www.ebparks.org/parks/point-isabel,(888) 327-2757,Richmond,California,false
Bow Wow Bungalow,,https://www.indoordogpark.org/parks/bow-wow-bungalow,https://www.bowwowbungalow.com/?utm_source=gmb&utm_medium=Yext&y_source=1_MzEwNjgyMDMtNzE1LWxvY2F0aW9uLndlYnNpdGU%3D,(818) 565-3555,Burbank,CA,false
Oak canyon dog park,,https://www.indoordogpark.org/parks/oak-canyon-dog-park,https://www.rsrpd.org/business_detail_T9_R30.php,(805) 584-4400,Oak Park,California,false
Rosie's Dog Beach,,https://www.indoordogpark.org/parks/rosies-dog-beach,http://www.longbeach.gov/park/park-and-facilities/directory/rosies-dog-beach/,(562) 570-3100,Long Beach,California,false
Fletcher Fetch Park,,https://www.indoordogpark.org/parks/fletcher-fetch-park,http://fletcher-park.keeq.io/,,El Monte,CA,false
Eagle Rock Dog Park,,https://www.indoordogpark.org/parks/eagle-rock-dog-park,,,Eagle Rock,CA,false
Kroll Park,,https://www.indoordogpark.org/parks/kroll-park,https://www.bakersfieldcity.us/171/Leash-Free-Dog-Parks,(661) 326-3866,Bakersfield,CA,false
Redondo Beach Dog Park,,https://www.indoordogpark.org/parks/redondo-beach-dog-park,http://www.rbdogpark.com/,(818) 539-7263,Redondo Beach,California,false
Whittier Dog Park,,https://www.indoordogpark.org/parks/whittier-dog-park,https://www.whittierprcs.org/parks-center/dog-park,(562) 567-9400,Whittier,CA,false
Hermon Park (Arroyo Seco Park),,https://www.indoordogpark.org/parks/hermon-park-arroyo-seco-park,http://www.laparks.org/dos/parks/facility/dogparks/HermonDogPk.htm,(213) 485-4833,Los Angeles,California,false
Libbit Park,,https://www.indoordogpark.org/parks/libbit-park,http://www.laparks.org/park/libbit,(818) 756-8189,Encino,CA,false
Michael Faklis Park,,https://www.indoordogpark.org/parks/michael-faklis-park-stockton,http://www.stocktonca.gov/government/departments/communityServices/parks/dogParks.html,(209) 937-8206,Stockton,CA,false
Bar K,,https://www.indoordogpark.org/parks/bar-k,http://www.barkdogbar.com/,(816) 474-2275,Kansas City,MO,false
Penn Valley Off Leash Dog Park,,https://www.indoordogpark.org/parks/penn-valley-off-leash-dog-park,http://kcparks.org/places/penn-valley-park-off-leash-dog-park/,(816) 513-7500,Kansas,MO,false
Waggin' Trail Dog Park,,https://www.indoordogpark.org/parks/waggin-trail-dog-park,,(816) 513-7500,North Kansas City,MO,false
Stoll Off-Leash Dog Park,,https://www.indoordogpark.org/parks/stoll-off-leash-dog-park,http://www.jcprd.com/parks_facilities/stoll_park.cfm,(913) 438-7275,Overland Park,MO,false
Leawoof Dog Park,,https://www.indoordogpark.org/parks/leawoof-dog-park,https://www.leawood.org/parks-and-recreation/parks-and-greenways/leawoof-park/,(913) 663-9151,Leawood,MO,false
Dogwood Park,,https://www.indoordogpark.org/parks/dogwood-park,https://cityofls.net/parks/parks/parks/dogwood-park,(816) 969-1500,Lee's Summit,MO,false
Platte Landing Park Dog Park,,https://www.indoordogpark.org/parks/platte-landing-park-dog-park,http://parkvillemo.gov/community/parks/platte-landing-park/,,Parkville,MO,false
"West Terrace Dog Park (private, membership-based park)",,https://www.indoordogpark.org/parks/west-terrace-dog-park-private-membership-based-park,http://kcparks.org/places/wtdp/,(816) 513-9663,Kansas City,MO,false
DCID Walnut St. Dog Park,,https://www.indoordogpark.org/parks/dcid-walnut-st-dog-park,,,Kansas City,MO,false
Liberty Dog Park,,https://www.indoordogpark.org/parks/liberty-dog-park,http://libertymissouri.gov/2561/Dog-Park,(816) 439-4382,Liberty,MO,false
Shawnee Mission Park Dog Beach,,https://www.indoordogpark.org/parks/shawnee-mission-park-dog-beach,,,Lenexa,MO,false
E. H. Young Riverfront Park Off-Leash Dog Park,,https://www.indoordogpark.org/parks/e-h-young-riverfront-park-off-leash-dog-park,https://www.riversidemo.gov/departments/parks___recreation/parks/eh_young_riverfront_park/,(816) 741-3993,Riverside,MO,false
Swope Dog Park,,https://www.indoordogpark.org/parks/swope-dog-park,https://kcparks.org/places/swope-park-off-leash-park/,(816) 513-7500,Kansas City,MO,false
Blue Springs Dog Park,,https://www.indoordogpark.org/parks/blue-springs-dog-park,http://www.bluespringsgov.com/1413/Dog-Park,(816) 228-0137,Blue Springs,MO,false
Leash Free Dog Run,,https://www.indoordogpark.org/parks/leash-free-dog-run,,(913) 573-8327,Kansas City,MO,false
Pitcher Dog Park,,https://www.indoordogpark.org/parks/pitcher-dog-park,,,Independence,MO,false
St. John's Dog Park,,https://www.indoordogpark.org/parks/st-john-s-dog-park,,,Kansas City,MO,false
River Market Dog Park,,https://www.indoordogpark.org/parks/river-market-dog-park,https://www.facebook.com/rivermarketOLA/,,Kansas City,MO,false
Tails & Trails Dog Park,,https://www.indoordogpark.org/parks/tails-trails-dog-park,https://www.grandview.org/government/city-departments/parks-recreation/parks/tails-trails-dog-park,(816) 316-4888,Grandview,MO,false
Dog Park at Love's Travel Stops,,https://www.indoordogpark.org/parks/dog-park-at-love-s-travel-stops,https://www.loves.com/dogparks,(816) 381-8288,Kansas City,MO,false
Shawnee Mission Park Dog Off-Leash Area,,https://www.indoordogpark.org/parks/shawnee-mission-park-dog-off-leash-area,https://jcprd.com/Facilities/Facility/Details/Shawnee-Mission-Park-14,(913) 438-7275,Shawnee,MO,false
Indoor Zoomies indoor dog park,,https://www.indoordogpark.org/parks/indoor-zoomies-indoor-dog-park,http://www.indoorzoomiestonka.com/,,Minnetonka,MO,false
Treecourt Unleashed Dog Adventure Park | Dog Park | (Registration Required),,https://www.indoordogpark.org/parks/treecourt-unleashed-dog-adventure-park-dog-park-registration-required,http://treecourtunleasheddogadventureparks.com/,(314) 930-5753,St. Louis,MO,false
Southwest City Dog Park (Members Only),,https://www.indoordogpark.org/parks/southwest-city-dog-park-members-only,https://swcitydogpark.org/,(314) 567-2012,St. Louis,MO,false
Laclede's Landing Dog Park,,https://www.indoordogpark.org/parks/laclede-s-landing-dog-park,https://www.lacledeslanding.com/,,St. Louis,MO,false
Tails & Trails Dog Park at Queeny Park(membership),,https://www.indoordogpark.org/parks/tails-trails-dog-park-at-queeny-park-membership,https://stlouiscountymo.gov/st-louis-county-departments/parks/places/tails-trails-dog-park/,(314) 615-8472,St. Louis,MO,false
Creve Coeur Dog Park,,https://www.indoordogpark.org/parks/creve-coeur-dog-park,http://www.creve-coeur.org/index.aspx?NID=382,(314) 872-2510,Creve Coeur,MO,false
Forest Park Southeast Members Only Dog Park,,https://www.indoordogpark.org/parks/forest-park-southeast-members-only-dog-park,https://www.stlouis-mo.gov/parks/parks/browse-parks/amenity.cfm?id=504,,St. Louis,MO,false
Bluebird Dog Park,,https://www.indoordogpark.org/parks/bluebird-dog-park,https://ellisville.mo.us/233/Dog-Park-Events,(636) 227-7508,Ellisville,MO,false
SLU Dog Park & Sculpture Garden,,https://www.indoordogpark.org/parks/slu-dog-park-sculpture-garden,,,St. Louis,MO,false
Ozark Dog Park,,https://www.indoordogpark.org/parks/ozark-dog-park,https://www.arnoldmo.org/government/departments/parks-recreation/parks/paw-parks/,(636) 282-2380,Arnold,MO,false
Rotary Dog Park (Member Only),,https://www.indoordogpark.org/parks/rotary-dog-park-member-only,,(618) 233-1416,Belleville,MO,false
St. Johns Community Dog Park,,https://www.indoordogpark.org/parks/st-johns-community-dog-park,http://stjucc.org/,(314) 892-0848,St. Louis,MO,false
Eberwein Dog Park (Membership Required),,https://www.indoordogpark.org/parks/eberwein-dog-park-membership-required,https://www.chesterfield.mo.us/eberwein-park.html,(636) 537-4000,Chesterfield,MO,false
Kellogg Park-Maplewood membership only dog park,,https://www.indoordogpark.org/parks/kellogg-park-maplewood-membership-only-dog-park,https://www.cityofmaplewood.com/government/departments/dog_park/rules.php,(314) 655-3652,Maplewood,MO,false
Shaw Dog Park (Membership Only),,https://www.indoordogpark.org/parks/shaw-dog-park-membership-only,http://shawstlouis.org/attractions-amenities/shaw-dog-park/,(314) 771-3101,St. Louis,MO,false
Frenchtown Member's Only Dog Park,,https://www.indoordogpark.org/parks/frenchtown-member-s-only-dog-park,http://www.frenchtowndogpark.com/xxxx,,St. Louis,MO,false
DuSable Dog Park,,https://www.indoordogpark.org/parks/dusable-dog-park,http://www.stcharlesparks.com/facilities/dusable-dog-park/,(636) 949-3372,St Charles,MO,false
Lucas Dog Park (membership only),,https://www.indoordogpark.org/parks/lucas-dog-park-membership-only,http://www.lucasparkdogpark.org/,,St. Louis,MO,false
Cruse (Members Only) Dog Park Parking & Trailhead,,https://www.indoordogpark.org/parks/cruse-members-only-dog-park-parking-trailhead,https://www.parkboard.org/247/Cruse-Dog-Park,,Springfield,MO,false
Nixa Dog Park,,https://www.indoordogpark.org/parks/nixa-dog-park,https://www.nixaparks.com/wbwsc/webtrac.wsc/splash.html?ccode=NXDOGP&SessionID=82af2497d49fb1aa017357a6334d056fc4fee8c81f17d3a0deb508d6db90bb91af3d993da69b7e39527c6b4c3b0a0bc0b166a6607b8f992cf3d441dc50b69b99,(417) 725-5486,Nixa,MO,false
Twin Lakes Dog Park,,https://www.indoordogpark.org/parks/twin-lakes-dog-park,http://www.como.gov/ParksandRec/Parks_and_Facilities/dogrunningareas.php#twinlakes,(573) 874-7460,Columbia,MO,false
Garth Nature Area Dog Park,,https://www.indoordogpark.org/parks/garth-nature-area-dog-park,https://www.como.gov/parksandrec/park/garth-nature-area/,(573) 874-7460,Columbia,MO,false
Dog Park,,https://www.indoordogpark.org/parks/dog-park,https://www.como.gov/dog-parks-leash-free-areas/,,Columbia,MO,false
Twin Lakes Recreation Area,,https://www.indoordogpark.org/parks/twin-lakes-recreation-area,http://www.como.gov/ParksandRec/Parks/Twin_Lakes/index.php,(573) 874-7111,Columbia,MO,false
Fulton Dog Park,,https://www.indoordogpark.org/parks/fulton-dog-park,,(573) 592-3111,Fulton,MO,false
NOMA (North Main) Bark Park - Members only,,https://www.indoordogpark.org/parks/noma-north-main-bark-park-members-only,http://nomabarkpark.org/,,Columbia,MO,false
Warrenton Dog Park,,https://www.indoordogpark.org/parks/warrenton-dog-park,,,Warrenton,MO,false
Columbia Cosmopolitan Recreation Area (Cosmo Park),,https://www.indoordogpark.org/parks/columbia-cosmopolitan-recreation-area-cosmo-park,https://www.como.gov/parksandrec/park/columbia-cosmopolitan-recreation-area/,(573) 874-7460,Columbia,MO,false
Dog Park at Santa Fe Park,,https://www.indoordogpark.org/parks/dog-park-at-santa-fe-park,,,Independence,MO,false
Bark Park,,https://www.indoordogpark.org/parks/bark-park,https://www.cityofcottleville.com/parks-and-recreation/legacy-park/,(636) 498-6565,Cottleville,MO,false
Broemmelsiek Dog Park,,https://www.indoordogpark.org/parks/broemmelsiek-dog-park,https://rainoutline.com/search/extension/6367070011/1,,Wentzville,MO,false
Dogport Dog Park,,https://www.indoordogpark.org/parks/dogport-dog-park,http://www.marylandheights.com/dogport,(314) 738-2599,Maryland Heights,MO,false
Corby Dog Park,,https://www.indoordogpark.org/parks/corby-dog-park,http://www.stjoemo.info/Index.aspx?NID=235,(816) 271-5500,St Joseph,MO,false
City of St. Joseph Dog Park,,https://www.indoordogpark.org/parks/city-of-st-joseph-dog-park,https://www.cityofstjoseph.com/155/Animal-Control-Licensing,,St Joseph,MO,false
St. Joseph dog park,,https://www.indoordogpark.org/parks/st-joseph-dog-park,,,Benton Harbor,MO,false
Dog Park at Love's Travel Stops,,https://www.indoordogpark.org/parks/dog-park-at-love-s-travel-stops,https://www.loves.com/dogparks,(816) 279-8870,St Joseph,MO,false
East Side Sports Complex Dog Park,,https://www.indoordogpark.org/parks/east-side-sports-complex-dog-park,http://stcparks.org/,,St. Charles,MO,false
Woodstone Dog Park,,https://www.indoordogpark.org/parks/woodstone-dog-park,,,St Peters,MO,false
Wayside Park Unleashed Dog Park (membership only),,https://www.indoordogpark.org/parks/wayside-park-unleashed-dog-park-membership-only,http://www.fergusoncity.com/613/Wayside-Park,(314) 521-4661,St. Louis,MO,false
Ronald O. Thomas Dog Park,,https://www.indoordogpark.org/parks/ronald-o-thomas-dog-park,https://www.pittks.org/community/city-parks/,(620) 231-8310,Pittsburg,MO,false
The PARK Indoor Dog Park,,https://www.indoordogpark.org/parks/the-park-indoor-dog-park,https://www.theparkburlington.com/,(319) 759-5948,Burlington,MO,false
Dog Park at Love's Travel Stops,,https://www.indoordogpark.org/parks/dog-park-at-love-s-travel-stops,https://www.loves.com/dogparks,(417) 206-0684,Joplin,MO,false
Rolla Dog Park,,https://www.indoordogpark.org/parks/rolla-dog-park,https://www.rollamoparks.org/outdoor,(573) 426-6901,Rolla,MO,false
Joplin Dog Park,,https://www.indoordogpark.org/parks/joplin-dog-park,,,South Charleston,MO,false
Parr Hill Dog Park,,https://www.indoordogpark.org/parks/parr-hill-dog-park,http://joplinparks.org/,,Joplin,MO,false
Happy Hounds Playground - Membership Dog Park,,https://www.indoordogpark.org/parks/happy-hounds-playground-membership-dog-park,http://happyhoundsplayground.com/,(314) 456-8358,Grover,MO,false
Jefferson City Large Dog Park,,https://www.indoordogpark.org/parks/jefferson-city-large-dog-park,https://www.jcparks.com/facility/dog-park/,(573) 634-6482,Jefferson,MO,false
North Jefferson City Recreation Area,,https://www.indoordogpark.org/parks/north-jefferson-city-recreation-area,https://www.jcparks.com/park/north-jefferson-recreation-area/,(573) 634-6482,Jefferson City,MO,false
Riverside Dog Park,,https://www.indoordogpark.org/parks/riverside-dog-park,,,Murphysboro,MO,false
Meraki Paws N Play Indoor Dog Park and Social Club,,https://www.indoordogpark.org/parks/meraki-paws-n-play-indoor-dog-park-and-social-club,https://www.merakipawsnplay.com/,(480) 284-9508,Phoenix,MO,false
Wildwood Dog Park & Beach,,https://www.indoordogpark.org/parks/wildwood-dog-park-beach,http://www.facebook.com/wwdogpark,(609) 522-2444,Wildwood,MO,false
University City Dog Park (Membership Only),,https://www.indoordogpark.org/parks/university-city-dog-park-membership-only,https://www.ucitymo.org/855/University-City-Dog-Park,(314) 505-8560,University City,MO,false
Anderson Dog Park,,https://www.indoordogpark.org/parks/anderson-dog-park,https://www.libertymissouri.gov/2404/Parks,(816) 439-4360,Liberty,MO,false
Essex County Branch Brook Park Dog Park,,https://www.indoordogpark.org/parks/essex-county-branch-brook-park-dog-park,http://essexcountyparks.org/,(973) 268-3500,Newark,NJ,false
Urban Pups,,https://www.indoordogpark.org/parks/urban-pups,,,Jersey City,NJ,false
Viaduct Park Dog Park,,https://www.indoordogpark.org/parks/viaduct-park-dog-park,http://hobokennj.gov/,,Hoboken,NJ,false
Church Square Park Dog Park,,https://www.indoordogpark.org/parks/church-square-park-dog-park,http://www.hobokennj.gov/,,Hoboken,NJ,false
Brookdale Dog Park,,https://www.indoordogpark.org/parks/brookdale-dog-park,http://www.essex-countynj.org/p/index.php?section=dog,(973) 268-3500,UPR MONTCLAIR,NJ,false
Newport Dog Park,,https://www.indoordogpark.org/parks/newport-dog-park,,,Jersey City,NJ,false
Kearny Dog Park,,https://www.indoordogpark.org/parks/kearny-dog-park,http://kearnynj.org/,(201) 955-7983,Kearny,NJ,false
Watsessing Dog Park,,https://www.indoordogpark.org/parks/watsessing-dog-park,,,Bloomfield,NJ,false
Berry Lane Park Dog Run,,https://www.indoordogpark.org/parks/berry-lane-park-dog-run,,(201) 547-4449,Jersey City,NJ,false
Washington Park Dog Run,,https://www.indoordogpark.org/parks/washington-park-dog-run,,(201) 348-5700,Union City,NJ,false
Lincoln Park Dog Run,,https://www.indoordogpark.org/parks/lincoln-park-dog-run,,(201) 915-1388,Jersey City,NJ,false
Vailsburg Dog Park,,https://www.indoordogpark.org/parks/vailsburg-dog-park,,,Newark,NJ,false
Lyndhurst Dog Park,,https://www.indoordogpark.org/parks/lyndhurst-dog-park,,,Lyndhurst,NJ,false
Central Park County Dog Park,,https://www.indoordogpark.org/parks/central-park-county-dog-park,https://morriscountydogpark.com/central-dog-park/,(973) 326-7600,Morris Plains,NJ,false
Edison-Metuchen Community Dog Park,,https://www.indoordogpark.org/parks/edison-metuchen-community-dog-park,,,Edison,NJ,false
Dog Park,,https://www.indoordogpark.org/parks/dog-park,https://ucnj.org/parks-recreation/,,Roselle,NJ,false
West End Avenue Park,,https://www.indoordogpark.org/parks/west-end-avenue-park,,,Newark,NJ,false
Van Vorst Park Dog Run,,https://www.indoordogpark.org/parks/dog-park,,,Jersey City,NJ,false
West Side Park,,https://www.indoordogpark.org/parks/west-side-park,http://www.essex-countynj.org/p/index.php?section=parks/sites/west,(973) 268-3500,Newark,NJ,false
"The LI'L Woof Club, LLC.",,https://www.indoordogpark.org/parks/the-li-l-woof-club-llc,https://lilwoofclub.com/,(917) 828-4104,Bloomfield,NJ,false
K9 Nanni Dog Boarding & Dog Day Care Center,,https://www.indoordogpark.org/parks/k9-nanni-dog-boarding-dog-day-care-center,https://www.k9nanni.com/?utm_source=terrayn_gbp&utm_medium=organic&utm_campaign=new_arlington,(201) 998-9663,North Arlington,NJ,false
All About Paws,,https://www.indoordogpark.org/parks/all-about-paws,http://allaboutpawsnj.com/,(908) 355-0245,Hillside,NJ,false
Preferred Pet Care Inc.,,https://www.indoordogpark.org/parks/preferred-pet-care-inc,http://www.preferredpetcare.com/,(973) 762-7007,Maplewood,NJ,false
The Social Sniff,,https://www.indoordogpark.org/parks/the-social-sniff,https://www.thesocialsniff.com/,(201) 388-4595,Harrison,NJ,false
Boxer & Dane Pet Hotel & Doggy Daycare,,https://www.indoordogpark.org/parks/boxer-dane-pet-hotel-doggy-daycare,http://www.boxeranddane.com/,(201) 600-6980,North Arlington,NJ,false
Allforthewag,,https://www.indoordogpark.org/parks/allforthewag,http://www.allforthewag.com/,,Jersey City,NJ,false
K9dergarten,,https://www.indoordogpark.org/parks/k9dergarten,http://www.k9dergarten.com/,(201) 435-8700,Jersey City,NJ,false
The Barker Lounge,,https://www.indoordogpark.org/parks/the-barker-lounge,http://www.thebarkerlounge.com/,(908) 276-6000,Cranford,NJ,false
Dusty's Dog House,,https://www.indoordogpark.org/parks/dusty-s-dog-house,http://dustysdoghouse.com/,(201) 436-3000,Bayonne,NJ,false
Paws & Tales Doggy Playgroup,,https://www.indoordogpark.org/parks/paws-tales-doggy-playgroup,http://www.pawsandtales.dog/,(201) 936-9153,Jersey City,NJ,false
The Doggie Playhouse,,https://www.indoordogpark.org/parks/the-doggie-playhouse,http://thedoggieplayhouse.com/,(302) 456-3647,Newark,NJ,false
Pups @ Play Montclair,,https://www.indoordogpark.org/parks/pups-play-montclair,https://pupsatplay.net/?utm_source=gmb&utm_medium=Yext&cp=9734005887&y_source=1_MjI0OTkwOTYtNzE1LWxvY2F0aW9uLndlYnNpdGU%3D,(973) 400-5887,Montclair,NJ,false
VIPuppy Spa,,https://www.indoordogpark.org/parks/vipuppy-spa,http://www.vipuppyspa.com/,(908) 522-1630,Summit,NJ,false
"Doggie Paradise - Daycare, Boarding & Grooming",,https://www.indoordogpark.org/parks/doggie-paradise-daycare-boarding-grooming,https://doggieparadise.us/,(973) 574-8855,Wallington,NJ,false
Executive Dog Lounge,,https://www.indoordogpark.org/parks/executive-dog-lounge,,(201) 451-0672,Jersey City,NJ,false
Jersey Dogs,,https://www.indoordogpark.org/parks/jersey-dogs,http://www.jerseydogs.net/,(973) 280-0653,Bloomfield,NJ,false
Four Paws Stay & Play,,https://www.indoordogpark.org/parks/four-paws-stay-play,http://www.fourpawsstayandplay.com/,(973) 746-6773,Verona,NJ,false
Fur Seasons Dog Resort & Spa,,https://www.indoordogpark.org/parks/fur-seasons-dog-resort-spa,https://furseasonsdogresort.com/,(201) 360-0038,Jersey City,NJ,false
Camp Bow Wow Delaware North,,https://www.indoordogpark.org/parks/camp-bow-wow-delaware-north,https://www.campbowwow.com/delaware-north/,(302) 532-1198,Newark,NJ,false
Rover Ranch & Spa,,https://www.indoordogpark.org/parks/rover-ranch-spa,http://roverranchandspa.com/,(973) 439-9663,Fairfield,NJ,false
CuddlyTails,,https://www.indoordogpark.org/parks/cuddlytails,http://cuddlytails.com/,(551) 226-1561,Jersey City,NJ,false
Anything's Pawsible,,https://www.indoordogpark.org/parks/anything-s-pawsible,http://www.anythingspawsiblenj.com/,(551) 256-1532,Jersey City,NJ,false
K9 Resorts Luxury Pet Hotel Fairfield,,https://www.indoordogpark.org/parks/k9-resorts-luxury-pet-hotel-fairfield,https://www.k9resorts.com/fairfield/,(973) 756-3815,Fairfield,NJ,false
Woof and Fur,,https://www.indoordogpark.org/parks/woof-and-fur,http://woofandfur.com/,(201) 349-3824,Harrison,NJ,false
Room pet friendly,,https://www.indoordogpark.org/parks/room-pet-friendly,,(917) 873-6979,Newark,NJ,false
Mr. Caco Dog Hotel,,https://www.indoordogpark.org/parks/mr-caco-dog-hotel,,(914) 349-3252,Newark,NJ,false
We Are One K9 Training,,https://www.indoordogpark.org/parks/we-are-one-k9-training,https://www.weareonek9training.com/,(347) 863-6335,Jersey City,NJ,false
Hudson Barks,,https://www.indoordogpark.org/parks/hudson-barks,https://www.hudsonbarks.com/,(201) 381-7084,Jersey City,NJ,false
Supreme K9 Dog Training & Advocacy,,https://www.indoordogpark.org/parks/supreme-k9-dog-training-advocacy,http://supremek9training.com/,(973) 310-2920,Union City,NJ,false
Tanattus K9 - Dog Spa and Training School,,https://www.indoordogpark.org/parks/tanattus-k9-dog-spa-and-training-school,https://tanattusk9.com/,(973) 289-5756,Bloomfield,NJ,false
Garden State K9,,https://www.indoordogpark.org/parks/garden-state-k9,https://gardenstatek9.com/,(888) 318-1055,Succasunna,NJ,false
Puppy University,,https://www.indoordogpark.org/parks/puppy-university,https://puppyuniversityusa.com/,(201) 272-9442,Union City,NJ,false
Doggie Dharma,,https://www.indoordogpark.org/parks/doggie-dharma,https://www.doggiedharma.net/,(347) 944-0697,Kenilworth,NJ,false
Houndstooth Canine Training,,https://www.indoordogpark.org/parks/houndstooth-canine-training,http://houndstoothtraining.com/,(973) 271-1621,Summit,NJ,false
Off Leash K9 Training,,https://www.indoordogpark.org/parks/off-leash-k9-training,http://www.northernnjdogtrainers.com/,(201) 503-5959,Ringwood,NJ,false
John Soares K9 Training,,https://www.indoordogpark.org/parks/john-soares-k9-training,https://johnsoaresk9training.com/?utm_campaign=gmb,(973) 506-4644,Ringwood,NJ,false
Flippin' Pawsome Dog Training & Care,,https://www.indoordogpark.org/parks/flippin-pawsome-dog-training-care,,(973) 714-5520,Newark,NJ,false
Academy of Dog Training and Agility,,https://www.indoordogpark.org/parks/academy-of-dog-training-and-agility,http://www.academyofdogtraining.com/,(302) 588-7665,Newark,NJ,false
Rosa's K-9 Training,,https://www.indoordogpark.org/parks/rosa-s-k-9-training,http://www.rosask9training.com/,(201) 240-5241,Jersey City,NJ,false
Fido Fidelis Dog Training,,https://www.indoordogpark.org/parks/fido-fidelis-dog-training,http://fidofidelisdogtrainingnj.hibuwebsites.com/,(201) 846-9047,Rutherford,NJ,false
A Bark Away NJ,,https://www.indoordogpark.org/parks/a-bark-away-nj,https://www.abarkawaynj.com/,(716) 573-6015,Jersey City,NJ,false
PetSmart Dog Training,,https://www.indoordogpark.org/parks/petsmart-dog-training,https://stores.petsmart.com/nj/kearny/kearny-nj/dog-training?utm_source=google&utm_medium=organic&utm_campaign=google-my-business,(201) 428-2864,Kearny,NJ,false
Paws for Thought Dog Training Jersey City,,https://www.indoordogpark.org/parks/paws-for-thought-dog-training-jersey-city,https://www.pawsforthoughttraining.com/,(914) 863-1656,Jersey City,NJ,false
NJ DOGS Training LLC.,,https://www.indoordogpark.org/parks/nj-dogs-training-llc,http://njdogstc.com/,(908) 777-1145,Howell Township,NJ,false
Bully Zone Pet Supplies & Pet Grooming,,https://www.indoordogpark.org/parks/bully-zone-pet-supplies-pet-grooming,https://www.bullyzonepetsupplies.com/,(973) 732-9002,Newark,NJ,false
Fluffy Paws Dog Grooming,,https://www.indoordogpark.org/parks/fluffy-paws-dog-grooming,,(973) 573-5596,Newark,NJ,false
Wag Swag Grooming,,https://www.indoordogpark.org/parks/wag-swag-grooming,http://bookaswaggrooming.com/,(855) 954-3326,Newark,NJ,false
Pet Crew Pet Shop,,https://www.indoordogpark.org/parks/pet-crew-pet-shop,https://petcrewpetshop.com/,(973) 270-0366,Newark,NJ,false
Chic Doggie the grooming studio,,https://www.indoordogpark.org/parks/chic-doggie-the-grooming-studio,https://help.instagram.com/1419650861499317/?helpref=uf_share,(201) 668-6508,Newark,NJ,false
Doggie Spa,,https://www.indoordogpark.org/parks/doggie-spa,,(973) 491-2600,Newark,NJ,false
Ironbound Pet Shop,,https://www.indoordogpark.org/parks/ironbound-pet-shop,,(973) 344-0475,Newark,NJ,false
LUV 4 PUPS Pet Grooming,,https://www.indoordogpark.org/parks/luv-4-pups-pet-grooming,,(973) 759-4423,Belleville,NJ,false
OH My Dog,,https://www.indoordogpark.org/parks/oh-my-dog,http://www.ohmydog.pet/,(201) 991-3100,Kearny,NJ,false
Paws and Suds Mobile Pet Grooming,,https://www.indoordogpark.org/parks/paws-and-suds-mobile-pet-grooming,https://www.pawsandsuds.com/,(201) 948-7043,Irvington,NJ,false
The Dog House Pet Salon,,https://www.indoordogpark.org/parks/the-dog-house-pet-salon,,(732) 799-5865,Kearny,NJ,false
Quibus Paws Pet Grooming Salon,,https://www.indoordogpark.org/parks/quibus-paws-pet-grooming-salon,http://www.quibuspaws.info/,(908) 351-4622,Elizabeth,NJ,false
Bubbles & Bath Pet Grooming Spa,,https://www.indoordogpark.org/parks/bubbles-bath-pet-grooming-spa,,(973) 761-5000,Maplewood,NJ,false
Chilltown Pet Spa,,https://www.indoordogpark.org/parks/chilltown-pet-spa,http://www.chilltownpetspa.com/,(973) 751-0342,Belleville,NJ,false
Jersey City Paws,,https://www.indoordogpark.org/parks/jersey-city-paws,https://jcpaws.com/,(551) 689-9331,Jersey City,NJ,false
Bubbly Paws,,https://www.indoordogpark.org/parks/bubbly-paws,https://www.bubblypaws.com/harrison,(201) 777-4436,Harrison,NJ,false
Animal Kingdom,,https://www.indoordogpark.org/parks/animal-kingdom,http://www.animalkingdompets.com/,(973) 673-1252,East Orange,NJ,false
K9 Resorts Luxury Pet Hotel Scotch Plains - Fanwood (Original Location),,https://www.indoordogpark.org/parks/k9-resorts-luxury-pet-hotel-scotch-plains-fanwood-original-location,https://www.k9resorts.com/scotch-plains-fanwood/,(908) 386-4418,Fanwood,NJ,false
K9 Resorts Luxury Pet Hotel Emerson,,https://www.indoordogpark.org/parks/k9-resorts-luxury-pet-hotel-emerson,https://www.k9resorts.com/emerson/,(201) 298-8339,Emerson,NJ,false
K9 Resorts Luxury Pet Hotel Roxbury,,https://www.indoordogpark.org/parks/k9-resorts-luxury-pet-hotel-roxbury,https://www.k9resorts.com/roxbury/,(973) 453-0924,Succasunna,NJ,false
K9 Resorts Luxury Pet Hotel Madison,,https://www.indoordogpark.org/parks/k9-resorts-luxury-pet-hotel-madison,https://www.k9resorts.com/madison/,(973) 756-3717,Madison,NJ,false
K9 Resorts Luxury Pet Hotel Hamilton,,https://www.indoordogpark.org/parks/k9-resorts-luxury-pet-hotel-hamilton,https://www.k9resorts.com/hamilton/,(609) 546-4233,Hamilton Township,NJ,false
The Madison Dog Resort & Spa,,https://www.indoordogpark.org/parks/the-madison-dog-resort-spa,http://themadisondogresort.com/,(973) 832-7711,Wayne,NJ,false
Clubcanine pet resort,,https://www.indoordogpark.org/parks/clubcanine-pet-resort,,(973) 504-6370,Newark,NJ,false
K9 Resorts Luxury Pet Hotel East Brunswick,,https://www.indoordogpark.org/parks/k9-resorts-luxury-pet-hotel-east-brunswick,https://www.k9resorts.com/east-brunswick/,(732) 624-6297,East Brunswick,NJ,false
K9 Resorts Luxury Pet Hotel Cherry Hill,,https://www.indoordogpark.org/parks/k9-resorts-luxury-pet-hotel-cherry-hill,https://www.k9resorts.com/cherry-hill/,(856) 322-8044,Cherry Hill Township,NJ,false
All American Pet Resorts North Brunswick,,https://www.indoordogpark.org/parks/all-american-pet-resorts-north-brunswick,https://www.allamericanpetresorts.com/north-brunswick/,(732) 314-7272,North Brunswick Township,NJ,false
Elizabeth Ann Kennels,,https://www.indoordogpark.org/parks/elizabeth-ann-kennels,http://eakennels.com/,(908) 604-4200,Stirling,NJ,false
Bellawood Kennels,,https://www.indoordogpark.org/parks/bellawood-kennels,http://www.bellawoodkennels.com/,(302) 738-0864,Newark,NJ,false
South Mountain Dog Park,,https://www.indoordogpark.org/parks/south-mountain-dog-park,,(973) 268-3500,Millburn,NJ,false
Common Thread Park,,https://www.indoordogpark.org/parks/common-thread-park,,,Newark,NJ,false
Jemmy's Dog Run,,https://www.indoordogpark.org/parks/jemmy-s-dog-run,https://www.madisonsquarepark.org/mad-sq-dogs,(212) 520-7600,New York,NJ,false
Playtime Doggie Daycare & Pet Salon,,https://www.indoordogpark.org/parks/playtime-doggie-daycare-pet-salon,http://www.playtimedoggiedaycare.com/,(302) 368-3100,Newark,NJ,false
Dogtopia of Union,,https://www.indoordogpark.org/parks/dogtopia-of-union,https://www.dogtopia.com/union-newjersey/,(908) 774-1400,Union,NJ,false
Dog Grooming & Daycare Hoboken - Playful Paws USA,,https://www.indoordogpark.org/parks/dog-grooming-daycare-hoboken-playful-paws-usa,http://www.playfulpawsusa.com/,(844) 729-7227,Hoboken,NJ,false
Shipyard Park Dog Park,,https://www.indoordogpark.org/parks/shipyard-park-dog-park,http://hobokennj.gov/,,Hoboken,NJ,false
West New York Dog Park,,https://www.indoordogpark.org/parks/west-new-york-dog-park,,,West New York,NJ,false
108 First Street Dog Park,,https://www.indoordogpark.org/parks/108-first-street-dog-park,,,Jersey City,NJ,false
Van Vorst Park,,https://www.indoordogpark.org/parks/van-vorst-park,http://www.cityofjerseycity.com/,(201) 547-4449,Jersey City,NJ,false
Lighthouse Dog Run,,https://www.indoordogpark.org/parks/lighthouse-dog-run,,,Jersey City,NJ,false
Marin Green Dog Park,,https://www.indoordogpark.org/parks/marin-green-dog-park,,,Jersey City,NJ,false
Catch Air Jersey City,,https://www.indoordogpark.org/parks/catch-air-jersey-city,https://catchair.com/geo_location/jersey-city-nj/,(201) 273-9457,Jersey City,NJ,false
Dog park,,https://www.indoordogpark.org/parks/dog-park,,,Jersey City,NJ,false
Pier 6 Dog Run,,https://www.indoordogpark.org/parks/pier-6-dog-run,http://www.brooklynbridgepark.org/places/dog-runs-1,(617) 337-0054,Brooklyn,NJ,false
North Hudson County Park - Dog Park,,https://www.indoordogpark.org/parks/north-hudson-county-park-dog-park,,,North Bergen,NJ,false
Dog Park,,https://www.indoordogpark.org/parks/dog-park,,,Weehawken,NJ,false
Dog Park,,https://www.indoordogpark.org/parks/dog-park,,,Jersey City,NJ,false
Tamed Paw's Dog Daycare and Dog Sitting,,https://www.indoordogpark.org/parks/tamed-paw-s-dog-daycare-and-dog-sitting,http://tamedpaws.com/,(201) 969-6538,Jersey City,NJ,false
Palisades Pups,,https://www.indoordogpark.org/parks/palisades-pups,http://www.palisadespups.net/,(201) 656-0959,Jersey City,NJ,false
Camp Bow Wow Hoboken,,https://www.indoordogpark.org/parks/camp-bow-wow-hoboken,https://www.campbowwow.com/hoboken/,(201) 800-6309,Hoboken,NJ,false
Urban Dog/Hoboken Happy Paws,,https://www.indoordogpark.org/parks/urban-dog-hoboken-happy-paws,http://www.urbandog.co/,(201) 725-7359,Hoboken,NJ,false
"Urban Dog / Fuzzybutz Dog Grooming, Dog Walking, Daycare and Boarding",,https://www.indoordogpark.org/parks/urban-dog-fuzzybutz-dog-grooming-dog-walking-daycare-and-boarding,http://www.urbandog.co/,(201) 798-5111,Hoboken,NJ,false
Liberty Dog Walking & Pet Sitting,,https://www.indoordogpark.org/parks/liberty-dog-walking-pet-sitting,https://www.libertydogwalking.com/,(914) 687-1629,Jersey City,NJ,false
Allforthewag Bergen Lafayette,,https://www.indoordogpark.org/parks/allforthewag-bergen-lafayette,https://www.allforthewag.com/,(844) 484-3924,Jersey City,NJ,false
Dogboken of Hoboken,,https://www.indoordogpark.org/parks/dogboken-of-hoboken,http://www.dogboken.com/,(917) 699-1513,Hoboken,NJ,false
Furever Fresh Dog Grooming + Day Care,,https://www.indoordogpark.org/parks/furever-fresh-dog-grooming-day-care,https://www.fureverfresh.com/,(201) 579-0047,Jersey City,NJ,false
Trusty Tails Pet Care,,https://www.indoordogpark.org/parks/trusty-tails-pet-care,http://www.trustytails.com/,(201) 446-1559,Hoboken,NJ,false
Happy Paws,,https://www.indoordogpark.org/parks/happy-paws,,(201) 598-2809,Jersey City,NJ,false
PetHotels.com - Jersey City Dog Boarding,,https://www.indoordogpark.org/parks/pethotels-com-jersey-city-dog-boarding,https://pethotels.com/us/nj/north-jersey/jersey-city/pet-boarding,(201) 940-1374,Jersey City,NJ,false
Downtown Woody's Grooming,,https://www.indoordogpark.org/parks/downtown-woody-s-grooming,http://downtownwoodys.com/,(201) 533-9900,Jersey City,NJ,false
WaggyButts Mobile Pet Grooming,,https://www.indoordogpark.org/parks/waggybutts-mobile-pet-grooming,,(201) 626-8054,Jersey City,NJ,false
Glamour Pet Salon & Spa,,https://www.indoordogpark.org/parks/glamour-pet-salon-spa,http://www.glamourpetsalon.com/,(201) 918-6478,Jersey City,NJ,false
Ruff to Fluff Bar Jersey City,,https://www.indoordogpark.org/parks/ruff-to-fluff-bar-jersey-city,https://rufftofluffbar.com/,(888) 738-9993,Jersey City,NJ,false
The Grooming S’paw,,https://www.indoordogpark.org/parks/the-grooming-s-paw,https://likehomepetcarejc.petssl.com/account,(201) 920-0004,Jersey City,NJ,false
Fluffy Paws Grooming JC,,https://www.indoordogpark.org/parks/fluffy-paws-grooming-jc,http://www.fluffypawsjc.com/,(551) 263-4274,Jersey City,NJ,false
BARKY WAY,,https://www.indoordogpark.org/parks/barky-way,http://barkyway.com/,(201) 744-2516,Jersey City,NJ,false
Paws & Go,,https://www.indoordogpark.org/parks/paws-go,http://pawsandgo.dog/,(201) 855-6833,Jersey City,NJ,false
Paws and Suds Pet Grooming,,https://www.indoordogpark.org/parks/paws-and-suds-pet-grooming,http://www.pawsandsuds.com/,(201) 360-0161,Union City,NJ,false
Le Petit Shampoodle,,https://www.indoordogpark.org/parks/le-petit-shampoodle,https://lepetitshampoodle.com/,(201) 400-3490,Jersey City,NJ,false
Furever Fresh Dog Grooming,,https://www.indoordogpark.org/parks/furever-fresh-dog-grooming,http://www.fureverfresh.com/,(201) 500-7696,Hoboken,NJ,false
Bergen Bark & Bath,,https://www.indoordogpark.org/parks/bergen-bark-bath,,(201) 685-7467,Jersey City,NJ,false
Fetch Family Pet Resort,,https://www.indoordogpark.org/parks/fetch-family-pet-resort,http://www.fetchresort.com/?utm_source=googlemb&utm_medium=organic&utm_campaign=weblink&utm_content=home,(856) 553-4755,Sewell,NJ,false
K9 Resorts Luxury Pet Hotel Middletown,,https://www.indoordogpark.org/parks/k9-resorts-luxury-pet-hotel-middletown,https://www.k9resorts.com/middletown/,(732) 655-6372,Middletown Township,NJ,false
The Pet Spa & Resort,,https://www.indoordogpark.org/parks/the-pet-spa-resort,http://www.petsparesort.com/?y_source=1_MTE2NjkwOTYtNzE1LWxvY2F0aW9uLndlYnNpdGU%3D,(973) 928-7549,Franklin,NJ,false
Casa De Boop,,https://www.indoordogpark.org/parks/casa-de-boop,https://casadeboop.com/,(917) 918-0881,Jersey City,NJ,false
Pawfessional Pet Care,,https://www.indoordogpark.org/parks/pawfessional-pet-care,,(201) 779-2236,Jersey City,NJ,false
Veterinaire Pet Care,,https://www.indoordogpark.org/parks/veterinaire-pet-care,https://veterinairepetcare.com/,(201) 839-6939,Jersey City,NJ,false
Newport Pier Dog Run,,https://www.indoordogpark.org/parks/newport-pier-dog-run,,,Jersey City,NJ,false
Lincoln Park Mini Dog Run,,https://www.indoordogpark.org/parks/lincoln-park-mini-dog-run,,,Jersey City,NJ,false
Public Dog Run,,https://www.indoordogpark.org/parks/public-dog-run,,,Jersey City,NJ,false
Paws & Play Dog Park,,https://www.indoordogpark.org/parks/paws-play-dog-park,https://www.lodi-nj.org/p/paws-play-dog-park,,Lodi,NJ,false
Dog Park,,https://www.indoordogpark.org/parks/dog-park,,,Paterson,NJ,false
Barking Barney's Doggie Daycare,,https://www.indoordogpark.org/parks/barking-barney-s-doggie-daycare,https://www.barkingbarneysdogcare.com/,(973) 955-2654,Clifton,NJ,false
Camp Bow Wow Elmwood Park,,https://www.indoordogpark.org/parks/camp-bow-wow-elmwood-park,https://www.campbowwow.com/elmwood-park/,(201) 733-4893,Elmwood Park,NJ,false
PAWtastic Academy - Hawthorne,,https://www.indoordogpark.org/parks/pawtastic-academy-hawthorne,http://pawtasticacademy.com/,(908) 275-1945,Hawthorne,NJ,false
The Doggie Lodge,,https://www.indoordogpark.org/parks/the-doggie-lodge,https://thedoggielodge.com/,(201) 788-1095,Fair Lawn,NJ,false
The Madison Dog Resort & Spa - Hawthorne,,https://www.indoordogpark.org/parks/the-madison-dog-resort-spa-hawthorne,http://themadisondogresort.com/,(973) 949-3653,Hawthorne,NJ,false
The Madison Dog Resort & Spa,,https://www.indoordogpark.org/parks/the-madison-dog-resort-spa,http://www.themadisondogresort.com/,(201) 445-7297,Waldwick,NJ,false
Camp Bow Wow,,https://www.indoordogpark.org/parks/camp-bow-wow,https://www.campbowwow.com/midland-park/,(201) 882-0186,Midland Park,NJ,false
LePooch Chateau,,https://www.indoordogpark.org/parks/lepooch-chateau,https://lepoochchateau.com/,(201) 370-2281,East Rutherford,NJ,false
"Peaceful Pups Dog Care, LLC",,https://www.indoordogpark.org/parks/peaceful-pups-dog-care-llc,http://peacefulpupsdogcare.com/,(551) 265-7229,Dumont,NJ,false
Luxurydogwatch pet services,,https://www.indoordogpark.org/parks/luxurydogwatch-pet-services,,,Paterson,NJ,false
A Dog's World,,https://www.indoordogpark.org/parks/a-dog-s-world,,(973) 304-4044,Hawthorne,NJ,false
Hounds Town Bergen,,https://www.indoordogpark.org/parks/hounds-town-bergen,https://houndstownusa.com/locations/bergen-county/?utm_source=google&utm_medium=map&utm_id=lodi-nj,(973) 773-3647,Lodi,NJ,false
Tanner's Canine Resort,,https://www.indoordogpark.org/parks/tanner-s-canine-resort,https://www.tannerscanineresort.com/,(201) 499-4090,Waldwick,NJ,false
Pet Lodge and Day Spa,,https://www.indoordogpark.org/parks/pet-lodge-and-day-spa,http://www.thepetlodgeandspa.com/,(201) 666-4441,River Vale,NJ,false
Medican.Paws,,https://www.indoordogpark.org/parks/medican-paws,http://qrco.de/bcBe4u,(347) 391-9765,Fair Lawn,NJ,false
Golden Paws Pet Resort & Spa,,https://www.indoordogpark.org/parks/golden-paws-pet-resort-spa,https://goldenpawspetresort.com/?utm_source=GMB&utm_medium=organic&utm_campaign=1SEO_SM_GMB,(609) 259-1900,Robbinsville Twp,NJ,false
Paw Pals,,https://www.indoordogpark.org/parks/paw-pals,http://www.pawpalslove.com/,(845) 444-2255,Nanuet,NJ,false
P.I. Paws,,https://www.indoordogpark.org/parks/p-i-paws,http://www.pipaws.com/,(201) 766-1392,Weehawken Township,NJ,false
Peace Love & Paws,,https://www.indoordogpark.org/parks/peace-love-paws,,(570) 290-0951,Paterson,NJ,false
First Class Canine Training,,https://www.indoordogpark.org/parks/first-class-canine-training,https://firstclasscaninetraining.com/,(201) 983-3527,Elmwood Park,NJ,false
Kathy Santo Dog Training,,https://www.indoordogpark.org/parks/kathy-santo-dog-training,http://kathysantodogtraining.com/,(201) 512-8316,Waldwick,NJ,false
Petco Dog Training,,https://www.indoordogpark.org/parks/petco-dog-training,https://stores.petco.com/nj/totowa/dog-training-totowa-nj-2794.html,(973) 237-9451,Totowa,NJ,false
"Packman to the Rescue, K9 Solutions & Coaching",,https://www.indoordogpark.org/parks/packman-to-the-rescue-k9-solutions-coaching,http://www.packmantotherescue.com/,,Little Falls Township,NJ,false
First Dog Training Club,,https://www.indoordogpark.org/parks/first-dog-training-club,http://firstdog.org/,(201) 722-0001,Westwood,NJ,false
Smart Paws Dog Training,,https://www.indoordogpark.org/parks/smart-paws-dog-training,https://www.smartpawsdogs.com/,(973) 559-3244,Montclair,NJ,false
LECA,,https://www.indoordogpark.org/parks/leca,http://lecaacademy.com/,(877) 381-5322,Woodland Park,NJ,false
Sport Training Center,,https://www.indoordogpark.org/parks/sport-training-center,https://www.leaguelineup.com/welcome.asp?url=stc4u,(973) 943-3008,Paterson,NJ,false
"Canine Partnership Dog Training ,Nose Work & Trac",,https://www.indoordogpark.org/parks/canine-partnership-dog-training-nose-work-trac,http://caninepartnership.com/,(908) 334-1941,Flemington,NJ,false
MontClair Psychic School,,https://www.indoordogpark.org/parks/montclair-psychic-school,https://www.montclairpsychicschool.com/,(973) 925-4191,Clifton,NJ,false
"P.A.T. Pet Services, LLC",,https://www.indoordogpark.org/parks/p-a-t-pet-services-llc,,(201) 937-6123,Little Falls Township,NJ,false
Petstop grooming salon,,https://www.indoordogpark.org/parks/petstop-grooming-salon,,(862) 257-0045,Prospect Park,NJ,false
Elegant Pet,,https://www.indoordogpark.org/parks/elegant-pet,https://shidog.com/explore/elegant-pet/,(201) 475-0030,Elmwood Park,NJ,false
Clips N' Snips,,https://www.indoordogpark.org/parks/clips-n-snips,http://clipsnsnips.com/,(862) 239-1777,Clifton,NJ,false
Furrs N' Purrs,,https://www.indoordogpark.org/parks/furrs-n-purrs,https://instagram.com/furrsnpurrsgrooming?igshid=NGVhN2U2NjQ0Yg==,(973) 279-8787,Clifton,NJ,false
D and G pups,,https://www.indoordogpark.org/parks/d-and-g-pups,http://eastcoastpuppies.com/,(973) 652-7758,Paterson,NJ,false
Bubble Bubble Dog Grooming & Spa,,https://www.indoordogpark.org/parks/bubble-bubble-dog-grooming-spa,https://localdogwalkers.net/explore/bubble-bubble-dog-grooming-spa/,(973) 238-0808,North Haledon,NJ,false
Wet Nose Pet Grooming,,https://www.indoordogpark.org/parks/wet-nose-pet-grooming,https://wetnosepetgrooming.top/,(201) 935-6673,East Rutherford,NJ,false
Pet Styles By Monika,,https://www.indoordogpark.org/parks/pet-styles-by-monika,http://petsstyles.com/,(973) 956-5590,Totowa,NJ,false
Smooch A Pooch Grooming,,https://www.indoordogpark.org/parks/smooch-a-pooch-grooming,http://smoochapoochgrooming.com/,(973) 837-8119,Woodland Park,NJ,false
Rub A Dub Doggie,,https://www.indoordogpark.org/parks/rub-a-dub-doggie,http://rubadubdoggie.weebly.com/,(973) 423-5088,Hawthorne,NJ,false
Diamonds In The Ruff Pet Grooming LLC,,https://www.indoordogpark.org/parks/diamonds-in-the-ruff-pet-grooming-llc,https://wvet.net/explore/diamonds-in-the-ruff-pet-grooming-llc/,(973) 996-0077,Woodland Park,NJ,false
Puppies & Tattoos,,https://www.indoordogpark.org/parks/puppies-tattoos,http://facebook.com/puppiestattoos,(551) 804-0172,Fair Lawn,NJ,false
"Jennifur's Pet Spa, LLC",,https://www.indoordogpark.org/parks/jennifur-s-pet-spa-llc,https://www.facebook.com/JennifursPetSpa,(973) 427-0505,Hawthorne,NJ,false
Marlene's Dog Grooming,,https://www.indoordogpark.org/parks/marlene-s-dog-grooming,http://marlenesgroomingse.wixsite.com/info,(973) 925-5688,Woodland Park,NJ,false
Bows N Paws Pet Studio,,https://www.indoordogpark.org/parks/bows-n-paws-pet-studio,http://www.bowsnpawsnj.com/,(973) 246-4838,Clifton,NJ,false
Rovers Makeovers,,https://www.indoordogpark.org/parks/rovers-makeovers,http://www.roversmakeovers.com/,(973) 638-1900,Woodland Park,NJ,false
My Loyal Pup’s Grooming Studio,,https://www.indoordogpark.org/parks/my-loyal-pup-s-grooming-studio,,(201) 682-7124,Wayne,NJ,false
Paramus Puppy Spa,,https://www.indoordogpark.org/parks/paramus-puppy-spa,https://paramuspuppyspa.com/,(201) 880-4146,Paramus,NJ,false
Paw Couture Pet Grooming & Boutique,,https://www.indoordogpark.org/parks/paw-couture-pet-grooming-boutique,https://www.instagram.com/paw_couture_new/profilecard/?igsh=MWFjZGtpbDY3MXdodA==,(973) 706-4387,Totowa,NJ,false
River Pet Resort & Rehab,,https://www.indoordogpark.org/parks/river-pet-resort-rehab,http://www.riverpet.com/,(201) 945-8500,Edgewater,NJ,false
All Seasons Pet Resort,,https://www.indoordogpark.org/parks/all-seasons-pet-resort,http://allseasonspetresort.com/,(732) 431-4425,Freehold Township,NJ,false
Green Leaf Pet Resort Ocean,,https://www.indoordogpark.org/parks/green-leaf-pet-resort-ocean,http://www.greenleafpetresort.com/,(732) 272-0800,Oakhurst,NJ,false
Manor Crest Kennel,,https://www.indoordogpark.org/parks/manor-crest-kennel,http://www.manorcrestkennels.com/,(201) 444-2814,Paramus,NJ,false
Northcliff Kennels,,https://www.indoordogpark.org/parks/northcliff-kennels,http://www.northcliffkennels.com/,(973) 786-5250,Andover,NJ,false
Sova Animal Hospital-Paterson,,https://www.indoordogpark.org/parks/sova-animal-hospital-paterson,http://www.sovavet.com/,(973) 881-0430,Paterson,NJ,false
Country Pet Lodge,,https://www.indoordogpark.org/parks/country-pet-lodge,https://countrypetlodge.com/,(856) 784-4559,Lindenwold,NJ,false
Hal Wheeler School For Dogs,,https://www.indoordogpark.org/parks/hal-wheeler-school-for-dogs,http://www.halwheelers.com/,(973) 256-0694,Cedar Grove,NJ,false
The Dog House Kennel,,https://www.indoordogpark.org/parks/the-dog-house-kennel,http://www.21homestead.com/,(908) 439-2573,Pottersville,NJ,false
Blue Cross Dog & Cat Hospital,,https://www.indoordogpark.org/parks/blue-cross-dog-cat-hospital,http://www.sovavet.com/,(973) 881-0430,Paterson,NJ,false
Petco Play,,https://www.indoordogpark.org/parks/petco-play,http://www.petco.com/,(973) 237-9451,Totowa,NJ,false
Purr'n Pooch Pet Resort,,https://www.indoordogpark.org/parks/purr-n-pooch-pet-resort,http://www.purrnpooch.com/,(732) 842-4949,Tinton Falls,NJ,false
J & J Pet Care Inc.,,https://www.indoordogpark.org/parks/j-j-pet-care-inc,http://www.jandjpetcare.com/,(800) 601-0902,West New York,NJ,false
Dogs on the Farm & Cats Too,,https://www.indoordogpark.org/parks/dogs-on-the-farm-cats-too,https://www.dogsonthefarm.com/,(732) 876-9371,Atlantic Highlands,NJ,false
Lexington Dog Park,,https://www.indoordogpark.org/parks/lexington-dog-park,,,Linden,NJ,false
Echo Lake Dog Park,,https://www.indoordogpark.org/parks/echo-lake-dog-park,,,Mountainside,NJ,false
Warinanco Park,,https://www.indoordogpark.org/parks/warinanco-park,http://ucnj.org/parks-activities/warinanco-park-photos/,(908) 527-4000,Roselle,NJ,false
Warinanco Sports Center,,https://www.indoordogpark.org/parks/warinanco-sports-center,https://warinancopark.com/,(908) 298-7849,Roselle,NJ,false
Colonial Dog Park,,https://www.indoordogpark.org/parks/colonial-dog-park,,(732) 873-2459,Somerset,NJ,false
Woodbridge Dog Park,,https://www.indoordogpark.org/parks/woodbridge-dog-park,https://www.twp.woodbridge.nj.us/861/Dog-Park,(732) 855-0600,Sewaren,NJ,false
Central Bark Dog Park,,https://www.indoordogpark.org/parks/central-bark-dog-park,,,Green Brook Township,NJ,false
Kensington Dog Run,,https://www.indoordogpark.org/parks/kensington-dog-run,http://www.prospectpark.org/dogs,,Brooklyn,NJ,false
Fort Lee Dog Park,,https://www.indoordogpark.org/parks/fort-lee-dog-park,http://fortleenj.org/,(201) 592-4699,Fort Lee,NJ,false
Thompson Park Dog Park,,https://www.indoordogpark.org/parks/thompson-park-dog-park,http://www.middlesexcountynj.gov/About/ParksRecreation/Pages/PR/Thompson-Park.aspx,(732) 246-8311,Monroe Township,NJ,false
City Paws Pet Grooming,,https://www.indoordogpark.org/parks/city-paws-pet-grooming,http://www.citypawselizabeth.com/,(908) 576-7453,Elizabeth,NJ,false
Zuli's Doggi3s Daycare & Boarding,,https://www.indoordogpark.org/parks/zuli-s-doggi3s-daycare-boarding,,(201) 754-2433,Elizabethport,NJ,false
A Glamour Pet Grooming Spa,,https://www.indoordogpark.org/parks/a-glamour-pet-grooming-spa,http://www.aglamourpetgroomingspa.com/,(908) 485-3448,Union,NJ,false
HAPPY DOGS GROOMING,,https://www.indoordogpark.org/parks/happy-dogs-grooming,https://happydogsgrooming.top/,(908) 943-0400,Elizabeth,NJ,false
Pupz Club,,https://www.indoordogpark.org/parks/pupz-club,http://www.pupzclub.com/,(848) 236-5049,Rahway,NJ,false
Rapawzel Dog Grooming & Day Care,,https://www.indoordogpark.org/parks/rapawzel-dog-grooming-day-care,https://rapawzeldoggroomer.com/new-jersey-mobile-pet-grooming/,(908) 503-3554,Hillside,NJ,false
Hounds Town Metuchen,,https://www.indoordogpark.org/parks/hounds-town-metuchen,https://houndstownusa.com/locations/hounds-town-metuchen-nj/?utm_source=google&utm_medium=map&utm_id=metuchen-nj,(732) 243-9247,Metuchen,NJ,false
Poodle Splash,,https://www.indoordogpark.org/parks/poodle-splash,,(908) 354-2557,Elizabeth,NJ,false
Tia Jana Dog Care,,https://www.indoordogpark.org/parks/tia-jana-dog-care,,(732) 900-8521,Roselle Park,NJ,false
Diamond Paw Pet Care,,https://www.indoordogpark.org/parks/diamond-paw-pet-care,,(201) 207-3547,Linden,NJ,false
House of Dogs,,https://www.indoordogpark.org/parks/house-of-dogs,https://www.houseofdogs.co/,(973) 368-7629,Springfield,NJ,false
Morris Animal Inn,,https://www.indoordogpark.org/parks/morris-animal-inn,https://www.morrisanimalinn.com/,(973) 539-0377,Morristown,NJ,false
Purple Doodle Dog Grooming,,https://www.indoordogpark.org/parks/purple-doodle-dog-grooming,https://thepurpledoodle.com/,(908) 425-5743,Elizabeth,NJ,false
petcarespotnj,,https://www.indoordogpark.org/parks/petcarespotnj,https://petcarespot.wixsite.com/petcarespot,(203) 685-4922,Linden,NJ,false
Best Friends Pet Hotel,,https://www.indoordogpark.org/parks/best-friends-pet-hotel,https://bestfriendspetcare.com/locations/north-plainfield/?utm_source=google_my_business&utm_medium=organic,(908) 822-9200,Green Brook Township,NJ,false
Barks Bed & Biscuit,,https://www.indoordogpark.org/parks/barks-bed-biscuit,http://www.barksbedandbiscuit.com/,(973) 625-2200,Denville,NJ,false
Elizabeth Pet Grooming,,https://www.indoordogpark.org/parks/elizabeth-pet-grooming,https://www.petgroomerfinder.com/salon/elizabeth-pet-grooming-llc,(908) 404-6449,Elizabeth,NJ,false
Elizabeth Country Kennels,,https://www.indoordogpark.org/parks/elizabeth-country-kennels,http://elizabethcountrykennels.com/,(303) 646-8400,Elizabeth,NJ,false
Happy Puppies,,https://www.indoordogpark.org/parks/happy-puppies,https://happypuppiesunion.com/,(908) 248-8302,Union,NJ,false
"People For Animals, Inc.",,https://www.indoordogpark.org/parks/people-for-animals-inc,http://www.pfaonline.org/,(973) 282-0890,Hillside,NJ,false
"Motel 6 Elizabeth, NJ - Newark Liberty Intl Airport",,https://www.indoordogpark.org/parks/motel-6-elizabeth-nj-newark-liberty-intl-airport,https://www.motel6.com/en/home/motels.nj.elizabeth.8760.html?lid=Local_Milestone_8760&travelAgentNumber=TA001305&corporatePlusNumber=CP792N5W&utm_source=google%20my%20business&utm_medium=listing&utm_campaign=visit%20website,(908) 201-3529,Elizabeth,NJ,false
Rest Inn - Elizabeth,,https://www.indoordogpark.org/parks/rest-inn-elizabeth,,(908) 469-7277,Elizabeth,NJ,false
Red Roof PLUS+ Newark Liberty Airport - Carteret,,https://www.indoordogpark.org/parks/red-roof-plus-newark-liberty-airport-carteret,https://www.redroof.com/property/nj/Carteret/RRI1212?utm_source=GMB&utm_medium=Google&utm_campaign=GMB_Performance_RRI1212,(732) 733-2376,Carteret,NJ,false
Extended Stay America Suites - Elizabeth - Newark Airport,,https://www.indoordogpark.org/parks/extended-stay-america-suites-elizabeth-newark-airport,https://www.extendedstayamerica.com/hotels/nj/newark/newark-airport?channel=gmb-listing&utm_source=google&utm_medium=organic&utm_campaign=gmb_listing,(908) 355-4300,Elizabeth,NJ,false
Ritz Motel,,https://www.indoordogpark.org/parks/ritz-motel,,(908) 352-6610,Elizabeth,NJ,false
Budget Inn,,https://www.indoordogpark.org/parks/budget-inn,,(908) 289-8900,Elizabeth,NJ,false
WoodSpring Suites Linden,,https://www.indoordogpark.org/parks/woodspring-suites-linden,https://www.woodspring.com/extended-stay-hotels/locations/new-jersey/elizabeth/woodspring-suites-linden?mc=llgoxxpx&utm_source=GooglePlaces&utm_medium=organic&utm_campaign=NJ374,(908) 344-5915,Linden,NJ,false
Hampton Inn & Suites Newark Airport Elizabeth,,https://www.indoordogpark.org/parks/hampton-inn-suites-newark-airport-elizabeth,https://www.hilton.com/en/hotels/ewrmthx-hampton-suites-newark-airport-elizabeth/?SEO_id=GMB-AMER-HX-EWRMTHX&y_source=1_NTAzNDA3MjYtNzE1LWxvY2F0aW9uLndlYnNpdGU%3D,(908) 282-0020,Elizabeth,NJ,false
Residence Inn Newark Elizabeth/Liberty International Airport,,https://www.indoordogpark.org/parks/residence-inn-newark-elizabeth-liberty-international-airport,https://www.marriott.com/en-us/hotels/ewreb-residence-inn-newark-elizabeth-liberty-international-airport/overview/?scid=f2ae0541-1279-4f24-b197-a979c79310b0,(908) 352-4300,Elizabeth,NJ,false
Swan Hotel & Suites,,https://www.indoordogpark.org/parks/swan-hotel-suites,http://www.swanmotel.com/,(908) 862-4500,Linden,NJ,false
Hampton Inn Linden,,https://www.indoordogpark.org/parks/hampton-inn-linden,https://www.hilton.com/en/hotels/ldnnjhx-hampton-linden/?SEO_id=GMB-AMER-HX-LDNNJHX&y_source=1_MjA4NDM2NS03MTUtbG9jYXRpb24ud2Vic2l0ZQ%3D%3D,(908) 862-3222,Linden,NJ,false
Hudson Plaza Motel,,https://www.indoordogpark.org/parks/hudson-plaza-motel,http://www.hudsonplazamotel.com/,(201) 823-2000,Bayonne,NJ,false
DoubleTree by Hilton Hotel Newark Airport,,https://www.indoordogpark.org/parks/doubletree-by-hilton-hotel-newark-airport,https://www.hilton.com/en/hotels/ewrnadt-doubletree-newark-airport/?SEO_id=GMB-AMER-DT-EWRNADT&y_source=1_MTM3MjcxMS03MTUtbG9jYXRpb24ud2Vic2l0ZQ%3D%3D,(973) 690-5500,Newark,NJ,false
Homewood Suites by Hilton Newark-Cranford,,https://www.indoordogpark.org/parks/homewood-suites-by-hilton-newark-cranford,https://www.hilton.com/en/hotels/cfdnjhw-homewood-suites-newark-cranford/?SEO_id=GMB-AMER-HG-CFDNJHW&y_source=1_MjA4Mjg1MS03MTUtbG9jYXRpb24ud2Vic2l0ZQ%3D%3D,(908) 709-1980,Cranford,NJ,false
Hampton Inn Newark Airport,,https://www.indoordogpark.org/parks/hampton-inn-newark-airport,https://www.hilton.com/en/hotels/ewrithx-hampton-newark-airport/?SEO_id=GMB-AMER-HX-EWRITHX&y_source=1_Mjc3MjkyMDktNzE1LWxvY2F0aW9uLndlYnNpdGU%3D,(973) 242-0900,Newark,NJ,false
The Wilshire Grand Hotel,,https://www.indoordogpark.org/parks/the-wilshire-grand-hotel,http://www.thewilshiregrandhotel.com/,(973) 731-7007,West Orange,NJ,false
Hampton Inn & Suites Staten Island,,https://www.indoordogpark.org/parks/hampton-inn-suites-staten-island,https://www.hilton.com/en/hotels/nycsihx-hampton-suites-staten-island/?SEO_id=GMB-AMER-HX-NYCSIHX&y_source=1_MjA4MjAyMi03MTUtbG9jYXRpb24ud2Vic2l0ZQ%3D%3D,(718) 477-1600,Staten Island,NJ,false
Spring Lane Motel,,https://www.indoordogpark.org/parks/spring-lane-motel,,(908) 289-7707,Elizabeth,NJ,false
"Home2 Suites by Hilton Rahway, NJ",,https://www.indoordogpark.org/parks/home2-suites-by-hilton-rahway-nj,https://www.hilton.com/en/hotels/ewrryht-home2-suites-rahway-nj/?SEO_id=GMB-AMER-HT-EWRRYHT&y_source=1_MjA4NDc4NC03MTUtbG9jYXRpb24ud2Vic2l0ZQ%3D%3D,(732) 388-5500,Rahway,NJ,false
"Hilton Garden Inn Springfield, NJ",,https://www.indoordogpark.org/parks/hilton-garden-inn-springfield-nj,https://www.hilton.com/en/hotels/ewrspgi-hilton-garden-inn-springfield-nj/?SEO_id=GMB-AMER-GI-EWRSPGI&y_source=1_NTg4NTgyMy03MTUtbG9jYXRpb24ud2Vic2l0ZQ%3D%3D,(973) 232-5300,Springfield,NJ,false
"The Dog Clicker, LLC.",,https://www.indoordogpark.org/parks/the-dog-clicker-llc,http://www.thedogclicker.com/,(973) 652-6517,Cranford,NJ,false
Pawrty Time - Dog Training,,https://www.indoordogpark.org/parks/pawrty-time-dog-training,,(929) 417-1111,Elizabeth,NJ,false
North Elizabeth Dog Grooming,,https://www.indoordogpark.org/parks/north-elizabeth-dog-grooming,,(908) 327-8504,Elizabeth,NJ,false
Paws & Paws grooming,,https://www.indoordogpark.org/parks/paws-paws-grooming,,(908) 258-7871,Union,NJ,false
True TransFURmations Grooming LLC (Formerly Torres TransFURmations),,https://www.indoordogpark.org/parks/true-transfurmations-grooming-llc-formerly-torres-transfurmations,,(908) 525-9763,Linden,NJ,false
Petz Kutz Grooming Salon,,https://www.indoordogpark.org/parks/petz-kutz-grooming-salon,http://www.petzkutz.com/,(908) 688-8688,Union,NJ,false
Aristopet Grooming,,https://www.indoordogpark.org/parks/aristopet-grooming,,(908) 353-3262,Elizabeth,NJ,false
Rex Grooming,,https://www.indoordogpark.org/parks/rex-grooming,,(908) 943-3684,Elizabeth,NJ,false
Silky Pups Grooming Spa,,https://www.indoordogpark.org/parks/silky-pups-grooming-spa,https://silkypupsgroomingspa.com/,(908) 810-8585,Union,NJ,false
Pawllywood Grooming,,https://www.indoordogpark.org/parks/pawllywood-grooming,http://pawllywoodpetgrooming.com/,(908) 688-3030,Union,NJ,false
Wonder Pet Grooming,,https://www.indoordogpark.org/parks/wonder-pet-grooming,http://www.wonderpetgrooming.com/,(908) 494-4168,Linden,NJ,false
The Velvet Door Pet Spa & Boutique,,https://www.indoordogpark.org/parks/the-velvet-door-pet-spa-boutique,https://www.velvetdoorspa.com/,(201) 443-2319,Bayonne,NJ,false
Whiteway Pet Shop,,https://www.indoordogpark.org/parks/whiteway-pet-shop,http://www.whitewaypetshop.net/,(908) 353-8610,Elizabeth,NJ,false
"Island Pet Resort Pet Boarding, Grooming, and Day Care",,https://www.indoordogpark.org/parks/island-pet-resort-pet-boarding-grooming-and-day-care,http://www.ipetresort.com/,(718) 442-9100,Staten Island,NJ,false
All Star Pet Resort,,https://www.indoordogpark.org/parks/all-star-pet-resort,https://www.allstarresort.net/?utm_source=gmb&utm_medium=Yext&cp=6097982060&y_source=1_MTU3OTA0NDgtNzE1LWxvY2F0aW9uLndlYnNpdGU%3D,(609) 798-2060,Egg Harbor City,NJ,false
Island Dolls Cattery,,https://www.indoordogpark.org/parks/island-dolls-cattery,https://www.islanddollsnj.com/,(908) 568-0718,Elizabeth,NJ,false
Stonehill Estates Kennel LLC,,https://www.indoordogpark.org/parks/stonehill-estates-kennel-llc,http://www.stonehillestateskennel.com/,(973) 697-8480,Newfoundland,NJ,false
Best Friends Pet Hotel,,https://www.indoordogpark.org/parks/best-friends-pet-hotel,https://bestfriendspetcare.com/locations/windsor?utm_source=google_my_business&utm_medium=organic,(609) 448-3114,Windsor,NJ,false
Hope's Kennels Inc,,https://www.indoordogpark.org/parks/hope-s-kennels-inc,http://hopeskennels.com/,(908) 459-5380,Blairstown,NJ,false
East Brunswick Dog Park,,https://www.indoordogpark.org/parks/east-brunswick-dog-park,,,East Brunswick,NJ,false
Phil Rizzuto Park,,https://www.indoordogpark.org/parks/phil-rizzuto-park,,(908) 527-4900,Elizabeth,NJ,false
Sgt. Vincent J. Olivia Mini Dog Park,,https://www.indoordogpark.org/parks/sgt-vincent-j-olivia-mini-dog-park,http://www.bayonnenj.org/,(201) 858-6127,Bayonne,NJ,false
Jackson Park,,https://www.indoordogpark.org/parks/jackson-park,http://www.elizabethnj.org/,(908) 820-4024,Elizabeth,NJ,false
Kellogg Park,,https://www.indoordogpark.org/parks/kellogg-park,https://www.elizabethnj.org/Facilities/Facility/Details/Kellogg-Park-22,(908) 820-4220,Elizabeth,NJ,false
Carteret Park,,https://www.indoordogpark.org/parks/carteret-park,https://www.elizabethnj.org/Facilities/Facility/Details/Carteret-Park-13,(908) 820-4220,Elizabeth,NJ,false
Mattano Park,,https://www.indoordogpark.org/parks/mattano-park,https://www.goelizabethnj.com/listing/mattano-park/1003/,(908) 527-4000,Elizabeth,NJ,false
シリウス・ドッグ・ラン,,https://www.indoordogpark.org/parks/ChIJQ4J8wRpawokR0nmWy7HfpYY,,,New York,NJ,false
Hillside Dog Park,,https://www.indoordogpark.org/parks/hillside-dog-park,http://www.nycgovparks.org/parks/hillside-park,(212) 639-9675,Brooklyn,NJ,false
Hot Doggy Dog,,https://www.indoordogpark.org/parks/hot-doggy-dog,http://www.hotdoggydognj.com/,(908) 353-5333,Elizabeth,NJ,false
Green Acres Park,,https://www.indoordogpark.org/parks/green-acres-park,https://www.elizabethnj.org/Facilities/Facility/Details/Green-Acres-Playground-17,,Elizabeth,NJ,false
Little Rascals Day Care Center,,https://www.indoordogpark.org/parks/little-rascals-day-care-center,https://littlerascalsnj.com/,,Elizabeth,NJ,false
Donaldson Dog Park,,https://www.indoordogpark.org/parks/donaldson-dog-park,,,Highland Park,NJ,false
Southside Dog Park,,https://www.indoordogpark.org/parks/southside-dog-park,,,South Plainfield,NJ,false
Alexander Ching Memorial Dog Park,,https://www.indoordogpark.org/parks/alexander-ching-memorial-dog-park,,,Holmdel,NJ,false
Doggie Dazzle Rolling Paw Spa,,https://www.indoordogpark.org/parks/doggie-dazzle-rolling-paw-spa,https://www.doggie-dazzle.com/,(732) 209-4244,Edison,NJ,false
Hi-Crest Kennels,,https://www.indoordogpark.org/parks/hi-crest-kennels,http://www.hicrestkennel.com/,(908) 561-7098,Edison,NJ,false
Camp Bow Wow Middlesex,,https://www.indoordogpark.org/parks/camp-bow-wow-middlesex,https://www.campbowwow.com/middlesex/,(848) 353-0286,Middlesex,NJ,false
In My Paws,,https://www.indoordogpark.org/parks/in-my-paws,https://inmypaws.com/,(908) 757-0200,Watchung,NJ,false
Raise the WOOF,,https://www.indoordogpark.org/parks/raise-the-woof,http://www.raisethewoofnj.com/,(732) 523-0052,Monroe Township,NJ,false
TK Pet Sitters,,https://www.indoordogpark.org/parks/tk-pet-sitters,http://www.tkpetsitters.com/,(732) 917-0033,Highland Park,NJ,false
Doggy DayCare Grooming and Boarding,,https://www.indoordogpark.org/parks/doggy-daycare-grooming-and-boarding,http://doggydaycareusa.com/,(848) 468-9126,Old Bridge,NJ,false
Ruffin’ It Ranch,,https://www.indoordogpark.org/parks/ruffin-it-ranch,http://www.ruffinitranch.com/,(732) 972-9444,Morganville,NJ,false
Parkwood Kennels,,https://www.indoordogpark.org/parks/parkwood-kennels,http://parkwoodkennels.com/,(732) 583-9218,Matawan,NJ,false
Raritan Animal Hospital,,https://www.indoordogpark.org/parks/raritan-animal-hospital,http://raritananimalhospital.com/,(732) 985-0278,Edison,NJ,false
Diamond in the Ruff,,https://www.indoordogpark.org/parks/diamond-in-the-ruff,http://www.ditrnj.com/,(908) 233-4602,Garwood,NJ,false
The Dan Gentile Dog Training Center,,https://www.indoordogpark.org/parks/the-dan-gentile-dog-training-center,https://njdog.com/,(732) 938-5040,Howell Township,NJ,false
Training Center at Dog Days Daycare,,https://www.indoordogpark.org/parks/training-center-at-dog-days-daycare,https://www.dogdaysdaycare.org/meet-the-trainer,(908) 333-8560,Hillsborough Township,NJ,false
PetSmart Dog Training,,https://www.indoordogpark.org/parks/petsmart-dog-training,https://stores.petsmart.com/nj/edison/edison/dog-training?utm_source=google&utm_medium=organic&utm_campaign=google-my-business,(732) 476-1522,Edison,NJ,false
Petco Dog Training,,https://www.indoordogpark.org/parks/petco-dog-training,https://stores.petco.com/nj/edison/dog-training-edison-nj-283.html,(732) 516-0330,Edison,NJ,false
ma pet grooming,,https://www.indoordogpark.org/parks/ma-pet-grooming,http://www.mapetgrooming.com/,(347) 971-5200,Edison,NJ,false
Annie's pet grooming,,https://www.indoordogpark.org/parks/annie-s-pet-grooming,https://localdogwalkers.net/explore/annies-pet-grooming/,(732) 287-8400,Edison,NJ,false
Woof Gang Bakery & Grooming Metuchen,,https://www.indoordogpark.org/parks/woof-gang-bakery-grooming-metuchen,http://woofgangbakery.com/metuchennj,(732) 505-7342,Metuchen,NJ,false
Pawsticcerie Pet Grooming & Boutique,,https://www.indoordogpark.org/parks/pawsticcerie-pet-grooming-boutique,http://www.pawsticcerie.com/,(732) 354-3175,Edison,NJ,false
Pedigree Pet Spa,,https://www.indoordogpark.org/parks/pedigree-pet-spa,https://pedigreepetspa.top/,(732) 549-1300,Metuchen,NJ,false
PetSmart,,https://www.indoordogpark.org/parks/petsmart,https://www.petsmart.com/stores/us/nj/edison-store2326.html?utm_source=google&utm_medium=organic&utm_campaign=google-my-business,(732) 476-1522,Edison,NJ,false
Spaw and Stay,,https://www.indoordogpark.org/parks/spaw-and-stay,http://www.spawandstay.com/,(732) 313-7800,Avenel,NJ,false
Barkingham Palace LLC,,https://www.indoordogpark.org/parks/barkingham-palace-llc,,(732) 321-0222,Metuchen,NJ,false
The Fur’s Flyin’ LLC,,https://www.indoordogpark.org/parks/the-fur-s-flyin-llc,https://wvet.net/explore/the-furs-flyin-llc/,(732) 752-8281,Piscataway,NJ,false
Poochie Doo Pet Grooming,,https://www.indoordogpark.org/parks/poochie-doo-pet-grooming,,(732) 525-1172,South Amboy,NJ,false
NJ Dog Barbers,,https://www.indoordogpark.org/parks/nj-dog-barbers,http://www.njdogbarbers.com/,(732) 707-7220,Sayreville,NJ,false
Hall of Fame Grooming Salon,,https://www.indoordogpark.org/parks/hall-of-fame-grooming-salon,https://www.facebook.com/profile.php?id=61573385045167&mibextid=wwXIfr,(406) 781-8389,Edison,NJ,false
Animal House Total Pet Care,,https://www.indoordogpark.org/parks/animal-house-total-pet-care,http://animalhousenj.com/,(908) 755-3342,South Plainfield,NJ,false
Petco Grooming,,https://www.indoordogpark.org/parks/petco-grooming,https://stores.petco.com/nj/edison/full-service-grooming-edison-nj-283.html,(732) 516-0330,Edison,NJ,false
Grooming by Alex CoX (Mobil),,https://www.indoordogpark.org/parks/grooming-by-alex-cox-mobil,https://www.facebook.com/Grooming-by-Alexa-Cox-107727898476635/?ref=pages_you_manage,(856) 313-5537,South Plainfield,NJ,false
Golden Paw Spa,,https://www.indoordogpark.org/parks/golden-paw-spa,https://www.goldenpawspa.com/,(732) 874-5282,Woodbridge,NJ,false
Breeds Spa Salon,,https://www.indoordogpark.org/parks/breeds-spa-salon,http://tapstyle.net/booking/BreedsSpaSalon,(908) 718-7605,Colonia,NJ,false
K9 Resorts Luxury Pet Hotel Hillsborough,,https://www.indoordogpark.org/parks/k9-resorts-luxury-pet-hotel-hillsborough,https://www.k9resorts.com/hillsborough/,(908) 300-5311,Hillsborough Township,NJ,false
Greenleaf Pet Resort Millstone,,https://www.indoordogpark.org/parks/greenleaf-pet-resort-millstone,http://www.greenleafpetresort.com/,(609) 259-1500,Millstone,NJ,false
Pawpals Paradise,,https://www.indoordogpark.org/parks/pawpals-paradise,http://www.pawpalsparadise.net/,(908) 906-9988,Monmouth Junction,NJ,false
Happy Tails Kennel,,https://www.indoordogpark.org/parks/happy-tails-kennel,http://happytailskennel.com/,(732) 938-4740,Freehold,NJ,false
Dog Days Daycare Center,,https://www.indoordogpark.org/parks/dog-days-daycare-center,http://www.dogdaysdaycare.org/,(908) 431-0100,Hillsborough Township,NJ,false
Playland Woodbridge,,https://www.indoordogpark.org/parks/playland-woodbridge,http://www.goplayland.com/,(848) 283-1110,Woodbridge,NJ,false
Kids Empire Woodbridge,,https://www.indoordogpark.org/parks/kids-empire-woodbridge,https://www.kidsempire.com/park/woodbridge?utm_source=gmb&utm_medium=organic,(732) 400-5920,Woodbridge,NJ,false
Wood-Ridge Dog Park,,https://www.indoordogpark.org/parks/wood-ridge-dog-park,,,Wood-Ridge,NJ,false
Woodbridge Dog Park,,https://www.indoordogpark.org/parks/woodbridge-dog-park,http://www.woodbridgedogpark.org/,,Woodbridge,NJ,false
Civic Center Dog Park,,https://www.indoordogpark.org/parks/civic-center-dog-park,,,Carteret,NJ,false
Disney Junior Play Zone,,https://www.indoordogpark.org/parks/disney-junior-play-zone,https://www.simon.com/mall/menlo-park-mall/stores/disney-junior-play-zone,(347) 619-7605,Edison,NJ,false
Freedom Barks,,https://www.indoordogpark.org/parks/freedom-barks,https://www.freedombarks.com/,,Medford,NJ,false
Bark Park,,https://www.indoordogpark.org/parks/bark-park,,,Old Bridge,NJ,false
Fords Park,,https://www.indoordogpark.org/parks/fords-park,https://www.middlesexcountynj.gov/Home/Components/FacilityDirectory/FacilityDirectory/59/1024,(732) 745-3900,Woodbridge,NJ,false
Port Potomac Dog Park,,https://www.indoordogpark.org/parks/port-potomac-dog-park,,,Woodbridge,NJ,false
Dogtopia of Old Bridge,,https://www.indoordogpark.org/parks/dogtopia-of-old-bridge,https://www.dogtopia.com/old-bridge/,(732) 339-3444,Old Bridge,NJ,false
The Dog Eaze Inn,,https://www.indoordogpark.org/parks/the-dog-eaze-inn,https://www.dogeazeinn.com/?utm_source=googlemb&utm_medium=organic&utm_campaign=weblink&utm_content=home,(703) 491-1564,Woodbridge,NJ,false
Lovin'Petcare,,https://www.indoordogpark.org/parks/lovin-petcare,,(732) 689-3559,Woodbridge,NJ,false
Lavish Tails Pet Spa,,https://www.indoordogpark.org/parks/lavish-tails-pet-spa,,(732) 750-1764,Woodbridge,NJ,false
Dogtopia of Woodbridge,,https://www.indoordogpark.org/parks/dogtopia-of-woodbridge,https://www.dogtopia.com/woodbridge/,(703) 278-2045,Woodbridge,NJ,false
Hounds Town - Old Bridge - Matawan,,https://www.indoordogpark.org/parks/hounds-town-old-bridge-matawan,https://houndstownusa.com/locations/old-bridge-matawan/?utm_source=google&utm_medium=map&utm_id=old-bridge-matawan,(732) 696-4646,Matawan,NJ,false
4 Paws Only,,https://www.indoordogpark.org/parks/4-paws-only,http://www.4pawsonlysi.com/,(718) 967-7297,Staten Island,NJ,false
Nina's Pooch and Kitty Pet Care,,https://www.indoordogpark.org/parks/nina-s-pooch-and-kitty-pet-care,http://ninaspoochandkitty.com/,(646) 479-7472,Westfield,NJ,false
Woodbridge Veterinary Group,,https://www.indoordogpark.org/parks/woodbridge-veterinary-group,https://www.woodbridgevetgroup.com/,(732) 636-5520,Woodbridge,NJ,false
Highland Kennel Llc,,https://www.indoordogpark.org/parks/highland-kennel-llc,https://newjersey.dog/,(732) 364-4443,Howell Township,NJ,false
Dogtopia of Wesmont Station,,https://www.indoordogpark.org/parks/dogtopia-of-wesmont-station,https://www.dogtopia.com/new-jersey-wesmont-station/,(973) 298-0700,Wood-Ridge,NJ,false
Kay 9 Experience LLC,,https://www.indoordogpark.org/parks/kay-9-experience-llc,,(732) 397-7580,Woodbridge,NJ,false
PetSmart Dog Training,,https://www.indoordogpark.org/parks/petsmart-dog-training,https://stores.petsmart.com/nj/woodbridge/woodbridge/dog-training?utm_source=google&utm_medium=organic&utm_campaign=google-my-business,(732) 750-1090,Woodbridge,NJ,false
Pampered Paws,,https://www.indoordogpark.org/parks/pampered-paws,https://mapsjoy.top/pampered-paws-9aopmui,(732) 943-2123,Rahway,NJ,false
PetSmart,,https://www.indoordogpark.org/parks/petsmart,https://www.petsmart.com/stores/us/nj/woodbridge-store0762.html?utm_source=google&utm_medium=organic&utm_campaign=google-my-business,(732) 750-1090,Woodbridge,NJ,false
Betty On Call Pet Grooming LLC,,https://www.indoordogpark.org/parks/betty-on-call-pet-grooming-llc,https://dvet.net/explore/betty-on-call-pet-grooming-llc/,(908) 917-0118,Avenel,NJ,false
Alice's Dog House,,https://www.indoordogpark.org/parks/alice-s-dog-house,https://petsu.net/explore/alices-dog-house/,(732) 381-1112,Clark,NJ,false
In N Out Dog wash & More,,https://www.indoordogpark.org/parks/in-n-out-dog-wash-more,https://www.innoutdogwash.com/,(908) 228-5076,Colonia,NJ,false
Animal Crackers,,https://www.indoordogpark.org/parks/animal-crackers,http://animalcrackersnj.com/,(732) 827-5195,Clark,NJ,false
Pawpular Pet Pawlour,,https://www.indoordogpark.org/parks/pawpular-pet-pawlour,https://www.pawpularpetpawlour.com/,(732) 675-6667,Clark,NJ,false
Groomingdales Pet Spa Inc,,https://www.indoordogpark.org/parks/groomingdales-pet-spa-inc,http://groomingdales.net/,(732) 381-3662,Colonia,NJ,false
SOPHISTICATED POOCH,,https://www.indoordogpark.org/parks/sophisticated-pooch,,(732) 770-0733,Clark,NJ,false
Old Bridge Grooming Shop,,https://www.indoordogpark.org/parks/old-bridge-grooming-shop,http://www.oldbridgegroomingshop.com/,(703) 590-7247,Woodbridge,NJ,false
Begging For A Grooming,,https://www.indoordogpark.org/parks/begging-for-a-grooming,http://www.beggingforagrooming.com/,(732) 326-0002,Colonia,NJ,false
Groomingwles LLC,,https://www.indoordogpark.org/parks/groomingwles-llc,https://groomingwlesllc.groomore.com/,(571) 402-2573,Woodbridge,NJ,false
K9 Resorts Luxury Pet Hotel Garden City,,https://www.indoordogpark.org/parks/k9-resorts-luxury-pet-hotel-garden-city,https://www.k9resorts.com/garden-city/,(516) 219-9466,Westbury,NJ,false
Hotel For Dogs,,https://www.indoordogpark.org/parks/hotel-for-dogs,http://www.ahotelfordogs.com/,(732) 471-9247,Port Monmouth,NJ,false
Happy Homes Dog Daycare and Training,,https://www.indoordogpark.org/parks/happy-homes-dog-daycare-and-training,http://happyhomesdog.com/,(203) 298-0970,Woodbridge,NJ,false
Happy Cats N Dogs NJ,,https://www.indoordogpark.org/parks/happy-cats-n-dogs-nj,,(908) 930-0392,Edison,NJ,false
"Dog Lover Daycare, Boarding and Grooming",,https://www.indoordogpark.org/parks/dog-lover-daycare-boarding-and-grooming,http://dogloverdaycare.com/,(732) 362-2752,Matawan,NJ,false
Ocean County Park Off-Leash Dog Run,,https://www.indoordogpark.org/parks/ocean-county-park-off-leash-dog-run,https://www.oceancountyparks.org/frmRegContentPrks?ID=a2f4e18e-1a12-4faf-a090-c443ba5483fa,,Lakewood,NJ,false
Dogtopia of Brick,,https://www.indoordogpark.org/parks/dogtopia-of-brick,https://www.dogtopia.com/new-jersey-brick/,(732) 479-5700,Brick Township,NJ,false
Squankum Animal Inn,,https://www.indoordogpark.org/parks/squankum-animal-inn,http://www.squankumanimalinn.com/,(732) 938-5495,Howell Township,NJ,false
The Madison Dog Resort & Spa,,https://www.indoordogpark.org/parks/the-madison-dog-resort-spa,https://www.themadisondogresort.com/brick-nj?utm_source=google&utm_medium=wix_google_business_profile&utm_campaign=762791279447296538,(732) 701-3975,Brick Township,NJ,false
Ramblin' Acres Pet Resort,,https://www.indoordogpark.org/parks/ramblin-acres-pet-resort,https://ramblinacrespetresort.com/,(732) 370-8628,Jackson Township,NJ,false
Purr’n Pooch Pet Resort,,https://www.indoordogpark.org/parks/purr-n-pooch-pet-resort,http://www.purrnpooch.com/,(732) 528-8100,Manasquan,NJ,false
Hounds Town Freehold,,https://www.indoordogpark.org/parks/hounds-town-freehold,https://houndstownusa.com/locations/freehold/?utm_source=google&utm_medium=map&utm_id=howell-township-nj,(848) 863-6744,Howell Township,NJ,false
Camp Bow Wow Eatontown,,https://www.indoordogpark.org/parks/camp-bow-wow-eatontown,https://www.campbowwow.com/eatontown/,(848) 353-0328,Eatontown,NJ,false
Inn The Doghouse,,https://www.indoordogpark.org/parks/inn-the-doghouse,https://innthedoghouse.com/,(216) 651-0873,Lakewood,NJ,false
Ain't Misbehaving's Canine Sleep Over,,https://www.indoordogpark.org/parks/ain-t-misbehaving-s-canine-sleep-over,http://www.caninesleepover.com/,(908) 618-9639,Jackson Township,NJ,false
"Doggie Shrink, LLC",,https://www.indoordogpark.org/parks/doggie-shrink-llc,https://www.doggieshrink.com/,(201) 822-4400,Norwood,NJ,false
PetSmart Doggie Day Camp,,https://www.indoordogpark.org/parks/petsmart-doggie-day-camp,https://stores.petsmart.com/nj/brick/brick/petshotel-doggie-day-camp?utm_source=google&utm_medium=organic&utm_campaign=google-my-business,(732) 262-5390,Brick Township,NJ,false
"Dalia's Doggie Rehab, LLC",,https://www.indoordogpark.org/parks/dalia-s-doggie-rehab-llc,http://dalsdogrehab.com/,(732) 272-6099,Brick Township,NJ,false
Pampered Pets Hospitality Center,,https://www.indoordogpark.org/parks/pampered-pets-hospitality-center,http://www.pamperedpetscenters.com/,(732) 286-4200,Toms River,NJ,false
"Love Me Right Pet Care, LLC",,https://www.indoordogpark.org/parks/love-me-right-pet-care-llc,https://www.lovemerightpetcarellc.com/,(732) 966-2926,Neptune City,NJ,false
Timberlane Kennels,,https://www.indoordogpark.org/parks/timberlane-kennels,https://timberlanekennels.com/,(609) 758-7348,New Egypt,NJ,false
VCA Ocean County Animal Hospital,,https://www.indoordogpark.org/parks/vca-ocean-county-animal-hospital,https://vcahospitals.com/ocean-county?utm_source=maps&utm_medium=organic&utm_campaign=AU_4013,(732) 363-7202,Lakewood,NJ,false
JAG - Dog Agility Training Club,,https://www.indoordogpark.org/parks/jag-dog-agility-training-club,http://www.jerseyagility.com/,(732) 927-1524,Howell Township,NJ,false
Kindred Souls Canine Training Center,,https://www.indoordogpark.org/parks/kindred-souls-canine-training-center,http://www.ksk9.com/,(732) 367-4666,Howell Township,NJ,false
Sit Means Sit Dog Training - Toms River,,https://www.indoordogpark.org/parks/sit-means-sit-dog-training-toms-river,https://oceancountybestdogtraining.com/?utm_source=google&utm_medium=gmb&utm_campaign=google_listing,(732) 597-7022,Toms River,NJ,false
"Jersey Shore Canine, LLC",,https://www.indoordogpark.org/parks/jersey-shore-canine-llc,https://www.jerseyshorek9.com/,(732) 730-3954,Toms River,NJ,false
Best Friend Dog Training,,https://www.indoordogpark.org/parks/best-friend-dog-training,https://bestfriendsdogtrainingnj.com/,(732) 477-1589,Toms River,NJ,false
"Off Leash K9 Training, Jersey Shore",,https://www.indoordogpark.org/parks/off-leash-k9-training-jersey-shore,https://jerseyshoredogtrainers.com/,(848) 221-5161,Bayville,NJ,false
B.A.R.K. Institute,,https://www.indoordogpark.org/parks/b-a-r-k-institute,https://buildingareliablek9.com/,(609) 400-4258,Southampton Township,NJ,false
Bayshore Companion Dog Club,,https://www.indoordogpark.org/parks/bayshore-companion-dog-club,http://www.bayshoredogclub.org/,(732) 460-1446,Tinton Falls,NJ,false
CATCH Canine Trainers Academy,,https://www.indoordogpark.org/parks/catch-canine-trainers-academy,http://www.catchdogtrainers.com/,(877) 752-2824,Little Falls Township,NJ,false
Jersey Shore Dogs Dog Training,,https://www.indoordogpark.org/parks/jersey-shore-dogs-dog-training,https://jerseyshoredogtraining.com/,(848) 208-2641,Tinton Falls,NJ,false
"Instinct Dog Behavior & Training, New Jersey and Philadelphia",,https://www.indoordogpark.org/parks/instinct-dog-behavior-training-new-jersey-and-philadelphia,https://www.instinctdogtraining.com/,(201) 627-0066,Englewood,NJ,false
Happy Dogs Boarding and Training,,https://www.indoordogpark.org/parks/happy-dogs-boarding-and-training,https://happydogsboardingandtraining.com/?utm_campaign=gmb,(856) 783-4042,Laurel Springs,NJ,false
Petco Dog Training,,https://www.indoordogpark.org/parks/petco-dog-training,https://stores.petco.com/nj/brick/dog-training-brick-nj-1876.html,(732) 262-5025,Brick Township,NJ,false
Cody's Canine Camp,,https://www.indoordogpark.org/parks/cody-s-canine-camp,https://npanza5.wixsite.com/codyscaninecamp,,Brick Township,NJ,false
Grooming by J-Lynn,,https://www.indoordogpark.org/parks/grooming-by-j-lynn,http://www.facebook.com/groomingbyjlynn,(732) 859-5862,Brick Township,NJ,false
The Mutt Hut Dog Grooming Salon & Mobile,,https://www.indoordogpark.org/parks/the-mutt-hut-dog-grooming-salon-mobile,http://www.themutthutdoggrooming.com/,(732) 475-6241,Brick Township,NJ,false
Doggie Treats Grooming,,https://www.indoordogpark.org/parks/doggie-treats-grooming,https://m.facebook.com/doggietreatsgrooming/,(732) 920-7713,Brick Township,NJ,false
A Beautiful Dog Pet Salon,,https://www.indoordogpark.org/parks/a-beautiful-dog-pet-salon,https://www.abeautifuldognj.com/,(732) 477-9575,Brick Township,NJ,false
Pawsitively Chic Pet Salon,,https://www.indoordogpark.org/parks/pawsitively-chic-pet-salon,http://pawsitivelychicpetsalon.com/,(732) 642-8762,Jackson Township,NJ,false
Shaggy Chic Dog Grooming,,https://www.indoordogpark.org/parks/shaggy-chic-dog-grooming,https://shaggychicgrooming.myonlineappointment.com/,(848) 986-6494,Toms River,NJ,false
Dirty Jerzy Dog Grooming,,https://www.indoordogpark.org/parks/dirty-jerzy-dog-grooming,,(732) 581-2806,Toms River,NJ,false
Lakewood Pet Grooming (formerly Furtastic),,https://www.indoordogpark.org/parks/lakewood-pet-grooming-formerly-furtastic,https://furtasticpet.com/,(303) 586-5202,Golden,NJ,false
Scenthound Lakewood,,https://www.indoordogpark.org/parks/scenthound-lakewood,https://www.scenthound.com/lakewood,(720) 358-6037,Lakewood,NJ,false
Purr-Fect Partners Pet Grooming,,https://www.indoordogpark.org/parks/purr-fect-partners-pet-grooming,https://dvet.net/explore/purr-fect-partners-pet-grooming/,(732) 681-0035,Belmar,NJ,false
Posh Pooch,,https://www.indoordogpark.org/parks/posh-pooch,,(732) 367-2233,Howell Township,NJ,false
PAWS & ANCHOR,,https://www.indoordogpark.org/parks/paws-anchor,http://www.pawsandanchor.com/,(732) 775-7297,Bradley Beach,NJ,false
Shampoochies Grooming & Pet Supplies with The Bark A Licious Dog Barkery,,https://www.indoordogpark.org/parks/shampoochies-grooming-pet-supplies-with-the-bark-a-licious-dog-barkery,https://www.shampoochiesgrooming.com/,(848) 303-8665,West Long Branch,NJ,false
Butter Luxe Dog Grooming,,https://www.indoordogpark.org/parks/butter-luxe-dog-grooming,https://butterluxegrooming.top/,(908) 675-3938,Ocean Township,NJ,false
The Pooch Salon,,https://www.indoordogpark.org/parks/the-pooch-salon,https://dvet.net/explore/the-pooch-salon/,(732) 458-3355,Brick Township,NJ,false
Petco Grooming,,https://www.indoordogpark.org/parks/petco-grooming,https://stores.petco.com/nj/brick/full-service-grooming-brick-nj-1876.html,(732) 262-5025,Brick Township,NJ,false
PetSmart,,https://www.indoordogpark.org/parks/petsmart,https://www.petsmart.com/stores/us/nj/brick-store1963.html?utm_source=google&utm_medium=organic&utm_campaign=google-my-business,(732) 262-5390,Brick Township,NJ,false
What The Pup Grooming,,https://www.indoordogpark.org/parks/what-the-pup-grooming,https://www.whatthepupgrooming.com/,(609) 312-7464,Beachwood,NJ,false
Cranberry Creek Pet Lodging,,https://www.indoordogpark.org/parks/cranberry-creek-pet-lodging,http://www.ccpetlodging.com/,(609) 879-6831,Little Egg Harbor Township,NJ,false
Lucky's Bed & Biscuit,,https://www.indoordogpark.org/parks/lucky-s-bed-biscuit,http://www.luckysbb.com/,(609) 597-9009,Manahawkin,NJ,false
Stingray Tommy Dog Training and Boarding (since 1995),,https://www.indoordogpark.org/parks/stingray-tommy-dog-training-and-boarding-since-1995,,(732) 551-6160,Brick Township,NJ,false
Chesterfield Kennels Dog Boarding,,https://www.indoordogpark.org/parks/chesterfield-kennels-dog-boarding,http://www.chesterfieldkennels.com/,(609) 723-4323,Chesterfield,NJ,false
Wagging Tails,,https://www.indoordogpark.org/parks/wagging-tails,,(732) 542-2357,Tinton Falls,NJ,false
Our Home Dog Boarding,,https://www.indoordogpark.org/parks/our-home-dog-boarding,http://ourhomedogboarding.com/,(856) 979-2829,Maple Shade,NJ,false
Ocean County Park,,https://www.indoordogpark.org/parks/ocean-county-park,https://ocparks.co.ocean.nj.us/frmRegContentPrks?ID=a5a0f978-c83e-49c6-88ac-9968c1e20ea9,(732) 506-9090,Lakewood,NJ,false
Pine Park,,https://www.indoordogpark.org/parks/pine-park,http://lakewoodnj.gov/,(732) 367-6737,Lakewood,NJ,false
Bark Park Off Leash Dog Park,,https://www.indoordogpark.org/parks/bark-park-off-leash-dog-park,,,Howell Township,NJ,false
Jackson Dog Park,,https://www.indoordogpark.org/parks/jackson-dog-park,https://www.jacksontwpnj.net/549/Parks-and-Playgrounds,(732) 928-1260,Jackson Township,NJ,false
Orchard Park Dog Park,,https://www.indoordogpark.org/parks/orchard-park-dog-park,,,Manasquan,NJ,false
Fisherman's Cove Conservation Area,,https://www.indoordogpark.org/parks/fisherman-s-cove-conservation-area,https://www.monmouthcountyparks.com/page.aspx?Id=2521,(732) 922-4080,Manasquan,NJ,false
Lakewood Pine Park Caretaker,,https://www.indoordogpark.org/parks/lakewood-pine-park-caretaker,,(732) 367-4040,Lakewood,NJ,false
Puppy Paradise,,https://www.indoordogpark.org/parks/puppy-paradise,http://www.thepuppyparadise.com/,(732) 939-0008,Monroe Township,NJ,false
Dogtopia of Lakewood - Alameda Parkway,,https://www.indoordogpark.org/parks/dogtopia-of-lakewood-alameda-parkway,https://www.dogtopia.com/denver-lakewood-alameda-pkwy/,(303) 993-1669,Lakewood,NJ,false
Silverton Park,,https://www.indoordogpark.org/parks/silverton-park,https://www.tomsrivertownship.com/Facilities/Facility/Details/Silverton-Park-16,,Toms River,NJ,false
Paws and Play Training,,https://www.indoordogpark.org/parks/paws-and-play-training,https://pawsandplaytraining.com/,(732) 598-3903,Toms River,NJ,false
Toms River Veterans Recreation Complex,,https://www.indoordogpark.org/parks/toms-river-veterans-recreation-complex,,,Toms River,NJ,false
Cattus Island County Park,,https://www.indoordogpark.org/parks/cattus-island-county-park,http://www.oceancountyparks.org/frmRegContentPrks?ID=0751673c-9513-4ecc-8f3e-3e65b0f2ec45,(732) 270-6960,Toms River,NJ,false
Robert J. Miller County Airpark & Off-Leash Dog Facility,,https://www.indoordogpark.org/parks/robert-j-miller-county-airpark-off-leash-dog-facility,http://www.oceancountyparks.org/frmRegContentPrks?ID=b5b39209-1cd2-4fc8-8bbc-7136ec302a24,(732) 341-3243,Bayville,NJ,false
Ocean County Off Leash Dog Area,,https://www.indoordogpark.org/parks/ocean-county-off-leash-dog-area,https://www.oceancountyparks.org/frmRegContentPrks?ID=a2123280-983f-4d50-83bb-e9261ff11415,(732) 341-3243,Bayville,NJ,false
Waretown dog park,,https://www.indoordogpark.org/parks/waretown-dog-park,,,Waretown,NJ,false
Barnegat Light Dog Park,,https://www.indoordogpark.org/parks/barnegat-light-dog-park,https://barnegatlight.org/departments/recreation-department/,,Barnegat Light,NJ,false
Wolf Hill Off-Leash Dog Park,,https://www.indoordogpark.org/parks/wolf-hill-off-leash-dog-park,https://www.monmouthcountyparks.com/page.aspx?Id=2548,,Oceanport,NJ,false
Thompson Park Off-Leash Dog Area,,https://www.indoordogpark.org/parks/thompson-park-off-leash-dog-area,http://www.monmouthcountyparks.com/page.aspx?id=2510,(732) 842-4000,Lincroft,NJ,false
Wall Township Off Leash Dog Park,,https://www.indoordogpark.org/parks/wall-township-off-leash-dog-park,,,Wall Township,NJ,false
Rocky Top Dog Park (Membership req.),,https://www.indoordogpark.org/parks/rocky-top-dog-park-membership-req,,(732) 329-4000 ext. 7671,Princeton,NJ,false
Angela Hibbard Park,,https://www.indoordogpark.org/parks/angela-hibbard-park,http://www.bricktownship.net/,(732) 262-1044,Brick Township,NJ,false
Hanlons K-9,,https://www.indoordogpark.org/parks/hanlons-k-9,http://www.hanlonsk9.com/,(732) 779-0808,Toms River,NJ,false
Canine Chateau,,https://www.indoordogpark.org/parks/canine-chateau,,(732) 341-6436,Toms River,NJ,false
Chew Crew,,https://www.indoordogpark.org/parks/chew-crew,https://www.mychewcrew.com/,(732) 554-1516,Toms River,NJ,false
Endless Paws Pet Sitting,,https://www.indoordogpark.org/parks/endless-paws-pet-sitting,http://www.endlesspaws.com/,(888) 320-7297,Beachwood,NJ,false
Beau's K-9 Academy,,https://www.indoordogpark.org/parks/beau-s-k-9-academy,https://beausk9academy.com/,(732) 414-5812,Beachwood,NJ,false
Zero ToleranceK9,,https://www.indoordogpark.org/parks/zero-tolerancek9,http://ztolerancek9.com/,(732) 664-5749,Toms River,NJ,false
Petco Dog Training,,https://www.indoordogpark.org/parks/petco-dog-training,https://stores.petco.com/nj/tomsriver/dog-training-tomsriver-nj-1761.html,(732) 473-9818,Toms River,NJ,false
Smarty Paws Dog Training,,https://www.indoordogpark.org/parks/smarty-paws-dog-training,https://smartypawsny.com/,(516) 395-7884,Beachwood,NJ,false
Sit Means Sit Dog Training - New Jersey,,https://www.indoordogpark.org/parks/sit-means-sit-dog-training-new-jersey,https://newjerseybestdogtraining.com/?utm_source=google&utm_medium=gmb&utm_campaign=google_listing,(732) 820-9717,Bordentown,NJ,false
PetSmart Dog Training,,https://www.indoordogpark.org/parks/petsmart-dog-training,https://stores.petsmart.com/nj/toms-river/toms-river/dog-training?utm_source=google&utm_medium=organic&utm_campaign=google-my-business,(732) 240-1540,Toms River,NJ,false
Top Dawg Athletics,,https://www.indoordogpark.org/parks/top-dawg-athletics,http://www.topdawgatc.com/,,Toms River,NJ,false
Essential Dog Training,,https://www.indoordogpark.org/parks/essential-dog-training,http://www.essentialdogtraining.biz/,(908) 731-0620,Forked River,NJ,false
Shore K9,,https://www.indoordogpark.org/parks/shore-k9,http://shorek9dogtrainingdoggydaycare.com/,(609) 236-0788,Northfield,NJ,false
Rub A Dub Dog Wash,,https://www.indoordogpark.org/parks/rub-a-dub-dog-wash,http://www.rubadubdogs.com/,(732) 270-1186,Toms River,NJ,false
Funk n Fur Pet Grooming,,https://www.indoordogpark.org/parks/funk-n-fur-pet-grooming,,(732) 288-0800,Toms River,NJ,false
Furalicious Pet Grooming Spa LLC,,https://www.indoordogpark.org/parks/furalicious-pet-grooming-spa-llc,https://furaliciousluxuriouspetspa.org/,(732) 600-0565,Toms River,NJ,false
Salty Dog,,https://www.indoordogpark.org/parks/salty-dog,http://www.saltydoggroomingnj.com/,(732) 288-9488,Toms River,NJ,false
Doggie Styles by Jenny,,https://www.indoordogpark.org/parks/doggie-styles-by-jenny,http://doggiestylesbyjenny.com/,(732) 673-3330,Brick Township,NJ,false
A Wash Your Paws -a Grooming Salon plus self- service dog wash,,https://www.indoordogpark.org/parks/a-wash-your-paws-a-grooming-salon-plus-self-service-dog-wash,http://www.washyourpaws.net/,(732) 920-9274,Brick Township,NJ,false
Pampered Pup Spa & Salon,,https://www.indoordogpark.org/parks/pampered-pup-spa-salon,,,Toms River,NJ,false
Canine Aesthetic,,https://www.indoordogpark.org/parks/canine-aesthetic,https://www.canineaesthetic.com/,(848) 352-4875,Toms River,NJ,false
The Grateful Dog Pet Salon,,https://www.indoordogpark.org/parks/the-grateful-dog-pet-salon,http://www.facebook.com/thegratefuldogpetsalon,(732) 642-5775,Bayville,NJ,false
Here Boy,,https://www.indoordogpark.org/parks/here-boy,https://www.facebook.com/people/Here-Boy/100063899746301/?paipv=0&eav=AfafbVMcFfzPN9fkeesPL6u-Fp8Jym0bAZPShW37txaUzzShunEolCZOnsJmtNLUA_4&_rdr,(732) 255-4140,Toms River,NJ,false
Barone's Pet Supply & Food,,https://www.indoordogpark.org/parks/barone-s-pet-supply-food,,(732) 557-4500,Toms River,NJ,false
A Jersey Girl Mobile Grooming,,https://www.indoordogpark.org/parks/a-jersey-girl-mobile-grooming,,(732) 610-5196,Toms River,NJ,false
Deer Hollow Park,,https://www.indoordogpark.org/parks/deer-hollow-park,http://tomsrivertownship.com/,(732) 341-1000,Toms River,NJ,false
Shelter Cove Park,,https://www.indoordogpark.org/parks/shelter-cove-park,https://www.tomsrivertownship.com/Facilities/Facility/Details/Shelter-Cove-Park-19,(732) 341-1000 ext. 8415,Toms River,NJ,false
Winding River Park,,https://www.indoordogpark.org/parks/winding-river-park,http://tomsrivertownship.com/,(732) 341-1000 ext. 8424,Toms River,NJ,false
Whispering Pines Park,,https://www.indoordogpark.org/parks/whispering-pines-park,,,Toms River,NJ,false
Cattus Island County Park Parking Lot,,https://www.indoordogpark.org/parks/cattus-island-county-park-parking-lot,https://www.oceancountyparks.org/frmRegContentPrks?ID=0751673c-9513-4ecc-8f3e-3e65b0f2ec45,(732) 270-6960,Toms River,NJ,false
Puppy Love Dog Walkers,,https://www.indoordogpark.org/parks/puppy-love-dog-walkers,http://www.puppylovedogwalkers.net/,(551) 206-8276,Toms River,NJ,false
Hamilton Dog park,,https://www.indoordogpark.org/parks/hamilton-dog-park,,,Hamilton Township,NJ,false
All Good Dogs,,https://www.indoordogpark.org/parks/all-good-dogs,https://www.allgooddogsnj.com/,(609) 587-3535,Trenton,NJ,false
Camp Bow Wow Lawrenceville NJ,,https://www.indoordogpark.org/parks/camp-bow-wow-lawrenceville-nj,https://www.campbowwow.com/lawrenceville-nj/,(609) 507-2520,Lawrence Township,NJ,false
"Windy Hill Kennels, LLC",,https://www.indoordogpark.org/parks/windy-hill-kennels-llc,http://www.windyhillnj.com/,(609) 259-2540,Allentown,NJ,false
Pets In Paradise,,https://www.indoordogpark.org/parks/pets-in-paradise,http://www.petsinparadise.com/,(609) 586-9600,Hamilton Township,NJ,false
Matt and the Pack Dog Daycare,,https://www.indoordogpark.org/parks/matt-and-the-pack-dog-daycare,,(609) 802-6515,Lawrenceville,NJ,false
Upfront dog center,,https://www.indoordogpark.org/parks/upfront-dog-center,http://upfrontdogcenter.com/,(609) 758-7773,Allentown,NJ,false
Stronghaus Dog Training Center,,https://www.indoordogpark.org/parks/stronghaus-dog-training-center,https://www.stronghaus.com/,(215) 284-9091,Bordentown,NJ,false
J Mac K-9 Dog Training,,https://www.indoordogpark.org/parks/j-mac-k-9-dog-training,https://www.jmack9.com/,(609) 625-7772,Mays Landing,NJ,false
"Waggly Tails Dog Training, LLC",,https://www.indoordogpark.org/parks/waggly-tails-dog-training-llc,http://www.wagglytailsdogtraining.com/,(201) 401-7200,Robbinsville Twp,NJ,false
Academy Dog Training of Central Jersey,,https://www.indoordogpark.org/parks/academy-dog-training-of-central-jersey,https://traindogsnj.com/,(609) 351-6963,Allentown,NJ,false
PetSmart Dog Training,,https://www.indoordogpark.org/parks/petsmart-dog-training,https://stores.petsmart.com/nj/hamilton/hamilton/dog-training?utm_source=google&utm_medium=organic&utm_campaign=google-my-business,(609) 585-4418,Hamilton Township,NJ,false
Tail Waggin' Events,,https://www.indoordogpark.org/parks/tail-waggin-events,http://tailwagginevents.com/,,Robbinsville Twp,NJ,false
Petco Dog Training,,https://www.indoordogpark.org/parks/petco-dog-training,https://stores.petco.com/nj/hamilton/dog-training-hamilton-nj-2873.html,(609) 890-3160,Hamilton Township,NJ,false
My Dog's Got Class,,https://www.indoordogpark.org/parks/my-dog-s-got-class,https://www.mydogsgotclass.com/,(908) 334-1043,Lebanon,NJ,false
Good as Gold K9 LLC,,https://www.indoordogpark.org/parks/good-as-gold-k9-llc,,(908) 229-9636,Allentown,NJ,false
Happy Training,,https://www.indoordogpark.org/parks/happy-training,http://happytrainingwithashley.com/,(609) 213-7049,Hamilton,NJ,false
Full Service Canine,,https://www.indoordogpark.org/parks/full-service-canine,http://www.fullservicecanine.com/,(609) 491-4113,Wrightstown,NJ,false
4 Paws Adrift - Canine Swim & Hydrotherapy Center (NJ),,https://www.indoordogpark.org/parks/4-paws-adrift-canine-swim-hydrotherapy-center-nj,https://www.4pawsadrift.com/,(908) 892-4709,Allentown,NJ,false
Hamilton Dog Training Club Inc,,https://www.indoordogpark.org/parks/hamilton-dog-training-club-inc,http://www.hamiltondogtraining.com/,(513) 760-3093,Fairfield,NJ,false
Dogs' Choice Grooming LLC,,https://www.indoordogpark.org/parks/dogs-choice-grooming-llc,,(609) 439-0900,Hamilton Township,NJ,false
Dog Style Grooming,,https://www.indoordogpark.org/parks/dog-style-grooming,,(609) 807-6000,Hamilton Township,NJ,false
Pawlished Pets Grooming,,https://www.indoordogpark.org/parks/pawlished-pets-grooming,https://www.facebook.com/profile.php?id=100093277041356,(609) 826-6956,Hamilton Township,NJ,false
Whiskers & Tails,,https://www.indoordogpark.org/parks/whiskers-tails,http://www.whiskersandtailsnj.com/,(609) 586-4046,Hamilton Square,NJ,false
Bubbles Away Pet Salon,,https://www.indoordogpark.org/parks/bubbles-away-pet-salon,http://www.bubblesawaysalon.com/,(609) 964-7533,Trenton,NJ,false
Charming Puppy Cuts,,https://www.indoordogpark.org/parks/charming-puppy-cuts,https://m.facebook.com/charmingpuppycuts/,(609) 838-0044,Hamilton Township,NJ,false
Paws Pet Grooming,,https://www.indoordogpark.org/parks/paws-pet-grooming,http://pawspetgroomers.com/,(609) 586-9860,Trenton,NJ,false
Pets in Paradise 2,,https://www.indoordogpark.org/parks/pets-in-paradise-2,http://www.petsinparadise.com/,(609) 249-4949,Hamilton Township,NJ,false
PetSmart,,https://www.indoordogpark.org/parks/petsmart,https://www.petsmart.com/stores/us/nj/hamilton-store1148.html?utm_source=google&utm_medium=organic&utm_campaign=google-my-business,(609) 585-4418,Hamilton Township,NJ,false
Kayla's Pretty Paws Luxury Pet Spa & Boutique,,https://www.indoordogpark.org/parks/kayla-s-pretty-paws-luxury-pet-spa-boutique,http://www.kaylasprettypaws.com/,(609) 360-6050,Lawrence Township,NJ,false
Pet Supplies Plus Hamilton Twp,,https://www.indoordogpark.org/parks/pet-supplies-plus-hamilton-twp,https://www.petsuppliesplus.com/store/nj/hamilton/4632-hamilton/4632,(609) 459-3777,Hamilton Township,NJ,false
Jurassic Bark Pet Grooming,,https://www.indoordogpark.org/parks/jurassic-bark-pet-grooming,https://booking.moego.pet/ol/landing?name=JurassicBark115653,(609) 667-6455,Bordentown,NJ,false
Friends GROOMING,,https://www.indoordogpark.org/parks/friends-grooming,https://friendsgrooming.top/,(609) 341-8508,Trenton,NJ,false
Princeton Grooming,,https://www.indoordogpark.org/parks/princeton-grooming,http://www.princetongrooming.com/,(609) 658-6164,West Windsor Township,NJ,false
The Dog Lounge Hamilton,,https://www.indoordogpark.org/parks/the-dog-lounge-hamilton,,01698 692263,Hamilton,NJ,false
Bag of Bones Barkery,,https://www.indoordogpark.org/parks/bag-of-bones-barkery,http://www.bagofbonesbarkery.com/,(609) 528-0101,Hamilton Township,NJ,false
Barney's Kennels & Grooming,,https://www.indoordogpark.org/parks/barney-s-kennels-grooming,http://www.barneyskennelsandgrooming.com/,(609) 261-0254,Mt Holly,NJ,false
Country Haven Kennels & Dog Park,,https://www.indoordogpark.org/parks/country-haven-kennels-dog-park,http://www.countryhavennj.com/,(609) 500-2839,Mt Holly,NJ,false
Kokas Kennels Dog- Otel & Cattery,,https://www.indoordogpark.org/parks/kokas-kennels-dog-otel-cattery,,(609) 267-9029,Westampton Township,NJ,false
Hamilton Veterinary Hospital,,https://www.indoordogpark.org/parks/hamilton-veterinary-hospital,http://hamiltonvet.net/,(609) 888-3400,Trenton,NJ,false
Golden Grange Kennels,,https://www.indoordogpark.org/parks/golden-grange-kennels,http://www.goldengrange.com/,(609) 324-3647,Chesterfield,NJ,false
Weber's Training School,,https://www.indoordogpark.org/parks/weber-s-training-school,http://www.weberstrainingschool.com/,(609) 452-8081,Princeton,NJ,false
Sasha's Sitters LLC,,https://www.indoordogpark.org/parks/sasha-s-sitters-llc,http://www.sashassitters.com/,(609) 658-8063,Hamilton Township,NJ,false
Doggy Motel and Kitties too!,,https://www.indoordogpark.org/parks/doggy-motel-and-kitties-too,https://doggy-motel.com/,(513) 863-3647,Hamilton,NJ,false
Veterans Park - Kurlander Field,,https://www.indoordogpark.org/parks/veterans-park-kurlander-field,http://www.hamiltonnj.com/Parks,(609) 586-0311,Hamilton Township,NJ,false
Veterans Park,,https://www.indoordogpark.org/parks/veterans-park,http://www.hamiltonnj.com/content/228306/228354/default.aspx,(609) 890-3560,Hamilton Township,NJ,false
Rosedale Dog Park,,https://www.indoordogpark.org/parks/rosedale-dog-park,http://lhtrail.org/,,Pennington,NJ,false
Swedes Run Fields & Dog Park,,https://www.indoordogpark.org/parks/swedes-run-fields-dog-park,,,Moorestown,NJ,false
Florence Township Dog Park,,https://www.indoordogpark.org/parks/florence-township-dog-park,,,Roebling,NJ,false
K9 Resorts,,https://www.indoordogpark.org/parks/k9-resorts,,,Hamilton Township,NJ,false
Mercer County Park,,https://www.indoordogpark.org/parks/mercer-county-park,https://www.mercercounty.org/departments/mercer-county-park-commission/find-parks-facilities/mercer-county-park,(609) 443-8560,West Windsor Township,NJ,false
Hamilton Recreation Office,,https://www.indoordogpark.org/parks/hamilton-recreation-office,http://www.hamiltonnj.com/content/228306/228354/default.aspx,(609) 890-4028,Hamilton,NJ,false
Kuser Farm Park,,https://www.indoordogpark.org/parks/kuser-farm-park,http://www.hamiltonnj.com/KuserMansion,(609) 890-3630,Hamilton Township,NJ,false
Dog run,,https://www.indoordogpark.org/parks/dog-run,,,Hamilton Township,NJ,false
Dog Park,,https://www.indoordogpark.org/parks/dog-park,,,East Windsor,NJ,false
Morrisville Dog Park,,https://www.indoordogpark.org/parks/morrisville-dog-park,https://morrisvilledogpark.com/,(215) 295-1045,Morrisville,NJ,false
Canine Commons West Windsor Dog Park,,https://www.indoordogpark.org/parks/canine-commons-west-windsor-dog-park,,,West Windsor,NJ,false
Princeton Dog Park,,https://www.indoordogpark.org/parks/princeton-dog-park,https://www.princetondogpark.org/,,Princeton,NJ,false
Bow Wow Dog Park,,https://www.indoordogpark.org/parks/bow-wow-dog-park,,(856) 665-1000,Pennsauken,NJ,false
Falls Township Dog Park,,https://www.indoordogpark.org/parks/falls-township-dog-park,,,Morrisville,NJ,false
JBMDL Dog Park,,https://www.indoordogpark.org/parks/jbmdl-dog-park,,,Trenton,NJ,false
Village Park Dog Park,,https://www.indoordogpark.org/parks/village-park-dog-park,https://www.lawrencetwp.com/maps/location/DogPark,(609) 844-7065,Lawrence Township,NJ,false
Hero Dog Park,,https://www.indoordogpark.org/parks/hero-dog-park,,,Lawrence Township,NJ,false
Lower Makefield Township Dog Park (Members Only),,https://www.indoordogpark.org/parks/lower-makefield-township-dog-park-members-only,,(267) 274-1102,Yardley,NJ,false
Dog training area,,https://www.indoordogpark.org/parks/dog-training-area,,,Trenton,NJ,false
Fetch! Pet Care of West Trenton and Yardley,,https://www.indoordogpark.org/parks/fetch-pet-care-of-west-trenton-and-yardley,https://wtrentonyardley.fetchpetcare.com/,(609) 643-0843,Ewing Township,NJ,false
Four Paws Doggie Daycare,,https://www.indoordogpark.org/parks/four-paws-doggie-daycare,http://www.fourpawsdoggiedaycare.com/,(215) 428-4701,Morrisville,NJ,false
Yardley Animal Kennels Inc,,https://www.indoordogpark.org/parks/yardley-animal-kennels-inc,https://www.yardleyanimalkennels.com/,(215) 493-2717,Yardley,NJ,false
Central Bark Falls Township,,https://www.indoordogpark.org/parks/central-bark-falls-township,https://www.centralbarkusa.com/falls-township/,(215) 946-7297,Fairless Hills,NJ,false
Love Your Dog Daycare,,https://www.indoordogpark.org/parks/love-your-dog-daycare,https://loveyourdogdaycare.biz/,(609) 662-4758,Cranbury,NJ,false
Best Friends Pet Hotel,,https://www.indoordogpark.org/parks/best-friends-pet-hotel,https://bestfriendspetcare.com/locations/cinnaminson?utm_source=google_my_business&utm_medium=organic,(856) 661-0707,Cinnaminson,NJ,false
Courageous Canines Dog Training,,https://www.indoordogpark.org/parks/courageous-canines-dog-training,http://www.courageouscanines.us/,(267) 607-3641,Trenton,NJ,false
Mai's Bed & Biscuits,,https://www.indoordogpark.org/parks/mai-s-bed-biscuits,,(908) 848-3113,Ewing Township,NJ,false
PetHotels.com - Trenton Dog Boarding Cat & Dog Friendly Hotels,,https://www.indoordogpark.org/parks/pethotels-com-trenton-dog-boarding-cat-dog-friendly-hotels,https://pethotels.com/us/nj/central-jersey/trenton/pet-boarding,(609) 237-7580,Trenton,NJ,false
Pet Castle Resort,,https://www.indoordogpark.org/parks/pet-castle-resort,https://www.petcastleresort.com/,(267) 568-2466,Langhorne,NJ,false
Mali’s House,,https://www.indoordogpark.org/parks/mali-s-house,https://www.malishouse.com/,(617) 794-7255,Moorestown,NJ,false
All Good Dogs Daycare,,https://www.indoordogpark.org/parks/all-good-dogs-daycare,https://www.allgooddogscagefree.com/,(609) 275-7177,Monmouth Junction,NJ,false
Critter Camp Pet Lodge,,https://www.indoordogpark.org/parks/critter-camp-pet-lodge,http://www.crittercamppetlodge.com/,(352) 463-7387,Trenton,NJ,false
Tactical Treats and Training,,https://www.indoordogpark.org/parks/tactical-treats-and-training,http://tactical-treats.com/,(609) 203-0686,Ewing Township,NJ,false
"Anderson K9 Training, LLC",,https://www.indoordogpark.org/parks/anderson-k9-training-llc,https://andersonk9training.com/,(609) 221-5701,Yardley,NJ,false
Pro K9 Center,,https://www.indoordogpark.org/parks/pro-k9-center,https://procaninecenter.com/,(800) 605-3647,Frenchtown,NJ,false
Dog Potential Unleashed,,https://www.indoordogpark.org/parks/dog-potential-unleashed,http://dogpotentialunleashed.com/contact/,(646) 221-5912,Trenton,NJ,false
"Coastal Pines K9 | Burlington County, NJ",,https://www.indoordogpark.org/parks/coastal-pines-k9-burlington-county-nj,http://www.coastalpinesk9.com/,(609) 354-7271,Medford,NJ,false
BUCKS-MERCER AGILITY PARTNERS LLC.,,https://www.indoordogpark.org/parks/bucks-mercer-agility-partners-llc,http://www.bucksmerceragility.com/,(215) 499-9944,Pennington,NJ,false
"Buck's Dog Training, LLC",,https://www.indoordogpark.org/parks/buck-s-dog-training-llc,http://www.bucksdogtraining.com/,(888) 995-5355,Mullica Hill,NJ,false
Lower Bucks Dog Training Club,,https://www.indoordogpark.org/parks/lower-bucks-dog-training-club,http://lbdtc.org/,(215) 493-1201,Levittown,NJ,false
Plateau Kennels LLC,,https://www.indoordogpark.org/parks/plateau-kennels-llc,http://plateaukennels.com/,(908) 996-4209,Frenchtown,NJ,false
Markenhaus Manor,,https://www.indoordogpark.org/parks/markenhaus-manor,https://www.markenhausmanor.com/,(609) 466-3130,Hopewell,NJ,false
Red Storm Blues LLC,,https://www.indoordogpark.org/parks/red-storm-blues-llc,https://redstormblues.com/contact,(609) 658-4863,Trenton,NJ,false
Hounds Around the Town,,https://www.indoordogpark.org/parks/hounds-around-the-town,,(908) 209-2240,Trenton,NJ,false
Happy Pawz,,https://www.indoordogpark.org/parks/happy-pawz,,(731) 445-7806,Trenton,NJ,false
Timber Creek Dog Park,,https://www.indoordogpark.org/parks/timber-creek-dog-park,https://www.camdencounty.com/service/parks/timber-creek-park/,,Blackwood,NJ,false
Banchoff Park,,https://www.indoordogpark.org/parks/banchoff-park,https://ewingnj.org/banchoff-park,(609) 883-1776,Ewing,NJ,false
Cadwalader Park,,https://www.indoordogpark.org/parks/cadwalader-park,https://www.trentonnj.org/facilities/facility/details/Cadwalader-Park-54,(609) 989-3635,Trenton,NJ,false
Lalor St Park,,https://www.indoordogpark.org/parks/lalor-st-park,,,Trenton,NJ,false
Pets Plus - Lawrenceville,,https://www.indoordogpark.org/parks/pets-plus-lawrenceville,http://petsplusnatural.com/,(609) 278-0888,Lawrenceville,NJ,false
Mobile Dog Grooming by Best In Show,,https://www.indoordogpark.org/parks/mobile-dog-grooming-by-best-in-show,http://www.bestinshowpetgroomer.com/,(267) 566-9504,Morrisville,NJ,false
A Pet Stop,,https://www.indoordogpark.org/parks/a-pet-stop,,(215) 295-8554,Morrisville,NJ,false
Pretty Little Pooch Boutique LLC,,https://www.indoordogpark.org/parks/pretty-little-pooch-boutique-llc,,(267) 250-9391,Levittown,NJ,false
Armory Memorial Dog Park,,https://www.indoordogpark.org/parks/armory-memorial-dog-park,,,Passaic,NJ,false
Latteri Park,,https://www.indoordogpark.org/parks/latteri-park,https://cliftonnj.myrec.com/info/facilities/details.aspx?FacilityID=14874,(973) 470-5956,Clifton,NJ,false
Nash Park,,https://www.indoordogpark.org/parks/nash-park,https://cliftonnj.myrec.com/info/facilities/details.aspx?FacilityID=14818,,Clifton,NJ,false
Lisa’s Pet Salon,,https://www.indoordogpark.org/parks/lisa-s-pet-salon,,(973) 472-3647,Clifton,NJ,false
Patty's Pet Place,,https://www.indoordogpark.org/parks/patty-s-pet-place,,(973) 272-9337,Clifton,NJ,false
Betr Dogs,,https://www.indoordogpark.org/parks/betr-dogs,https://calendly.com/betrdogs,(201) 554-4067,Rutherford,NJ,false
Petco Dog Training,,https://www.indoordogpark.org/parks/petco-dog-training,https://stores.petco.com/nj/clifton/dog-training-clifton-nj-1865.html,(973) 472-3344,Clifton,NJ,false
Upstate Canine Academy - Dog Training Facility,,https://www.indoordogpark.org/parks/upstate-canine-academy-dog-training-facility,https://www.upstatecanine.com/?utm_source=google+my+business&utm_medium=organic&utm_campaign=uca,(518) 952-7873,Halfmoon,NJ,false
Good Dog Pet Training,,https://www.indoordogpark.org/parks/good-dog-pet-training,http://gooddogpettraining.com/,(201) 661-8357,Mahwah,NJ,false
Upstate Canine Academy - Doggy Daycare Facility,,https://www.indoordogpark.org/parks/upstate-canine-academy-doggy-daycare-facility,https://www.upstatecanine.com/?utm_source=google+my+business&utm_medium=organic&utm_campaign=daycare,(518) 952-7873,Clifton Park,NJ,false
Alpha & Omega Working Dogs - Dog Training,,https://www.indoordogpark.org/parks/alpha-omega-working-dogs-dog-training,http://www.aoworkingdogs.com/,(856) 441-2425,Moorestown,NJ,false
"NJ Dog Academy, LLC",,https://www.indoordogpark.org/parks/nj-dog-academy-llc,http://www.njdogacademy.com/,(973) 352-7068,Parsippany,NJ,false
"Woofs, Purrs & Twitters",,https://www.indoordogpark.org/parks/woofs-purrs-twitters,,(201) 410-6605,Clifton,NJ,false
Bliss Dog Grooming LLC,,https://www.indoordogpark.org/parks/bliss-dog-grooming-llc,https://groomer.io/schedule/blissdog,(862) 334-1138,Clifton,NJ,false
Garfield pet groomer,,https://www.indoordogpark.org/parks/garfield-pet-groomer,https://www.instagram.com/garfield_groomer?igsh=MThtaWF1ZHk4bnB1dA==&utm_source=qr,(201) 757-2031,Garfield,NJ,false
Allwood Pet Center,,https://www.indoordogpark.org/parks/allwood-pet-center,,(973) 365-1300,Clifton,NJ,false
Go Groom Mobile Pet Grooming,,https://www.indoordogpark.org/parks/go-groom-mobile-pet-grooming,https://www.gogroom.pet/,(201) 464-3420,Lyndhurst,NJ,false
Happy Pet Tails,,https://www.indoordogpark.org/parks/happy-pet-tails,http://www.happypettails.co/,(973) 777-7293,Garfield,NJ,false
Fluffy Pets,,https://www.indoordogpark.org/parks/fluffy-pets,https://instagram.com/fluffypets.grm?igshid=NGExMmI2YTkyZg==,(973) 272-2373,Clifton,NJ,false
Prideful Grooming,,https://www.indoordogpark.org/parks/prideful-grooming,https://pridefulgrooming.com/,(201) 456-6785,East Rutherford,NJ,false
Noelle’s grooming salon,,https://www.indoordogpark.org/parks/noelle-s-grooming-salon,,(973) 667-9663,Nutley,NJ,false
Bubbles & Barks Dog Grooming Salon,,https://www.indoordogpark.org/parks/bubbles-barks-dog-grooming-salon,https://bubbles-and-barks-nj.square.site/,(973) 779-2539,Passaic,NJ,false
Le Petique Atelier LLC,,https://www.indoordogpark.org/parks/le-petique-atelier-llc,http://www.lepetiqueatelier.com/,(201) 933-0627,Rutherford,NJ,false
Foster Animal Hospital,,https://www.indoordogpark.org/parks/foster-animal-hospital,https://vcahospitals.com/foster?utm_source=maps&utm_medium=organic&utm_campaign=AU_359,(973) 777-0064,Clifton,NJ,false
Dog Park at Rifle Camp Park,,https://www.indoordogpark.org/parks/dog-park-at-rifle-camp-park,,,Woodland Park,NJ,false
Randolph Park,,https://www.indoordogpark.org/parks/randolph-park,https://cliftonnj.myrec.com/info/facilities/details.aspx?FacilityID=14910,,Clifton,NJ,false
Weasel Brook Park,,https://www.indoordogpark.org/parks/weasel-brook-park,https://www.passaiccountynj.org/Home/Components/FacilityDirectory/FacilityDirectory/58/316,(973) 881-4832,Clifton,NJ,false
Robin Hood Park,,https://www.indoordogpark.org/parks/robin-hood-park,,,Clifton,NJ,false
Nutley Dog Park,,https://www.indoordogpark.org/parks/nutley-dog-park,https://www.nutleynj.org/parksandrec,(973) 284-4966,Nutley,NJ,false
Glen Rock NJ Dog Park,,https://www.indoordogpark.org/parks/glen-rock-nj-dog-park,http://www.glenrocknjdogpark.org/,,Glen Rock,NJ,false
Elmwood Park Dog Park,,https://www.indoordogpark.org/parks/elmwood-park-dog-park,,,Garfield,NJ,false
Garfield Dog Park,,https://www.indoordogpark.org/parks/garfield-dog-park,,,Garfield,NJ,false
Alonzo F Bonsal Wildlife Preserve,,https://www.indoordogpark.org/parks/alonzo-f-bonsal-wildlife-preserve,https://www.montclairnjusa.org/Government/Departments/Recreation-Cultural-Affairs/Parks-and-Park-Facilities,(973) 509-4915,Montclair,NJ,false
Brookdale Park,,https://www.indoordogpark.org/parks/brookdale-park,https://www.essexcountyparks.org/parks/brookdale-park,(973) 268-3500,Bloomfield,NJ,false
Dunney Park,,https://www.indoordogpark.org/parks/dunney-park,https://cliftonnj.myrec.com/info/facilities/details.aspx?FacilityID=14834,(973) 470-5956,Clifton,NJ,false
Dog Park,,https://www.indoordogpark.org/parks/dog-park,,,Wallington,NJ,false
Orianna Hill Park,,https://www.indoordogpark.org/parks/orianna-hill-park,http://oriannahill.org/,,Philadelphia,NJ,false
Palmer Doggie Depot,,https://www.indoordogpark.org/parks/palmer-doggie-depot,,(267) 237-2747,Philadelphia,NJ,false
Penn's Landing Dog Park,,https://www.indoordogpark.org/parks/penn-s-landing-dog-park,,,Philadelphia,NJ,false
Cooper River Dog Park,,https://www.indoordogpark.org/parks/cooper-river-dog-park,,,Cherry Hill Township,NJ,false
Seger Dog Park,,https://www.indoordogpark.org/parks/seger-dog-park,https://segerdogpark.org/,(215) 686-1780,Philadelphia,NJ,false
Duke's Dog Run at Freedom Park,,https://www.indoordogpark.org/parks/duke-s-dog-run-at-freedom-park,https://m.facebook.com/pages/Freedom-Barks-Inc-of-Medford/1430047963948062?refsrc=https%3A%2F%2Fwww.facebook.com%2Fpages%2FFreedom-Barks-Inc-of-Medford%2F1430047963948062&_rdr,,Medford,NJ,false
Dog Park,,https://www.indoordogpark.org/parks/dog-park,,,Mt Laurel Township,NJ,false
Sunshine Dog Park,,https://www.indoordogpark.org/parks/sunshine-dog-park,https://www.facebook.com/SunshineDogPark,(609) 381-1096,Bridgeton,NJ,false
Deptford Doggie Park,,https://www.indoordogpark.org/parks/deptford-doggie-park,,,Westville,NJ,false
Farnham Park,,https://www.indoordogpark.org/parks/farnham-park,,,Camden,NJ,false
Borough of Bellmawr Dog Park,,https://www.indoordogpark.org/parks/borough-of-bellmawr-dog-park,,,Bellmawr,NJ,false
Gloucester County Dog Park,,https://www.indoordogpark.org/parks/gloucester-county-dog-park,http://www.dreamparknj.com/visit-dream-park/dog-park.html,,Logan Township,NJ,false
Mario Lanza Park,,https://www.indoordogpark.org/parks/mario-lanza-park,https://www.phila.gov/parks-rec-finder/#/location/mario-lanza-park/56a8f8587a8cee5e3a25b021,,Philadelphia,NJ,false
Uptown Dogs,,https://www.indoordogpark.org/parks/uptown-dogs,https://uptown-dogs.com/?utm_source=google&utm_medium=organic&utm_campaign=seolocale,(445) 223-4858,Philadelphia,NJ,false
Columbus Square Dog Park,,https://www.indoordogpark.org/parks/columbus-square-dog-park,https://www.phila.gov/departments/philadelphia-parks-recreation/about/dog-regulations-and-best-practices/,,Philadelphia,NJ,false
Ziggy's Dog Park,,https://www.indoordogpark.org/parks/ziggy-s-dog-park,,,Palmyra,NJ,false
Villa La PAWS,,https://www.indoordogpark.org/parks/villa-la-paws,http://villalapawsnj.com/,(856) 608-7833,Maple Shade,NJ,false
Camp Bow Wow Cherry Hill,,https://www.indoordogpark.org/parks/camp-bow-wow-cherry-hill,https://www.campbowwow.com/cherry-hill/,(856) 548-8592,Cherry Hill Township,NJ,false
Wag Watch,,https://www.indoordogpark.org/parks/wag-watch,http://wagwatchusa.com/,(215) 337-3446,Philadelphia,NJ,false
The Dog Alley,,https://www.indoordogpark.org/parks/the-dog-alley,http://www.thedogalley.com/,(267) 886-9614,Philadelphia,NJ,false
Heart + Paw,,https://www.indoordogpark.org/parks/heart-paw,https://heartandpaw.com/locations/cherry-hill?utm_source=google&utm_medium=gbp&utm_campaign=urbain&utm_content=websitelink,(856) 856-5223,Cherry Hill Township,NJ,false
barKadelphia,,https://www.indoordogpark.org/parks/barkadelphia,http://www.barkadelphia.com/,(215) 413-2275,Philadelphia,NJ,false
PupsPort Dog Daycare & Grooming,,https://www.indoordogpark.org/parks/pupsport-dog-daycare-grooming,http://pupsportphl.com/,(267) 995-0298,Philadelphia,NJ,false
Dogtopia of Cherry Hill,,https://www.indoordogpark.org/parks/dogtopia-of-cherry-hill,https://www.dogtopia.com/cherryhill,(856) 254-3555,Cherry Hill Township,NJ,false
Dog Dayzzz Daycare,,https://www.indoordogpark.org/parks/dog-dayzzz-daycare,http://dogdayzzzdaycare.com/,(215) 272-9277,Philadelphia,NJ,false
WOOF Day Care & Boarding,,https://www.indoordogpark.org/parks/woof-day-care-boarding,https://woofdaycare.com/,(856) 553-6871,Sewell,NJ,false
Z Dog Daycare,,https://www.indoordogpark.org/parks/z-dog-daycare,http://www.zdogdaycare.com/,(267) 571-9738,Philadelphia,NJ,false
Lakeside Kennel & Cattery LLC,,https://www.indoordogpark.org/parks/lakeside-kennel-cattery-llc,http://www.lakesidekennelandcattery.com/,(856) 424-1768,Voorhees Township,NJ,false
Best Friends Pet Hotel,,https://www.indoordogpark.org/parks/best-friends-pet-hotel,https://bestfriendspetcare.com/locations/berlin?utm_source=google_my_business&utm_medium=organic,(856) 719-0888,West Berlin,NJ,false
Clif Wyck Farms Kennels - Top Pet Boarding in Marlton,,https://www.indoordogpark.org/parks/clif-wyck-farms-kennels-top-pet-boarding-in-marlton,https://www.clifwyck.com/?utm_source=google&utm_medium=local&utm_campaign=gmb,(856) 983-3050,Marlton,NJ,false
The Towne Barker,,https://www.indoordogpark.org/parks/the-towne-barker,https://www.thetownebarker.com/,(267) 777-2003,Philadelphia,NJ,false
Joyful Acres,,https://www.indoordogpark.org/parks/joyful-acres,http://www.joyfulacres.net/,(856) 769-5471,Woodstown,NJ,false
Heart + Paw,,https://www.indoordogpark.org/parks/heart-paw,https://heartandpaw.com/locations/marlton?utm_source=google&utm_medium=gbp&utm_campaign=urbain&utm_content=websitelink,(856) 588-3310,Evesham,NJ,false
Windrift Kennels,,https://www.indoordogpark.org/parks/windrift-kennels,http://www.windriftkennels.com/,(609) 465-7533,Cape May Court House,NJ,false
Halo House Animal Resort,,https://www.indoordogpark.org/parks/halo-house-animal-resort,http://halohouseanimalresort.com/,(856) 694-0980,Franklinville,NJ,false
WonderDogs Canine Training & Activity Center,,https://www.indoordogpark.org/parks/wonderdogs-canine-training-activity-center,http://www.wonderdogs.com/,(856) 767-6464,Berlin Township,NJ,false
Positive Response Dog Training,,https://www.indoordogpark.org/parks/positive-response-dog-training,https://www.positiveresponsedogtraining.com/,(609) 929-0690,Clementon,NJ,false
Opportunity Barks Behavior & Training,,https://www.indoordogpark.org/parks/opportunity-barks-behavior-training,http://www.opbarks.com/,(267) 571-1231,Philadelphia,NJ,false
Absolute Control Dog Training Academy,,https://www.indoordogpark.org/parks/absolute-control-dog-training-academy,https://www.acdtacademy.com/,(609) 451-5252,Medford,NJ,false
"WoofGang, LLC",,https://www.indoordogpark.org/parks/woofgang-llc,http://www.mywoofgang.com/,(646) 345-5116,Collingswood,NJ,false
Exclusive Dog Training,,https://www.indoordogpark.org/parks/exclusive-dog-training,http://www.exclusivedogtraining.com/,(609) 678-6120,Marlton,NJ,false
K9 Basics - Dog Training,,https://www.indoordogpark.org/parks/k9-basics-dog-training,https://www.k9basics.com/?utm_source=google&utm_medium=local&utm_campaign=gmb,(866) 592-2742,Marlton,NJ,false
Complete K9 Services,,https://www.indoordogpark.org/parks/complete-k9-services,http://completek9services.com/,(856) 840-3740,Riverton,NJ,false
Stronghaus Dog Training Center,,https://www.indoordogpark.org/parks/stronghaus-dog-training-center,https://stronghaus.com/,(215) 284-9091,Philadelphia,NJ,false
P 3 canine training and obedience,,https://www.indoordogpark.org/parks/p-3-canine-training-and-obedience,,(267) 876-0717,Blackwood,NJ,false
All Canines LLC,,https://www.indoordogpark.org/parks/all-canines-llc,https://www.allcanines.com/,(267) 651-8821,Philadelphia,NJ,false
Petco Dog Training,,https://www.indoordogpark.org/parks/petco-dog-training,https://stores.petco.com/nj/brooklawn/dog-training-brooklawn-nj-3817.html,(856) 349-9152,Brooklawn,NJ,false
Crazy Dog Lady Grooming Studio,,https://www.indoordogpark.org/parks/crazy-dog-lady-grooming-studio,https://booking.moego.pet/ol/CrazyDogLadyGroomingStudio/landing,(856) 209-3443,Camden,NJ,false
Doggie.designs,,https://www.indoordogpark.org/parks/doggie-designs,http://www.doggiedesignsoaklyn.com/,(856) 617-1667,Oaklyn,NJ,false
Pixel Pets Pet Salon & Mobile Grooming,,https://www.indoordogpark.org/parks/pixel-pets-pet-salon-mobile-grooming,http://pixelpetspetsalon.com/?utm_source=gmb&utm_medium=referral,(609) 313-6861,Mt Ephraim,NJ,false
Dirty Dogs Mobile,,https://www.indoordogpark.org/parks/dirty-dogs-mobile,http://dirtydogsmobile.com/,(856) 446-5777,Moorestown,NJ,false
A Plus Pet Grooming,,https://www.indoordogpark.org/parks/a-plus-pet-grooming,https://www.facebook.com/A-PLUS-PET-GROOMING-114184378604900/,(856) 742-0007,Gloucester City,NJ,false
The Dog House,,https://www.indoordogpark.org/parks/the-dog-house,http://www.thedoghousesj.com/,(856) 547-8716,Audubon,NJ,false
"All Paws Rock, LLC",,https://www.indoordogpark.org/parks/all-paws-rock-llc,http://www.allpawsrock.com/,(856) 652-4030,Cherry Hill Township,NJ,false
Scissors N Suds,,https://www.indoordogpark.org/parks/scissors-n-suds,,(856) 858-6262,Collingswood,NJ,false
Friends Grooming,,https://www.indoordogpark.org/parks/friends-grooming,,(856) 316-3691,Moorestown,NJ,false
"The Posh Pooch - Enrichment Daycare, Grooming, Cage-Free Boarding",,https://www.indoordogpark.org/parks/the-posh-pooch-enrichment-daycare-grooming-cage-free-boarding,http://www.theposhpoochnj.com/,(973) 939-5260,Cherry Hill Township,NJ,false
Spot's Spot Pet Grooming,,https://www.indoordogpark.org/parks/spot-s-spot-pet-grooming,http://spotsspotandspa.com/,(267) 687-7928,Philadelphia,NJ,false
The Dog Room Grooming Boutique,,https://www.indoordogpark.org/parks/the-dog-room-grooming-boutique,http://www.thedogroomgroomingboutique.com/,(856) 672-1209,Runnemede,NJ,false
Laura Loves Dogs,,https://www.indoordogpark.org/parks/laura-loves-dogs,https://lauralovesdogsllc.com/,(267) 666-1352,Philadelphia,NJ,false
The Salty Dog,,https://www.indoordogpark.org/parks/the-salty-dog,https://www.facebook.com/saltydog.camden,(207) 230-8208,Camden,NJ,false
JRL Dog Boarding,,https://www.indoordogpark.org/parks/jrl-dog-boarding,https://d.facebook.com/JRL-Boarding-2077524272492919/,(609) 206-0758,Berlin,NJ,false
Mighty Mutts Bed & Biscuit,,https://www.indoordogpark.org/parks/mighty-mutts-bed-biscuit,,(609) 268-5700,Tabernacle,NJ,false
Halo House Animal Resort,,https://www.indoordogpark.org/parks/halo-house-animal-resort,https://halohouseanimalresort.com/,(856) 318-1042,Sicklerville,NJ,false
Philadelphia Pet Hotel & Villas,,https://www.indoordogpark.org/parks/philadelphia-pet-hotel-villas,http://www.phillypethotel.com/,(215) 365-4555,Philadelphia,NJ,false
Pyne Poynt Park,,https://www.indoordogpark.org/parks/pyne-poynt-park,,(856) 216-2117,Camden,NJ,false
Doghouse,,https://www.indoordogpark.org/parks/doghouse,,,Camden,NJ,false
Brooklawn Dog Park,,https://www.indoordogpark.org/parks/brooklawn-dog-park,,,Brooklawn,NJ,false
Florence Korostynski Memorial Dog Park,,https://www.indoordogpark.org/parks/florence-korostynski-memorial-dog-park,,,Bellmawr,NJ,false
Von Nieda Park/ Baldwin's Run Stream,,https://www.indoordogpark.org/parks/von-nieda-park-baldwin-s-run-stream,,,Camden,NJ,false
Playground,,https://www.indoordogpark.org/parks/playground,,,Oaklyn,NJ,false
"Four Paws Playground-- Doggie Daycare, Crateless Boarding, Puppy Wednesday and Training",,https://www.indoordogpark.org/parks/four-paws-playground-doggie-daycare-crateless-boarding-puppy-wednesday-and-training,http://www.fourpawsplayground.com/,(908) 479-6882,Bloomsbury,NJ,false
Beaver Dam Creek County Park,,https://www.indoordogpark.org/parks/beaver-dam-creek-county-park,http://www.oceancountyparks.org/frmRegContentPrks?ID=f70abebb-2890-45e2-ac2f-462155594cf1,(732) 506-9090,Point Pleasant,NJ,false
Shore To Please Pet Sitting,,https://www.indoordogpark.org/parks/shore-to-please-pet-sitting,,(732) 899-9004,Brick,NJ,false
Pet Concierge By The Sea LLC,,https://www.indoordogpark.org/parks/pet-concierge-by-the-sea-llc,http://petconciergebythesea.com/,(973) 769-2181,Brielle,NJ,false
Planet Poodle,,https://www.indoordogpark.org/parks/planet-poodle,https://www.planetpoodlenj.com/,(732) 449-5300,Wall Township,NJ,false
Wag Watchers Dog Boarding & Pet Siting,,https://www.indoordogpark.org/parks/wag-watchers-dog-boarding-pet-siting,http://www.wagwatchers.com/,(941) 661-0069,Brick Township,NJ,false
PetSmart Dog Training,,https://www.indoordogpark.org/parks/petsmart-dog-training,https://stores.petsmart.com/nj/brick/brick/dog-training?utm_source=google&utm_medium=organic&utm_campaign=google-my-business,(732) 262-5390,Brick Township,NJ,false
The Pretty Paw Grooming and Day Spa,,https://www.indoordogpark.org/parks/the-pretty-paw-grooming-and-day-spa,http://prettypawgroominganddayspa.com/,(848) 326-7650,Point Pleasant,NJ,false
Spirit Animals Pet Salon & Reiki Studio : Brick NJ,,https://www.indoordogpark.org/parks/spirit-animals-pet-salon-reiki-studio-brick-nj,https://www.facebook.com/profile.php?id=61571307995374,(732) 490-0220,Brick Township,NJ,false
Klassy K9,,https://www.indoordogpark.org/parks/klassy-k9,https://www.facebook.com/KlassyK9PetGrooming/,(732) 295-8828,Brick Township,NJ,false
Donna's Precious Pets,,https://www.indoordogpark.org/parks/donna-s-precious-pets,https://dvet.net/explore/donnas-precious-pets/,(732) 202-0741,Brick Township,NJ,false
The Mutt Hut Dog Grooming,,https://www.indoordogpark.org/parks/the-mutt-hut-dog-grooming,https://www.themutthutdoggrooming.com/,(732) 892-1300,Point Pleasant,NJ,false
The Grooming Salon,,https://www.indoordogpark.org/parks/the-grooming-salon,https://www.thegroomingsalonbrielle.com/,(732) 223-7072,Brielle,NJ,false
88 Pet World,,https://www.indoordogpark.org/parks/88-pet-world,http://88petworld.net/,(732) 899-1920,Brick Township,NJ,false
Kelly's Pet Grooming,,https://www.indoordogpark.org/parks/kelly-s-pet-grooming,http://kellyspetgrooming.wordpress.com/,(732) 903-6155,Point Pleasant Beach,NJ,false
Heartbark Hotel,,https://www.indoordogpark.org/parks/heartbark-hotel,http://www.facebook.com/heartbarkhotel,(732) 928-7387,New Egypt,NJ,false
Laurelton Veterinary Hospital,,https://www.indoordogpark.org/parks/laurelton-veterinary-hospital,http://laureltonveterinaryhospital.com/,(732) 840-5588,Brick Township,NJ,false
Wolf Hill Recreation Area,,https://www.indoordogpark.org/parks/wolf-hill-recreation-area,https://www.monmouthcountyparks.com/page.aspx?ID=2548,(732) 229-7025,Oceanport,NJ,false
Edmund Hibbard Park,,https://www.indoordogpark.org/parks/edmund-hibbard-park,https://www.bricknj.gov/business_detail_T29_R22.php,,Brick Township,NJ,false
Drum Point Sports Complex,,https://www.indoordogpark.org/parks/drum-point-sports-complex,,(732) 262-1073,Brick Township,NJ,false
Bay Harbor Park,,https://www.indoordogpark.org/parks/bay-harbor-park,https://www.bricknj.gov/business_detail_T29_R30.php,,Brick Township,NJ,false
Lake Riviera Park,,https://www.indoordogpark.org/parks/lake-riviera-park,,,Brick Township,NJ,false
The Hungry Puppy,,https://www.indoordogpark.org/parks/the-hungry-puppy,http://www.thehungrypuppy.com/,(732) 938-4470,Farmingdale,NJ,false
Marlboro Dog Park,,https://www.indoordogpark.org/parks/marlboro-dog-park,,,Marlboro Township,NJ,false
Brick Reservoir,,https://www.indoordogpark.org/parks/brick-reservoir,http://brickmua.com/reservoir/resdirections.asp,,Brick Township,NJ,false
Mantoloking Bridge County Park,,https://www.indoordogpark.org/parks/mantoloking-bridge-county-park,https://www.oceancountyparks.org/frmRegContentPrks?ID=09a7fef7-35d4-4393-b0b4-10f4c3453b6f,(732) 506-9090,Brick Township,NJ,false
Asbury Park Dog Beach,,https://www.indoordogpark.org/parks/asbury-park-dog-beach,http://www.cityofasburypark.com/dogs,(732) 775-2100,Asbury Park,NJ,false
Windward Beach Park,,https://www.indoordogpark.org/parks/windward-beach-park,http://www.bricktownship.net/index.php/departments/recreation/beaches/,(732) 262-1044,Brick Township,NJ,false
Star Park Cherry Hill,,https://www.indoordogpark.org/parks/star-park-cherry-hill,https://starparkusa.com/,(856) 499-5449,Cherry Hill Township,NJ,false
Croft Farm Dog Park,,https://www.indoordogpark.org/parks/croft-farm-dog-park,,,Cherry Hill Township,NJ,false
Challenge Grove Park,,https://www.indoordogpark.org/parks/challenge-grove-park,https://www.camdencounty.com/service/parks/challenge-grove-park/,(856) 216-2117,Cherry Hill Township,NJ,false
Evesham Township Dog Park,,https://www.indoordogpark.org/parks/evesham-township-dog-park,https://evesham-nj.org/recreation-page-list/385-dog-park,(856) 983-0222,Evesham,NJ,false
Jake's Place Playground,,https://www.indoordogpark.org/parks/jake-s-place-playground,http://www.buildjakesplace.org/,(856) 662-4418,Cherry Hill Township,NJ,false
Croft Farm,,https://www.indoordogpark.org/parks/croft-farm,http://www.chnj.gov/,(856) 488-7868,Cherry Hill Township,NJ,false
Wild Child Play Company,,https://www.indoordogpark.org/parks/wild-child-play-company,https://www.wildchildplayco.com/,(856) 432-3083,Cherry Hill Township,NJ,false
Happy Jacks Pawsitive Dog Training,,https://www.indoordogpark.org/parks/happy-jacks-pawsitive-dog-training,https://happyjackstraining.com/,(856) 548-7086,Mt Laurel Township,NJ,false
Petco Dog Training,,https://www.indoordogpark.org/parks/petco-dog-training,https://stores.petco.com/nj/cherryhill/dog-training-cherryhill-nj-3851.html,(856) 323-9143,Cherry Hill Township,NJ,false
PetSmart Dog Training,,https://www.indoordogpark.org/parks/petsmart-dog-training,https://stores.petsmart.com/nj/cherry-hill/cherry-hill/dog-training?utm_source=google&utm_medium=organic&utm_campaign=google-my-business,(856) 910-1400,Cherry Hill Township,NJ,false
Dog Training By Bruce,,https://www.indoordogpark.org/parks/dog-training-by-bruce,https://dogtrainingbybruce.com/,(609) 828-9985,Cherry Hill Township,NJ,false
Pawllywood Grooming Cherry Hill,,https://www.indoordogpark.org/parks/pawllywood-grooming-cherry-hill,http://www.pawllywoodpetgrooming.com/,(856) 428-1010,Cherry Hill Township,NJ,false
Fairy Tails Mobile Grooming LLC,,https://www.indoordogpark.org/parks/fairy-tails-mobile-grooming-llc,http://www.fairytailsmobilegrooming.com/,(856) 264-6587,Cherry Hill Township,NJ,false
Petco Grooming,,https://www.indoordogpark.org/parks/petco-grooming,https://stores.petco.com/nj/cherryhill/full-service-grooming-cherryhill-nj-1851.html,(856) 323-9143,Cherry Hill Township,NJ,false
Tailored Tails a Luxury Pet Spa,,https://www.indoordogpark.org/parks/tailored-tails-a-luxury-pet-spa,https://www.tailoredtailsnj.com/?utm_source=google&utm_medium=wix_google_business_profile&utm_campaign=13907142012425624581,(856) 531-1531,Haddonfield,NJ,false
EarthWise Pet Supply & Grooming Voorhees,,https://www.indoordogpark.org/parks/earthwise-pet-supply-grooming-voorhees,https://voorhees.earthwisepet.com/products/shop/,(856) 767-7387,Voorhees Township,NJ,false
The Groomer's In LLC,,https://www.indoordogpark.org/parks/the-groomer-s-in-llc,,(856) 779-1903,Maple Shade,NJ,false
Pet Supplies Plus Cherry Hill,,https://www.indoordogpark.org/parks/pet-supplies-plus-cherry-hill,https://www.petsuppliesplus.com/store/nj/cherry-hill/4286-cherry-hill/4286,(856) 429-2945,Cherry Hill Township,NJ,false
Floss' Grooming,,https://www.indoordogpark.org/parks/floss-grooming,http://flossgrooming.com/,(856) 441-3099,Somerdale,NJ,false
PetSmart,,https://www.indoordogpark.org/parks/petsmart,https://www.petsmart.com/stores/us/nj/cherry-hill-store0575.html?utm_source=google&utm_medium=organic&utm_campaign=google-my-business,(856) 910-1400,Cherry Hill Township,NJ,false
Besties 4 Paws,,https://www.indoordogpark.org/parks/besties-4-paws,http://www.besties4paws.com/,(973) 727-0030,Pompton Plains,NJ,false
Doggy Deuce LLC,,https://www.indoordogpark.org/parks/doggy-deuce-llc,http://www.doggydeucerml.com/,(201) 820-4727,Oradell,NJ,false
✨🌈Puchi Pet Paradise😻🐶,,https://www.indoordogpark.org/parks/puchi-pet-paradise,https://www.puchicon.com/pets,(201) 673-4767,Palisades Park,NJ,false
Cuddles Pet Services,,https://www.indoordogpark.org/parks/cuddles-pet-services,http://cuddlespetservices.com/,(201) 438-0830,Carlstadt,NJ,false
Canine Country Club of the Lake,,https://www.indoordogpark.org/parks/canine-country-club-of-the-lake,http://www.cccofthelake.com/,(973) 663-2002,Lake Hopatcong,NJ,false
SR's Dog Barn,,https://www.indoordogpark.org/parks/sr-s-dog-barn,https://www.facebook.com/SRsDogBarn,(201) 937-9968,Garfield,NJ,false
Ramada by Wyndham Fairfield NJ,,https://www.indoordogpark.org/parks/ramada-by-wyndham-fairfield-nj,https://www.wyndhamhotels.com/ramada/fairfield-new-jersey/ramada-fairfield-nj/overview?CID=LC:wmcic5n98gs1g0r:01260&iata=00093796,(973) 575-1742,Fairfield,NJ,false
Quality Inn Wayne - Fairfield Area,,https://www.indoordogpark.org/parks/quality-inn-wayne-fairfield-area,https://www.choicehotels.com/new-jersey/wayne/quality-inn-hotels/nj185?mc=llgoxxpx,(973) 256-7000,Wayne,NJ,false
La Quinta Inn & Suites by Wyndham Clifton/Rutherford,,https://www.indoordogpark.org/parks/la-quinta-inn-suites-by-wyndham-clifton-rutherford,https://www.wyndhamhotels.com/laquinta/clifton-new-jersey/la-quinta-clifton-rutherford/overview?CID=LC:6ysy27krtpcrqev:01061&iata=00093796,(973) 778-6500,Clifton,NJ,false
Extended Stay America - Meadowlands - East Rutherford,,https://www.indoordogpark.org/parks/extended-stay-america-meadowlands-east-rutherford,https://www.extendedstayamerica.com/hotels/nj/meadowlands/east-rutherford?channel=gmb-listing&utm_source=google&utm_medium=organic&utm_campaign=gmb_listing,(201) 939-8866,East Rutherford,NJ,false
The Park Hotel at Meadowlands,,https://www.indoordogpark.org/parks/the-park-hotel-at-meadowlands,https://www.theparkhotelmeadowlands.com/?utm_source=google&utm_medium=organic&utm_campaign=gbp_listing,(201) 896-0500,East Rutherford,NJ,false
Baymont by Wyndham Pompton Plains/Wayne,,https://www.indoordogpark.org/parks/baymont-by-wyndham-pompton-plains-wayne,https://www.wyndhamhotels.com/baymont/pompton-plains-new-jersey/baymont-by-wyndham-pompton-plains-wayne/overview?CID=LC:cfixxwa8fefdt79:53479&iata=00093796,(973) 988-1459,Pompton Plains,NJ,false
Hampton Inn Carlstadt-At The Meadowlands,,https://www.indoordogpark.org/parks/hampton-inn-carlstadt-at-the-meadowlands,https://www.hilton.com/en/hotels/cldnjhx-hampton-carlstadt-at-the-meadowlands/?SEO_id=GMB-AMER-HX-CLDNJHX&y_source=1_MjA4MzU5NS03MTUtbG9jYXRpb24ud2Vic2l0ZQ%3D%3D,(201) 935-9000,Carlstadt,NJ,false
Red Roof Inn Fairfield,,https://www.indoordogpark.org/parks/red-roof-inn-fairfield,https://www.redroof.com/property/nj/fairfield/RRI1241?utm_source=GMB&utm_medium=Google&utm_campaign=GMB_Performance_RRI1241,(973) 227-4333,Fairfield,NJ,false
Red Roof PLUS+ Secaucus - Meadowlands - NYC,,https://www.indoordogpark.org/parks/red-roof-plus-secaucus-meadowlands-nyc,https://www.redroof.com/property/nj/secaucus/RRI150?utm_source=GMB&utm_medium=Google&utm_campaign=GMB_Performance_RRI150,(201) 365-4620,Secaucus,NJ,false
Holiday Inn Hasbrouck Heights-Meadowlands by IHG,,https://www.indoordogpark.org/parks/holiday-inn-hasbrouck-heights-meadowlands-by-ihg,https://www.ihg.com/holidayinn/hotels/us/en/hasbrouck-heights/hasnj/hoteldetail?cm_mmc=GoogleMaps-_-HI-_-US-_-HASNJ,(201) 288-9600,Hasbrouck Heights,NJ,false
31 Street Broadway Hotel,,https://www.indoordogpark.org/parks/31-street-broadway-hotel,https://31streetbroadwayhotel.com/,(516) 770-8751,New York,NJ,false
Hampton Inn Ridgefield Park,,https://www.indoordogpark.org/parks/hampton-inn-ridgefield-park,https://www.hilton.com/en/hotels/rfpnjhx-hampton-ridgefield-park/?SEO_id=GMB-AMER-HX-RFPNJHX&y_source=1_MjA4MTc1Ny03MTUtbG9jYXRpb24ud2Vic2l0ZQ%3D%3D,(201) 641-2900,Ridgefield Park,NJ,false
La Quinta Inn & Suites by Wyndham Secaucus Meadowlands,,https://www.indoordogpark.org/parks/la-quinta-inn-suites-by-wyndham-secaucus-meadowlands,https://www.wyndhamhotels.com/laquinta/secaucus-new-jersey/la-quinta-secaucus-meadowlands/overview?CID=LC:6ysy27krtpcrqev:52940&iata=00093796,(201) 623-3878,Secaucus,NJ,false
Hyatt Place Fair Lawn/Paramus,,https://www.indoordogpark.org/parks/hyatt-place-fair-lawn-paramus,https://www.hyatt.com/hyatt-place/en-US/ewrzf-hyatt-place-fair-lawn-paramus?src=corp_lclb_google_seo_ewrzf&utm_source=google&utm_medium=organic&utm_campaign=lmr,(201) 475-3888,Fair Lawn,NJ,false
Pod Brooklyn Hotel,,https://www.indoordogpark.org/parks/pod-brooklyn-hotel,https://www.thepodhotel.com/pod-brooklyn?utm_source=google&utm_medium=organic&utm_campaign=gbp_listing,(844) 763-7666,Brooklyn,NJ,false
Central Park West Hostel,,https://www.indoordogpark.org/parks/central-park-west-hostel,https://www.centralparkwesthostelwg.com/,(646) 490-7348,New York,NJ,false
Ramada by Wyndham North Bergen,,https://www.indoordogpark.org/parks/ramada-by-wyndham-north-bergen,https://www.wyndhamhotels.com/ramada/north-bergen-new-jersey/ramada-north-bergen/overview?CID=LC:wmcic5n98gs1g0r:04715&iata=00093796,(201) 442-2424,North Bergen,NJ,false
Crowne Plaza Englewood by IHG,,https://www.indoordogpark.org/parks/crowne-plaza-englewood-by-ihg,https://www.ihg.com/crowneplaza/hotels/us/en/englewood/engnj/hoteldetail?cm_mmc=GoogleMaps-_-CP-_-US-_-ENGNJ,(201) 871-2020,Englewood,NJ,false
Home2 Suites By Hilton Hasbrouck Heights,,https://www.indoordogpark.org/parks/home2-suites-by-hilton-hasbrouck-heights,https://www.hilton.com/en/hotels/ewrhtht-home2-suites-hasbrouck-heights/?SEO_id=GMB-AMER-HT-EWRHTHT&y_source=1_MzcwNTMyMy03MTUtbG9jYXRpb24ud2Vic2l0ZQ%3D%3D,(201) 552-5600,Hasbrouck Heights,NJ,false
K9 Unlimited,,https://www.indoordogpark.org/parks/k9-unlimited,http://k-9unlimited.com/,(201) 983-3527,Franklin,NJ,false
PetSmart Dog Training,,https://www.indoordogpark.org/parks/petsmart-dog-training,https://stores.petsmart.com/nj/garfield/garfield-nj/dog-training?utm_source=google&utm_medium=organic&utm_campaign=google-my-business,(862) 295-3322,Garfield,NJ,false
House Bairon Canine Fitness Training LLC,,https://www.indoordogpark.org/parks/house-bairon-canine-fitness-training-llc,http://www.housebairon.com/,(856) 350-4838,Franklinville,NJ,false
"Pack Mentality, LLC",,https://www.indoordogpark.org/parks/pack-mentality-llc,http://www.packmentalitydog.com/,(973) 689-8207,Dover,NJ,false
Canine Sports & Activity Center,,https://www.indoordogpark.org/parks/canine-sports-activity-center,http://csacnj.com/,(201) 267-0555,Wallington,NJ,false
Marys Pet Grooming LLC,,https://www.indoordogpark.org/parks/marys-pet-grooming-llc,,(973) 449-6273,Passaic,NJ,false
Janry Pet Resort,,https://www.indoordogpark.org/parks/janry-pet-resort,http://www.janrypetresort.com/enrichment,(908) 479-6132,Stewartsville,NJ,false
Passaic Pet,,https://www.indoordogpark.org/parks/passaic-pet,,(862) 225-9797,Passaic,NJ,false
PAWtastic Academy Hillsdale,,https://www.indoordogpark.org/parks/pawtastic-academy-hillsdale,http://www.pawtasticacademy.com/,(201) 666-0741,Hillsdale,NJ,false
Bakers Dog Care,,https://www.indoordogpark.org/parks/bakers-dog-care,http://www.bakersdogcare.com/,(201) 481-3338,Secaucus,NJ,false
Union City Small Dog Park,,https://www.indoordogpark.org/parks/union-city-small-dog-park,,,Union City,NJ,false
Union City Large Dog Park,,https://www.indoordogpark.org/parks/union-city-large-dog-park,,,Union City,NJ,false
Puppy University,,https://www.indoordogpark.org/parks/puppy-university,https://puppyuniversityusa.com/bergenline-ave-nj/?utm_source=google&utm_medium=organic&utm_content=main_button&utm_campaign=gbp,(201) 292-3557,Union City,NJ,false
Astro's Community Dog Run,,https://www.indoordogpark.org/parks/astro-s-community-dog-run,https://www.astrosdogrun.com/,,New York,NJ,false
Pets Love Daycare,,https://www.indoordogpark.org/parks/pets-love-daycare,http://www.petslovedaycare.com/,(201) 681-0619,Union City,NJ,false
Paws In Flux,,https://www.indoordogpark.org/parks/paws-in-flux,http://www.pawsinflux.com/,(201) 430-5321,Union City,NJ,false
Bliss Bone Club,,https://www.indoordogpark.org/parks/bliss-bone-club,https://www.blissboneclub.com/,(551) 230-3513,Union City,NJ,false
"Strut Your Pup, LLC",,https://www.indoordogpark.org/parks/strut-your-pup-llc,https://strutpup.com/,(201) 868-0600,Guttenberg,NJ,false
Furry tails dog spa,,https://www.indoordogpark.org/parks/furry-tails-dog-spa,https://www.furrytailsdogspa.com/,(201) 364-9037,Union City,NJ,false
Dog boarding by Srija,,https://www.indoordogpark.org/parks/dog-boarding-by-srija,,,Union City,NJ,false
Wet Pets,,https://www.indoordogpark.org/parks/wet-pets,,(201) 590-9899,Union City,NJ,false
Dog & Cat Bubu pet grooming,,https://www.indoordogpark.org/parks/dog-cat-bubu-pet-grooming,,(201) 325-1562,Union City,NJ,false
Canino Grooming,,https://www.indoordogpark.org/parks/canino-grooming,http://caninogrooming.com/?utm_source=google&utm_medium=wix_google_business_profile&utm_campaign=13375270418418007564,(917) 443-5257,Union City,NJ,false
ANIMALAND GROOMING SALON,,https://www.indoordogpark.org/parks/animaland-grooming-salon,https://animalandgroomingsalon.com/,(732) 217-5862,Union City,NJ,false
July's Best Grooming,,https://www.indoordogpark.org/parks/july-s-best-grooming,,(201) 348-0807,Union City,NJ,false
Green Acres Pet Resort,,https://www.indoordogpark.org/parks/green-acres-pet-resort,http://greenacresresort.com/,(908) 832-2025,Long Valley,NJ,false
Sayreville Dog Park,,https://www.indoordogpark.org/parks/sayreville-dog-park,,,Sayreville,NJ,false
Play Land,,https://www.indoordogpark.org/parks/play-land,https://www.playlandon34.com/,(848) 334-8530,Old Bridge,NJ,false
Camp K Nine,,https://www.indoordogpark.org/parks/camp-k-nine,https://campknine.com/,(848) 225-8882,Middletown Township,NJ,false
Dogtor Doolittle Dog Training,,https://www.indoordogpark.org/parks/dogtor-doolittle-dog-training,https://dogtordoolittlenj.com/,(732) 630-5326,Keyport,NJ,false
Alpha Dog Training - Jupiter Fla,,https://www.indoordogpark.org/parks/alpha-dog-training-jupiter-fla,,(732) 890-3456,Englishtown,NJ,false
"TLC Dog Training, LLC",,https://www.indoordogpark.org/parks/tlc-dog-training-llc,http://www.tlcdogtrainingllc.com/,(732) 203-2297,Matawan,NJ,false
Petco Dog Training,,https://www.indoordogpark.org/parks/petco-dog-training,https://stores.petco.com/nj/parlin/dog-training-parlin-nj-730.html,(732) 721-9610,Parlin,NJ,false
Top of the Tail K9,,https://www.indoordogpark.org/parks/top-of-the-tail-k9,http://topofthetailk9.com/,(609) 638-5807,Monroe Township,NJ,false
Staten Island Companion Dog,,https://www.indoordogpark.org/parks/staten-island-companion-dog,http://www.sicdtc.org/,(718) 948-2147,Staten Island,NJ,false
Cosmic Canine - New Jersey,,https://www.indoordogpark.org/parks/cosmic-canine-new-jersey,https://www.cosmiccanine.com/dog-training-in-sayreville-nj/,(551) 529-4767,Sayreville,NJ,false
Dog Star Academy,,https://www.indoordogpark.org/parks/dog-star-academy,http://dogstarnj.com/,(201) 674-5411,Highlands,NJ,false
That A Dog LLC,,https://www.indoordogpark.org/parks/that-a-dog-llc,,(732) 705-1254,Old Bridge,NJ,false
Top Priority Pets,,https://www.indoordogpark.org/parks/top-priority-pets,https://www.jabk9.com/,(732) 789-0833,North Brunswick Township,NJ,false
Woof Gang Bakery & Grooming Old Bridge,,https://www.indoordogpark.org/parks/woof-gang-bakery-grooming-old-bridge,http://woofgangbakery.com/pages/locations/old-bridge,(201) 621-0906,Old Bridge,NJ,false
Susie's Grooming,,https://www.indoordogpark.org/parks/susie-s-grooming,https://www.petgroomingoldbridge.com/,(732) 251-0500,Old Bridge,NJ,false
Pawsitively Styled,,https://www.indoordogpark.org/parks/pawsitively-styled,http://pawsitivelystyled.com/,(732) 810-3030,Old Bridge,NJ,false
Muddy Paws Grooming,,https://www.indoordogpark.org/parks/muddy-paws-grooming,http://www.facebook.com/muddypawsinc,(732) 925-7063,Old Bridge,NJ,false
Grooming By Jessie,,https://www.indoordogpark.org/parks/grooming-by-jessie,http://groomingbyjessie.com/,(732) 251-1199,Old Bridge,NJ,false
Dog Gone Pretty,,https://www.indoordogpark.org/parks/dog-gone-pretty,https://m.facebook.com/profile.php?id=136156409794663&refsrc=https://www.facebook.com/pages/Dog-Gone-Pretty/136156409794663,(732) 251-9693,Old Bridge,NJ,false
Old Bridge Village Grooming,,https://www.indoordogpark.org/parks/old-bridge-village-grooming,,(732) 679-4616,Old Bridge,NJ,false
Country Inn(Coming Soon) And Barking Spa LLC,,https://www.indoordogpark.org/parks/country-inn-coming-soon-and-barking-spa-llc,http://www.barkingspainc.com/,(732) 249-0100,South River,NJ,false
Pampered Paws Spa,,https://www.indoordogpark.org/parks/pampered-paws-spa,https://pamperedpawsspa.top/,(732) 254-5400,South River,NJ,false
Dog Lover Day Spa.,,https://www.indoordogpark.org/parks/dog-lover-day-spa,http://dogloverdaycare.com/,(732) 362-2752,Matawan,NJ,false
Paws on 34,,https://www.indoordogpark.org/parks/paws-on-34,https://pawson34.com/,(732) 970-8800,Matawan,NJ,false
Good Boy Good Girl,,https://www.indoordogpark.org/parks/good-boy-good-girl,http://www.gbggs.com/,(732) 908-7224,Manalapan Township,NJ,false
Paws R US Pet Stylist,,https://www.indoordogpark.org/parks/paws-r-us-pet-stylist,http://www.pawsrusllc.com/,(732) 739-0997,Keyport,NJ,false
K9 Konnection Pet Spa,,https://www.indoordogpark.org/parks/k9-konnection-pet-spa,,(732) 583-9450,Matawan,NJ,false
Groomer Has It Pet Salon and Spa,,https://www.indoordogpark.org/parks/groomer-has-it-pet-salon-and-spa,http://www.groomerhasitpetsalon.com/,(732) 536-0450,Englishtown,NJ,false
Study Of Fur Salon and Mobile Dog Grooming,,https://www.indoordogpark.org/parks/study-of-fur-salon-and-mobile-dog-grooming,https://instagram.com/studyoffurllc?igshid=OGQ5ZDc2ODk2ZA==,(732) 851-3218,Monroe,NJ,false
Furry Land Mobile Grooming Central & Northern New Jersey,,https://www.indoordogpark.org/parks/furry-land-mobile-grooming-central-northern-new-jersey,https://furryland.us/locations/central-and-northern-new-jersey-mobile-pet-groomers/,(201) 878-4479,East Brunswick,NJ,false
Tindall Park,,https://www.indoordogpark.org/parks/tindall-park,http://www.middletownnj.org/facilities/facility/details/Tindall-Park-36,(732) 615-2260,Middletown Township,NJ,false
Thompson Park,,https://www.indoordogpark.org/parks/thompson-park,https://www.monmouthcountyparks.com/page.aspx?Id=2539,(732) 842-4000,Lincroft,NJ,false
McMahon Park,,https://www.indoordogpark.org/parks/mcmahon-park,https://www.middletownnj.org/Facilities/Facility/Details/McMahon-Park-26,(732) 615-2260,North Middletown,NJ,false
Smokey's Doggy Cafe,,https://www.indoordogpark.org/parks/smokey-s-doggy-cafe,http://www.smokeysdoggycafe.com/,(732) 497-0955,Keyport,NJ,false
Popamora Point Dog Park,,https://www.indoordogpark.org/parks/popamora-point-dog-park,,,Atlantic Highlands,NJ,false
Dogtopia of Shrewsbury,,https://www.indoordogpark.org/parks/dogtopia-of-shrewsbury,https://www.dogtopia.com/shrewsbury/,(732) 440-9080,Tinton Falls,NJ,false
Maple Hill Dog Park,,https://www.indoordogpark.org/parks/maple-hill-dog-park,http://www.middletown-ny.com/departments/recreation-parks/dog-park.html,(845) 346-4180,Middletown,NJ,false
Bow-Wow Bed & Bath,,https://www.indoordogpark.org/parks/bow-wow-bed-bath,https://bowwowbedandbath.com/,(732) 671-1862,Middletown Township,NJ,false
Sugar Paws Dog Training,,https://www.indoordogpark.org/parks/sugar-paws-dog-training,http://www.sugarpawstraining.com/,(732) 637-0477,Ocean Township,NJ,false
Urban Dawgs,,https://www.indoordogpark.org/parks/urban-dawgs,http://www.urbandawgs.com/,(732) 758-8522,Red Bank,NJ,false
Petco Dog Training,,https://www.indoordogpark.org/parks/petco-dog-training,https://stores.petco.com/nj/middletown/dog-training-middletown-nj-2816.html,(732) 671-6815,Middletown Township,NJ,false
Fur The Love Of Grooming,,https://www.indoordogpark.org/parks/fur-the-love-of-grooming,https://furtheloveofgrooming.info/,(732) 339-3808,Middletown Township,NJ,false
Village Pet Spa & Boutique,,https://www.indoordogpark.org/parks/village-pet-spa-boutique,https://www.facebook.com/villagepetspanj/,(732) 858-2222,Belford,NJ,false
Lucky Dogs Grooming LLC,,https://www.indoordogpark.org/parks/lucky-dogs-grooming-llc,https://luckydogsgrooming.top/,(732) 495-5222,Port Monmouth,NJ,false
Planet Poodle,,https://www.indoordogpark.org/parks/planet-poodle,,(732) 741-4114,Red Bank,NJ,false
Barks on Bay Dog Grooming Salon,,https://www.indoordogpark.org/parks/barks-on-bay-dog-grooming-salon,http://www.barksonbay.pet/,(732) 540-1330,Highlands,NJ,false
Fins & Feathers,,https://www.indoordogpark.org/parks/fins-feathers,http://www.finsandfeatherspetsandgrooming.com/,(732) 842-4197,Red Bank,NJ,false
Petco Grooming,,https://www.indoordogpark.org/parks/petco-grooming,https://stores.petco.com/nj/middletown/full-service-grooming-middletown-nj-2816.html,(732) 671-6815,Middletown Township,NJ,false
SANDY PAWS,,https://www.indoordogpark.org/parks/sandy-paws,http://sandypawsnj.com/,(732) 842-7263,Shrewsbury,NJ,false
The Pet Shoppe,,https://www.indoordogpark.org/parks/the-pet-shoppe,https://www.petshoppepuppies.com/,(732) 677-4554,Middletown Township,NJ,false
The Groom Room,,https://www.indoordogpark.org/parks/the-groom-room,http://www.groomroomnj.com/,(732) 291-1110,Highlands,NJ,false
PETicures Luxury Spa & Grooming,,https://www.indoordogpark.org/parks/peticures-luxury-spa-grooming,https://www.peticuresbwx.com/,(732) 365-3261,Holmdel,NJ,false
Cosmopawlitan,,https://www.indoordogpark.org/parks/cosmopawlitan,,(732) 275-1905,Middletown Township,NJ,false
INCREDIBLE CLIPS II,,https://www.indoordogpark.org/parks/incredible-clips-ii,,(732) 977-9336,Hazlet,NJ,false
Doggy Styles Pet Grooming LLC,,https://www.indoordogpark.org/parks/doggy-styles-pet-grooming-llc,,(732) 894-6500,Keansburg,NJ,false
Bayshore Barks,,https://www.indoordogpark.org/parks/bayshore-barks,https://wvet.net/explore/bayshore-barks/,(732) 204-8978,Keansburg,NJ,false
"Select A Puppy, Inc.",,https://www.indoordogpark.org/parks/select-a-puppy-inc,https://www.selectapuppy.com/,(732) 706-7600,Middletown Township,NJ,false
Jungle Jim & Jane,,https://www.indoordogpark.org/parks/jungle-jim-jane,https://junglejimandjane.com/,(732) 872-4380,Atlantic Highlands,NJ,false
Allocco Park,,https://www.indoordogpark.org/parks/allocco-park,,,Holmdel,NJ,false
Holmdel Park,,https://www.indoordogpark.org/parks/holmdel-park,http://www.monmouthcountyparks.com/,(732) 842-4000,Holmdel,NJ,false
Mike's Dog Motel LLC,,https://www.indoordogpark.org/parks/mike-s-dog-motel-llc,https://www.facebook.com/mikesdogmotel,(732) 771-4564,Leonardo,NJ,false
Bow Wow Fit Club,,https://www.indoordogpark.org/parks/bow-wow-fit-club,https://www.barknburn.com/,(908) 966-6984,Middletown Township,NJ,false
Acme Dog Run,,https://www.indoordogpark.org/parks/acme-dog-run,http://www.acmedogrun.com/,(718) 935-9364,Brooklyn,NJ,false
Wag & Bone,,https://www.indoordogpark.org/parks/wag-bone,https://www.wag-bone.com/,(929) 345-3344,Long Island City,NJ,false
Ewen Park Dog Run,,https://www.indoordogpark.org/parks/ewen-park-dog-run,https://www.nycgovparks.org/parks/ewen-park/facilities/dogareas,,Bronx,NJ,false
McGrowl-Lick Park Dog Run,,https://www.indoordogpark.org/parks/mcgrowl-lick-park-dog-run,,,Brooklyn,NJ,false
Ruff House Doggie Day Care,,https://www.indoordogpark.org/parks/ruff-house-doggie-day-care,,(201) 244-4305,Midland Park,NJ,false
Dudley C Allen Playground & Dog Park,,https://www.indoordogpark.org/parks/dudley-c-allen-playground-dog-park,https://www.leonianj.gov/borough-government/borough-departments/recreation-department/parks,(201) 592-5780,Leonia,NJ,false
Owl's Head Park Dog Run,,https://www.indoordogpark.org/parks/owl-s-head-park-dog-run,https://www.nycgovparks.org/parks/owls-head-park/facilities/dogareas,(212) 639-9675,Brooklyn,NJ,false
North Brunswick Dog Park,,https://www.indoordogpark.org/parks/north-brunswick-dog-park,http://north-park-north-brunswick-township.jany.io/,,North Brunswick Township,NJ,false
Leroy Dog Run,,https://www.indoordogpark.org/parks/leroy-dog-run,,(917) 821-4089,New York,NJ,false
Marcy Green Dog Park,,https://www.indoordogpark.org/parks/marcy-green-dog-park,,,Brooklyn,NJ,false
Hanover Township Dog Park,,https://www.indoordogpark.org/parks/hanover-township-dog-park,https://hanovercommunitycenter.com/parks/municipal-park,,Bethlehem,NJ,false
Central Park of Morris County,,https://www.indoordogpark.org/parks/central-park-of-morris-county,https://www.morrisparks.net/parks_trails/central-park-of-morris-county/,(973) 326-7600,GREYSTONE PARK,NJ,false
Hello Fresh Paws,,https://www.indoordogpark.org/parks/hello-fresh-paws,https://www.hellofreshpaws.biz/,(973) 537-0146,Franklin,NJ,false
Lori's Grooming Salon,,https://www.indoordogpark.org/parks/lori-s-grooming-salon,https://lorisgroomingsalon.top/,(973) 827-1939,Franklin,NJ,false
Pawprints Dog & Cat Grooming,,https://www.indoordogpark.org/parks/pawprints-dog-cat-grooming,,(973) 209-4412,Franklin,NJ,false
Franklin Boro Park,,https://www.indoordogpark.org/parks/franklin-boro-park,,(973) 827-9280 ext. 115,Franklin,NJ,false
Borough of Franklin Lakes Playground,,https://www.indoordogpark.org/parks/borough-of-franklin-lakes-playground,,(201) 891-4000,Franklin Lakes,NJ,false
Vernon Dog Park,,https://www.indoordogpark.org/parks/vernon-dog-park,http://dogsofvernon.org/,(862) 202-6715,Vernon Township,NJ,false
Indian Creek Kennels,,https://www.indoordogpark.org/parks/indian-creek-kennels,http://indiancreekkennels.com/,(201) 370-6960,Franklin,NJ,false
Montgomery Dog Park,,https://www.indoordogpark.org/parks/montgomery-dog-park,,(609) 466-3023,Belle Mead,NJ,false
Dog Park,,https://www.indoordogpark.org/parks/dog-park,,(908) 212-7000,Bedminster,NJ,false
Veterans Park,,https://www.indoordogpark.org/parks/veterans-park,https://www.franklinlakes.org/index.asp?SEC=A8BDF9D5-F886-409E-8444-682824D982E3&DE=CA347343-FDE8-4BBE-A412-657062CEC4FA&Type=B_BASIC,,Franklin Lakes,NJ,false
Dog Run,,https://www.indoordogpark.org/parks/dog-run,,,Bayonne,NJ,false
Stephen R. Gregg Park,,https://www.indoordogpark.org/parks/stephen-r-gregg-park,http://www.hudsoncountynj.org/stephen-r-gregg-park-bayonne/,(201) 369-4300,Bayonne,NJ,false
Dennis P. Collins Park,,https://www.indoordogpark.org/parks/dennis-p-collins-park,https://www.bayonnenj.org/Departments/public-works/parks/,(201) 858-6129,Bayonne,NJ,false
Silver Lake Dog Run,,https://www.indoordogpark.org/parks/silver-lake-dog-run,https://www.nycgovparks.org/parks/silver-lake-park/facilities/dogareas,(212) 639-9675,Staten Island,NJ,false
Bayonne Park,,https://www.indoordogpark.org/parks/bayonne-park,http://www.bayonnenj.org/,,Bayonne,NJ,false
Frank Decolvenaere Dog Run,,https://www.indoordogpark.org/parks/frank-decolvenaere-dog-run,https://www.nycgovparks.org/parks/shore-park-and-parkway/facilities/dogareas,(212) 639-9675,Brooklyn,NJ,false
G. Thomas DiDomenico Park,,https://www.indoordogpark.org/parks/g-thomas-didomenico-park,http://www.bayonnenj.org/,(201) 858-6127,Bayonne,NJ,false
Collins Park Skatepark,,https://www.indoordogpark.org/parks/collins-park-skatepark,https://www.strayrocket.com/collins-park-skatepark/,,Bayonne,NJ,false
G. Thomas DiDomenico 16th Street Park,,https://www.indoordogpark.org/parks/g-thomas-didomenico-16th-street-park,http://www.bayonnenj.org/,,Bayonne,NJ,false
Doggy Spa,,https://www.indoordogpark.org/parks/doggy-spa,https://facebook.com/pages/Doggy-Spa/482964685123696,(201) 535-5757,Bayonne,NJ,false
Dog Bath and Beyond,,https://www.indoordogpark.org/parks/dog-bath-and-beyond,,(201) 339-3976,Bayonne,NJ,false
The Pet Concierge,,https://www.indoordogpark.org/parks/the-pet-concierge,http://www.thepetconcierge.dog/,(973) 289-7506,Bayonne,NJ,false
Marshall K9 Training Services,,https://www.indoordogpark.org/parks/marshall-k9-training-services,,(201) 898-0126,Bayonne,NJ,false
Diamond Dog Grooming,,https://www.indoordogpark.org/parks/diamond-dog-grooming,https://diamonddoggrooming.top/,(201) 471-2720,Bayonne,NJ,false
Kate’s dog makeover & spa,,https://www.indoordogpark.org/parks/kate-s-dog-makeover-spa,http://www.katelovesfluffy.com/,(917) 599-3941,Bayonne,NJ,false
Camp Bow Wow Bridgewater,,https://www.indoordogpark.org/parks/camp-bow-wow-bridgewater,https://www.campbowwow.com/bridgewater/,(908) 641-4213,Bound Brook,NJ,false
Château le Woof,hello@chateaulewoof.com,https://www.indoordogpark.org/parks/chteau-le-woof,http://www.chateaulewoof.com/,(718) 626-9663,New York,NY,true
Urban Woof NYC - 78th,contact@urbanwoofnyc.com,https://www.indoordogpark.org/parks/urban-woof-nyc-78th,http://www.urbanwoofnyc.com/,(646) 886-5515,New York,NY,true
LITTLE CREATURES,,https://www.indoordogpark.org/parks/little-creatures,https://www.littlecreaturesnyc.com/,(212) 799-2222,New York,NY,false
Pamper Ur Pets,,https://www.indoordogpark.org/parks/pamper-ur-pets,,(212) 966-3334,New York,NY,false
Happy Paws Pet Resort,paws@happypawsinc.com,https://www.indoordogpark.org/parks/happy-paws-pet-resort,http://www.happypawsinc.com/,(212) 431-6898,New York,NY,true
The Pet Market,,https://www.indoordogpark.org/parks/the-pet-market,http://www.petmarketnyc.com/,(646) 649-4088,New York,NY,false
The Pet Market,,https://www.indoordogpark.org/parks/the-pet-market,http://www.petmarketnyc.com/,(917) 409-3225,New York,NY,false
Pamper Ur Pets,,https://www.indoordogpark.org/parks/pamper-ur-pets,,(212) 255-5523,New York,NY,false
LITTLE CREATURES,,https://www.indoordogpark.org/parks/little-creatures,https://www.littlecreaturesnyc.com/,(212) 799-4800,New York,NY,false
Urban Woof NYC - 95th,contact@urbanwoofnyc.com,https://www.indoordogpark.org/parks/urban-woof-nyc-95th,https://www.urbanwoofnyc.com/,(646) 964-5220,New York,NY,true
Roosevelt Pups,us.info@rooseveltpups.com,https://www.indoordogpark.org/parks/roosevelt-pups,http://www.rooseveltpups.com/,(212) 371-8901,New York,NY,true
New York Dog Spa & Hotel - 25th Street,,https://www.indoordogpark.org/parks/new-york-dog-spa-hotel-25th-street,https://dogspa.com/,(212) 243-1199,New York,NY,false
Best Friends Boarding & Day Club,,https://www.indoordogpark.org/parks/best-friends-boarding-day-club,https://www.bfbnyc.com/,(646) 944-1869,New York,NY,false
Vitality Health Pets Dog Daycare Astoria,,https://www.indoordogpark.org/parks/vitality-health-pets-dog-daycare-astoria,http://www.vitalityhealthpets.com/,(718) 864-9661,New York,NY,false
NYC Pet Services,,https://www.indoordogpark.org/parks/nyc-pet-services,http://www.nycpetservices.org/,(718) 350-1635,New York,NY,false
PetLove,,https://www.indoordogpark.org/parks/petlove,https://www.petloveny.com/,(917) 909-9101,New York,NY,false
Spoiled Brats Pet Shop,,https://www.indoordogpark.org/parks/spoiled-brats-pet-shop,http://bratsnyc.com/,(212) 459-1615,New York,NY,false
NJ Exotic Pets,,https://www.indoordogpark.org/parks/nj-exotic-pets,http://www.njexoticpets.com/,(973) 396-8897,New York,NY,false
A Pet with Paws,,https://www.indoordogpark.org/parks/a-pet-with-paws,https://www.apetwithpaws.com/,(917) 664-6079,New York,NY,false
Whiskers Holistic Pet Care,,https://www.indoordogpark.org/parks/whiskers-holistic-pet-care,http://www.1800whiskers.com/,(212) 979-2532,New York,NY,false
Beasty Feast,,https://www.indoordogpark.org/parks/beasty-feast,https://www.beastyfeast.com/,(212) 300-4346,New York,NY,false
"Select A Puppy, Inc.",,https://www.indoordogpark.org/parks/select-a-puppy-inc,https://www.selectapuppy.com/,(732) 706-7600,New York,NY,false
Le Chien Bleu NY pet boutique,,https://www.indoordogpark.org/parks/le-chien-bleu-ny-pet-boutique,http://lcbnyc.com/,(908) 274-1817,New York,NY,false
The Pet Market,,https://www.indoordogpark.org/parks/the-pet-market,https://www.petmarketnyc.com/,(917) 409-1625,New York,NY,false
Pet Story NY,petstorynj@gmail.com,https://www.indoordogpark.org/parks/pet-story-ny,http://www.petstoryny.com/,(917) 965-2001,New York,NY,true
The Pet Market,,https://www.indoordogpark.org/parks/the-pet-market,https://www.petmarketnyc.com/,(212) 956-3700,New York,NY,false
Fat Puppies INN,,https://www.indoordogpark.org/parks/fat-puppies-inn,,(646) 483-6648,New York,NY,false
The Pet Store,,https://www.indoordogpark.org/parks/the-pet-store,https://petsocare.com/stores/the-pet-store,(646) 998-4707,New York,NY,false
Canine Styles Uptown,bark@caninestyles.com,https://www.indoordogpark.org/parks/canine-styles-uptown,https://www.caninestyles.com/?utm_source=google&utm_medium=organic&utm_campaign=gmb&utm_content=Uptown,(212) 472-9440,New York,NY,true
NYC.DOGS,,https://www.indoordogpark.org/parks/nycdogs,,(929) 287-2015,New York,NY,false
Canine Styles Midtown,bark@caninestyles.com,https://www.indoordogpark.org/parks/canine-styles-midtown,https://www.caninestyles.com/?utm_source=google&utm_medium=organic&utm_campaign=gmb&utm_content=Midtown,(212) 838-2064,New York,NY,true
pupculture SoHo,soho@pupculture.com,https://www.indoordogpark.org/parks/pupculture-soho,https://www.pupculture.com/locations/soho,(914) 521-3783,New York,NY,true
Canine Styles West,bark@caninestyles.com,https://www.indoordogpark.org/parks/canine-styles-west,https://www.caninestyles.com/?utm_source=google&utm_medium=organic&utm_campaign=gmb&utm_content=West,(212) 799-9799,New York,NY,true
Paws Country Club,,https://www.indoordogpark.org/parks/paws-country-club,http://www.pawscountryclub.com/,(212) 501-8700,New York,NY,false
DOG & CO.,,https://www.indoordogpark.org/parks/dog-co,https://www.shopdogandco.com/,(646) 450-8518,New York,NY,false
Teacup Puppy Store in New York,,https://www.indoordogpark.org/parks/teacup-puppy-store-in-new-york,http://pomeranian-sales.com/,(254) 356-3081,New York,NY,false
Pets Square,,https://www.indoordogpark.org/parks/pets-square,http://www.petssquarenyc.com/,(646) 998-4186,New York,NY,false
The Pet Market,,https://www.indoordogpark.org/parks/the-pet-market,http://www.petmarketnyc.com/,(212) 799-4200,New York,NY,false
K9 Barks N Brews,info@k9barksnbrews.com,https://www.indoordogpark.org/parks/k9-barks-n-brews,https://k9barksnbrews.com/,(716) 571-2275,Buffalo,NY,true
"Animal Outfitters, Inc.",,https://www.indoordogpark.org/parks/animal-outfitters-inc,http://www.animaloutfittersbuffalo.com/,(716) 436-4553,Buffalo,NY,false
Creekside Pets & Supplies,,https://www.indoordogpark.org/parks/creekside-pets-supplies,https://creeksidepetssupplies.top/,(716) 822-8799,Buffalo,NY,false
Buffalo Pet Supply,,https://www.indoordogpark.org/parks/buffalo-pet-supply,http://buffalopetsupply.com/,(716) 874-1951,Buffalo,NY,false
Notorious D.O.G.,,https://www.indoordogpark.org/parks/notorious-dog,http://notorious.dog/,(716) 631-2600,Buffalo,NY,false
Nickel City Pet Pantry,,https://www.indoordogpark.org/parks/nickel-city-pet-pantry,https://nickelcitypetpantry.com/,(716) 424-1016,Buffalo,NY,false
Pet Supplies Plus Buffalo,,https://www.indoordogpark.org/parks/pet-supplies-plus-buffalo,https://www.petsuppliesplus.com/Store/NY/Buffalo/Buffalo/116,(716) 876-6663,Buffalo,NY,false
"Island Pets And Feed, Inc.",Islandpets07@yahoo.com,https://www.indoordogpark.org/parks/island-pets-and-feed-inc,http://www.islandpetsnfeed.com/,(716) 773-1150,Buffalo,NY,true
Pets Plus-Reptiles & Exotic,,https://www.indoordogpark.org/parks/pets-plus-reptiles-exotic,http://www.petspluslockport.com/,(716) 433-0460,Buffalo,NY,false
Fisher's Friends Dog Daycare & Grooming Spa,,https://www.indoordogpark.org/parks/fishers-friends-dog-daycare-grooming-spa,http://www.fishersfriends.com/,(716) 839-5703,Buffalo,NY,false
Creature Comforts Pet Resort,Angola@creaturecomfortspetresort.com,https://www.indoordogpark.org/parks/creature-comforts-pet-resort,https://creaturecomfortspetresort.com/?utm_source=omg-gbp&utm_medium=webclick,(716) 549-1761,Buffalo,NY,true
Clyde's Feed & Animal Center,,https://www.indoordogpark.org/parks/clydes-feed-animal-center,http://www.clydesfeed.com/,(716) 648-2171,Buffalo,NY,false
Ruffin's Pet Centres - Fort Erie,info@ruffinspet.com,https://www.indoordogpark.org/parks/ruffins-pet-centres-fort-erie,http://www.ruffinspet.com/,(905) 871-7117,Buffalo,NY,true
Avalon Exotics,,https://www.indoordogpark.org/parks/avalon-exotics,https://www.avalonexotics.com/,(716) 291-9715,Buffalo,NY,false
Pet Supplies Plus Williamsville,,https://www.indoordogpark.org/parks/pet-supplies-plus-williamsville,https://www.petsuppliesplus.com/store/ny/williamsville/4526-williamsville/4526,(716) 580-6825,Buffalo,NY,false
Treats Unleashed Inc,,https://www.indoordogpark.org/parks/treats-unleashed-inc,http://www.treatsunleashed.com/,(716) 831-1350,Buffalo,NY,false
Pet Supplies Plus Amherst - Sheridan,,https://www.indoordogpark.org/parks/pet-supplies-plus-amherst-sheridan,https://www.petsuppliesplus.com/Store/NY/Amherst/Amherst/134,(716) 832-0400,Buffalo,NY,false
Pet Supplies Plus Cheektowaga,,https://www.indoordogpark.org/parks/pet-supplies-plus-cheektowaga,https://www.petsuppliesplus.com/Store/NY/Cheektowaga/Cheektowaga/172,(716) 686-9100,Buffalo,NY,false
Pet Friendly,,https://www.indoordogpark.org/parks/pet-friendly,http://www.petfriendlysite.com/,(585) 366-4242,Rochester,NY,false
"Natural Pet Foods Co., Inc.",,https://www.indoordogpark.org/parks/natural-pet-foods-co-inc,https://naturalpetfoodscompany.com/,(585) 530-3371,Rochester,NY,false
Pet World & Aqua Shoppe,,https://www.indoordogpark.org/parks/pet-world-aqua-shoppe,https://petworldrochesteraqua.wordpress.com/,(585) 225-8700,Rochester,NY,false
Park Ave. Pets on Monroe,,https://www.indoordogpark.org/parks/park-ave-pets-on-monroe,https://parkavepetsonmonroe.com/,(585) 256-0006,Rochester,NY,false
Pet Supplies Plus Brighton,,https://www.indoordogpark.org/parks/pet-supplies-plus-brighton,https://www.petsuppliesplus.com/store/ny/rochester/4276-rochester/4276,(585) 242-0808,Rochester,NY,false
Pet Supplies Plus Monroe Ave,,https://www.indoordogpark.org/parks/pet-supplies-plus-monroe-ave,https://www.petsuppliesplus.com/Store/NY/Rochester/Monroe-Ave/4054,(585) 242-2072,Rochester,NY,false
Pet Supplies Plus Greece (Ridge Road),,https://www.indoordogpark.org/parks/pet-supplies-plus-greece-ridge-road,https://www.petsuppliesplus.com/store/ny/rochester/4275-rochester/4275,(585) 621-0890,Rochester,NY,false
Pet World,,https://www.indoordogpark.org/parks/pet-world,,(585) 381-3870,Rochester,NY,false
Petco,,https://www.indoordogpark.org/parks/petco,https://stores.petco.com/ny/rochester/pet-supplies-rochester-ny-1808.html,(585) 273-0150,Rochester,NY,false
Petco,,https://www.indoordogpark.org/parks/petco,https://stores.petco.com/ny/rochester/pet-supplies-rochester-ny-943.html,(585) 385-6850,Rochester,NY,false
Lakewind Kennels,,https://www.indoordogpark.org/parks/lakewind-kennels,https://www.lakewindkennel.com/,(585) 225-3838,Rochester,NY,false
Ranchanna Kennels,,https://www.indoordogpark.org/parks/ranchanna-kennels,,(585) 533-1530,Rochester,NY,false
Pet Supplies Plus Webster,,https://www.indoordogpark.org/parks/pet-supplies-plus-webster,https://www.petsuppliesplus.com/store/ny/webster/4278-webster/4278,(585) 645-6355,Rochester,NY,false
Pet Supplies Plus Greece,,https://www.indoordogpark.org/parks/pet-supplies-plus-greece,https://www.petsuppliesplus.com/Store/NY/Rochester/Greece/4035,(585) 225-2382,Rochester,NY,false
CountryMax - Henrietta,,https://www.indoordogpark.org/parks/countrymax-henrietta,https://www.countrymax.com/w-henrietta-countrymax/,(585) 334-2180,Rochester,NY,false
CountryMax - Fairport,,https://www.indoordogpark.org/parks/countrymax-fairport,https://www.countrymax.com/Fairport-CountryMax/,(585) 388-1030,Rochester,NY,false
Luv A Lotl Axolotl/Reptile Boutique,,https://www.indoordogpark.org/parks/luv-a-lotl-axolotlreptile-boutique,https://www.luvalotl.net/,(585) 944-2498,Rochester,NY,false
Pet Supplies Plus Penfield,,https://www.indoordogpark.org/parks/pet-supplies-plus-penfield,https://www.petsuppliesplus.com/Store/NY/Penfield/Penfield/214,(585) 388-1673,Rochester,NY,false
Westchester Puppies & Kittens,,https://www.indoordogpark.org/parks/westchester-puppies-kittens,http://www.westchesterpuppies.com/,(646) 226-1998,Yonkers,NY,false
Pet Pantry Warehouse,,https://www.indoordogpark.org/parks/pet-pantry-warehouse,https://www.ppwpet.com/home,(914) 612-4355,Yonkers,NY,false
P3T LIF3,,https://www.indoordogpark.org/parks/p3t-lif3,https://p3tlif3llc.square.site/,(347) 652-8250,Yonkers,NY,false
Pet Resources,,https://www.indoordogpark.org/parks/pet-resources,http://www.petsuppliesbronx.com/,(718) 842-4141,Yonkers,NY,false
Just Food For Dogs,,https://www.indoordogpark.org/parks/just-food-for-dogs,https://www.justfoodfordogs.com/store/2350-central-park-ave-yonkers-ny-10710.html?utm_source=local&utm_medium=organic&utm_campaign=GMB&utm_content=petshop,(914) 961-8287,Yonkers,NY,false
Donna's PET DEPOT,,https://www.indoordogpark.org/parks/donnas-pet-depot,https://donnaspetdepot.com/,(201) 485-8895,Yonkers,NY,false
Petco,,https://www.indoordogpark.org/parks/petco,https://stores.petco.com/ny/yonkers/pet-supplies-yonkers-ny-1714.html,(914) 961-8287,Yonkers,NY,false
Pets Boutique,,https://www.indoordogpark.org/parks/pets-boutique,https://www.manhassetpetboutique.com/,(516) 869-3378,Yonkers,NY,false
Plaza Pet World,,https://www.indoordogpark.org/parks/plaza-pet-world,https://frommfamily.com/r/834,(201) 784-0115,Yonkers,NY,false
Whiskers Holistic Pet Care,,https://www.indoordogpark.org/parks/whiskers-holistic-pet-care,http://www.1800whiskers.com/,(718) 626-8590,Yonkers,NY,false
NY Breeder we are now at 48 Westport Ave Norwalk CT,,https://www.indoordogpark.org/parks/ny-breeder-we-are-now-at-48-westport-ave-norwalk-ct,http://www.nybreeder.com/,(914) 949-7877,Yonkers,NY,false
4mydogs,,https://www.indoordogpark.org/parks/4mydogs,http://www.4mydogs.co/,(914) 358-4132,Yonkers,NY,false
Hook’D on Pets Grooming & Daycare,,https://www.indoordogpark.org/parks/hookd-on-pets-grooming-daycare,https://hookdonpets.com/,(347) 689-2412,Yonkers,NY,false
Really Care Pet Care,,https://www.indoordogpark.org/parks/really-care-pet-care,,(914) 539-0708,Yonkers,NY,false
Vanity Pups Boutique,,https://www.indoordogpark.org/parks/vanity-pups-boutique,http://www.vanitypuppies.com/,(718) 224-3643,Yonkers,NY,false
Pet World,,https://www.indoordogpark.org/parks/pet-world,,(914) 751-1055,Yonkers,NY,false
Choice Pet - Hartsdale,,https://www.indoordogpark.org/parks/choice-pet-hartsdale,http://www.choicepet.com/,(914) 684-1444,Yonkers,NY,false
Fieldston Pets - Bash Dibra,,https://www.indoordogpark.org/parks/fieldston-pets-bash-dibra,http://www.fieldstonpets.com/,(718) 796-4541,Yonkers,NY,false
Bark & Meow,,https://www.indoordogpark.org/parks/bark-meow,http://www.barkandmeowinc.com/,(914) 524-7373,Yonkers,NY,false
Aardvark Pet Supplies Inc.,,https://www.indoordogpark.org/parks/aardvark-pet-supplies-inc,http://www.aardvark.pet/,(914) 747-4848,Yonkers,NY,false
Whole Pets Market,,https://www.indoordogpark.org/parks/whole-pets-market,http://wholepetmarkets.com/,(718) 792-9408,Yonkers,NY,false
Crosby Pet Center Inc,,https://www.indoordogpark.org/parks/crosby-pet-center-inc,http://www.crosbypet.com/,(718) 822-6900,Yonkers,NY,false
Mamas Papas Pet Shop,,https://www.indoordogpark.org/parks/mamas-papas-pet-shop,http://www.mamaspapaspet.com/,(201) 567-0010,Yonkers,NY,false
Silver Nickel Puppies at Troy's Trims and Treats,,https://www.indoordogpark.org/parks/silver-nickel-puppies-at-troys-trims-and-treats,https://www.silvernickelpuppies.com/,(551) 367-0507,Yonkers,NY,false
Happy Tails Dog Shop,,https://www.indoordogpark.org/parks/happy-tails-dog-shop,http://happytailsdogshop.com/,,Syracuse,NY,false
Ack's Exotic Pets,,https://www.indoordogpark.org/parks/acks-exotic-pets,https://www.facebook.com/Acks-Exotic-Pets-110639489003275/,(315) 699-4754,Syracuse,NY,false
CountryMax - Dewitt,,https://www.indoordogpark.org/parks/countrymax-dewitt,https://www.countrymax.com/Dewitt-CountryMax/,(315) 656-7698,Syracuse,NY,false
Petco,,https://www.indoordogpark.org/parks/petco,https://stores.petco.com/ny/dewitt/pet-supplies-dewitt-ny-292.html,(315) 449-0084,Syracuse,NY,false
Petco,,https://www.indoordogpark.org/parks/petco,https://stores.petco.com/ny/northsyracuse/pet-supplies-northsyracuse-ny-1804.html,(315) 454-3949,Syracuse,NY,false
ABC Reefs,,https://www.indoordogpark.org/parks/abc-reefs,https://abcreefs.com/,(315) 882-0778,Syracuse,NY,false
Pet Supplies Plus Cicero,,https://www.indoordogpark.org/parks/pet-supplies-plus-cicero,https://www.petsuppliesplus.com/Store/NY/Cicero/Cicero/9061,(315) 699-1647,Syracuse,NY,false
CountryMax - Cicero,,https://www.indoordogpark.org/parks/countrymax-cicero,https://www.countrymax.com/Cicero-CountryMax/,(315) 699-1918,Syracuse,NY,false
CountryMax - Baldwinsville,,https://www.indoordogpark.org/parks/countrymax-baldwinsville,https://www.countrymax.com/Baldwinsville-CountryMax/,(315) 303-0656,Syracuse,NY,false
Puppy for sale,,https://www.indoordogpark.org/parks/puppy-for-sale,https://healing-habitat.blogspot.com/2023/04/healing-habitat-it-takes-vilage.html,(607) 269-6626,Syracuse,NY,false
Everything Pets,,https://www.indoordogpark.org/parks/everything-pets,https://www.everythingpetsandsupplies.com/?y_source=1_ODgwMjg5MjYtNzE1LWxvY2F0aW9uLndlYnNpdGU%3D,(518) 355-2488,Albany,NY,false
Pet Supplies Plus Albany,,https://www.indoordogpark.org/parks/pet-supplies-plus-albany,https://www.petsuppliesplus.com/Store/NY/Albany/Albany/9024,(518) 438-1040,Albany,NY,false
Healthy Pet Center,,https://www.indoordogpark.org/parks/healthy-pet-center,http://healthypetcenters.com/,(518) 487-4587,Albany,NY,false
Pet Supplies Plus East Greenbush,,https://www.indoordogpark.org/parks/pet-supplies-plus-east-greenbush,https://www.petsuppliesplus.com/Store/NY/Rensselaer/East-Greenbush/4162,(518) 477-5061,Albany,NY,false
Eddie's Aquarium Centre,,https://www.indoordogpark.org/parks/eddies-aquarium-centre,http://www.eddiesaqua.com/,(518) 783-3474,Albany,NY,false
Healthy Pet Center,,https://www.indoordogpark.org/parks/healthy-pet-center,http://healthypetcenters.com/,(518) 283-4027,Albany,NY,false
Pet Supplies Plus Troy,,https://www.indoordogpark.org/parks/pet-supplies-plus-troy,https://www.petsuppliesplus.com/Store/NY/Troy/Troy/4032,(518) 272-3149,Albany,NY,false
Pampered Pooch & Pals,,https://www.indoordogpark.org/parks/pampered-pooch-pals,http://pamperedpoochandpals.com/,(518) 363-0396,Albany,NY,false
Pet Supplies Plus Glenville,,https://www.indoordogpark.org/parks/pet-supplies-plus-glenville,https://www.petsuppliesplus.com/Store/NY/Glenville/Glenville/9076,(518) 399-2578,Albany,NY,false
"The Pet Stop Grooming, & Boarding.",,https://www.indoordogpark.org/parks/the-pet-stop-grooming-boarding,,(518) 477-7017,Albany,NY,false
Mohawk Hudson Humane Society,,https://www.indoordogpark.org/parks/mohawk-hudson-humane-society,https://mohawkhumane.org/,(518) 434-8128,Albany,NY,false
Albany Pet Hotel,,https://www.indoordogpark.org/parks/albany-pet-hotel,http://www.albanypethotel.com/,(541) 926-9351,Albany,NY,false
Bella & Lindy Pet Boutique,,https://www.indoordogpark.org/parks/bella-lindy-pet-boutique,http://www.bellaandlindy.com/,(518) 306-1121,Albany,NY,false
Pet Pantry Warehouse,,https://www.indoordogpark.org/parks/pet-pantry-warehouse,http://www.ppwpet.com/,(914) 967-0444,New Rochelle,NY,false
Pet Pantry Warehouse,,https://www.indoordogpark.org/parks/pet-pantry-warehouse,http://www.ppwpet.com/,(914) 833-3444,New Rochelle,NY,false
Pet Story NY,,https://www.indoordogpark.org/parks/pet-story-ny,https://www.petstorymineola.com/,(516) 490-4110,New Rochelle,NY,false
Pet Palace of New City,,https://www.indoordogpark.org/parks/pet-palace-of-new-city,http://www.petpalaceonline.com/,(845) 638-1378,New Rochelle,NY,false
Zoo Pet Center,,https://www.indoordogpark.org/parks/zoo-pet-center,https://www.aquariumcleaningwestchester.com/,(914) 471-3444,New Rochelle,NY,false
WandererHub Pets Salon - Hamilton Heights,,https://www.indoordogpark.org/parks/wandererhub-pets-salon-hamilton-heights,https://wandererhubshop.net/,(917) 388-2381,Mount Vernon,NY,false
Petco,,https://www.indoordogpark.org/parks/petco,https://stores.petco.com/ny/mtvernon/pet-supplies-mtvernon-ny-1781.html,(914) 699-3270,Mount Vernon,NY,false
Doggie-Do & Playtime Too!,,https://www.indoordogpark.org/parks/doggie-do-playtime-too,http://www.doggiedonyc.com/,(212) 288-3633,Mount Vernon,NY,false
Canine Corral,,https://www.indoordogpark.org/parks/canine-corral,,(631) 549-1544,Mount Vernon,NY,false
We Lov Pets - Mt Vernon,,https://www.indoordogpark.org/parks/we-lov-pets-mt-vernon,https://www.welovpets.com/stores/mount-vernon/,(740) 392-0059,Mount Vernon,NY,false
Pet Supplies Plus Mount Vernon,,https://www.indoordogpark.org/parks/pet-supplies-plus-mount-vernon,https://www.petsuppliesplus.com/Store/IL/Mount-Vernon/Mount-Vernon/4153,(618) 244-3718,Mount Vernon,NY,false
Just Food For Dogs,,https://www.indoordogpark.org/parks/just-food-for-dogs,https://www.justfoodfordogs.com/store/500-e-sandford-blvd-mt-vernon-ny-10550.html?utm_source=local&utm_medium=organic&utm_campaign=GMB&utm_content=petshop,(914) 699-3270,Mount Vernon,NY,false
Natty Pet Shop,,https://www.indoordogpark.org/parks/natty-pet-shop,https://www.nattypetshop.com/,(718) 975-4414,Mount Vernon,NY,false
The K9 Shop,,https://www.indoordogpark.org/parks/the-k9-shop,https://www.thek9shop.com/?utm_source=google&utm_medium=organic&utm_campaign=gmp,(516) 400-3729,Mount Vernon,NY,false
Puppy Resources,,https://www.indoordogpark.org/parks/puppy-resources,https://puppyresources.top/,(718) 378-7877,Mount Vernon,NY,false
Spoiled Brats,,https://www.indoordogpark.org/parks/spoiled-brats,https://spoiledbrats.top/,(212) 543-2202,Mount Vernon,NY,false
Upstate Pets,,https://www.indoordogpark.org/parks/upstate-pets,,,Schenectady,NY,false
Altamont Country Values Inc. DBA Agway,,https://www.indoordogpark.org/parks/altamont-country-values-inc-dba-agway,http://www.altamontagway.com/,(518) 861-8061,Schenectady,NY,false
Pet Supplies Plus New Hartford,,https://www.indoordogpark.org/parks/pet-supplies-plus-new-hartford,https://www.petsuppliesplus.com/Store/NY/New-Hartford/New-Hartford/9027,(315) 768-4488,Utica,NY,false
Upscale Exotics,,https://www.indoordogpark.org/parks/upscale-exotics,http://www.upscaleexotics.com/,(315) 367-5002,Utica,NY,false
Petersons Exotic Pets,,https://www.indoordogpark.org/parks/petersons-exotic-pets,https://petersonsexoticpets.top/,(315) 337-6406,Utica,NY,false
The PARK Indoor Dog Park,,https://www.indoordogpark.org/parks/the-park-indoor-dog-park,https://www.theparkburlington.com/,(319) 759-5948,Utica,NY,false
Pet Supplies Plus Rome,,https://www.indoordogpark.org/parks/pet-supplies-plus-rome,https://www.petsuppliesplus.com/Store/NY/Rome/Rome/4065,(315) 334-7086,Utica,NY,false
Tractor Supply Co.,,https://www.indoordogpark.org/parks/tractor-supply-co,https://www.tractorsupply.com/tsc/store_Utica-NY-13502_323?utm_source=localgmblisting&utm_medium=organic,(315) 735-5745,Utica,NY,false
Aquatic & Exotic Pet Shop,,https://www.indoordogpark.org/parks/aquatic-exotic-pet-shop,,,Utica,NY,false
Tractor Supply Company - Frankfort Distribution Center,,https://www.indoordogpark.org/parks/tractor-supply-company-frankfort-distribution-center,https://www.tractorsupply.com/tsc/store_Frankfort-NY-13340_771?utm_source=localgmblisting&utm_medium=organic,(315) 619-3303,Utica,NY,false
Petzotics,,https://www.indoordogpark.org/parks/petzotics,,(315) 280-4634,Utica,NY,false
Petco,,https://www.indoordogpark.org/parks/petco,https://stores.petco.com/ny/hartsdale/pet-supplies-hartsdale-ny-787.html,(914) 421-0900,White Plains,NY,false
"Smart Puppies For Sale, Inc.",,https://www.indoordogpark.org/parks/smart-puppies-for-sale-inc,https://www.smartpuppiesforsale.com/availablepuppies/puppies,(203) 349-3127,White Plains,NY,false
Puppy Guyz,,https://www.indoordogpark.org/parks/puppy-guyz,http://www.puppyguyz.com/,(516) 366-2524,Hempstead,NY,false
Mutts & Butts,,https://www.indoordogpark.org/parks/mutts-butts,http://www.muttsandbutts.com/,(516) 379-3456,Hempstead,NY,false
Pet Supplies Plus West Hempstead,,https://www.indoordogpark.org/parks/pet-supplies-plus-west-hempstead,https://www.petsuppliesplus.com/Store/NY/West-Hempstead/West-Hempstead/9016,(516) 292-8664,Hempstead,NY,false
"Fancy Doggy-Dog Grooming, Daycare and Boarding(Doggy Doggy) 애견 미용실",,https://www.indoordogpark.org/parks/fancy-doggy-dog-grooming-daycare-and-boardingdoggy-doggy,http://fancydoggy.co/,(718) 428-0717,Hempstead,NY,false
Best Puppies For Sale,,https://www.indoordogpark.org/parks/best-puppies-for-sale,http://www.bestpuppiesforsale.org/,(631) 388-6976,Hempstead,NY,false
Pet Club,,https://www.indoordogpark.org/parks/pet-club,http://instagram.com/petclubny,(516) 246-9252,Hempstead,NY,false
Dog Walking Plus Inc.,,https://www.indoordogpark.org/parks/dog-walking-plus-inc,https://dogwalkingplus.top/,(516) 378-8396,Hempstead,NY,false
Maximum K9 Service,,https://www.indoordogpark.org/parks/maximum-k9-service,https://maximumk9service.com/,(631) 522-1728,Hempstead,NY,false
Community Pet Supplies - Huntington Village,,https://www.indoordogpark.org/parks/community-pet-supplies-huntington-village,http://communitypet.com/,(631) 421-0088,Hempstead,NY,false
Community Pet Supplies Jericho Turnpike,,https://www.indoordogpark.org/parks/community-pet-supplies-jericho-turnpike,http://communitypet.com/,(631) 673-3666,Hempstead,NY,false
Petco,,https://www.indoordogpark.org/parks/petco,https://stores.petco.com/ny/carleplace/pet-supplies-carleplace-ny-295.html,(516) 746-9623,Hempstead,NY,false
Parrots of the World,,https://www.indoordogpark.org/parks/parrots-of-the-world,http://www.parrotsoftheworld.com/,(516) 764-0717,Hempstead,NY,false
Master Pups,,https://www.indoordogpark.org/parks/master-pups,http://www.masterpups.com/,(347) 542-3166,Hempstead,NY,false
The K9 Shop,,https://www.indoordogpark.org/parks/the-k9-shop,https://thek9shop.com/,(631) 619-1888,Hempstead,NY,false
Animal Pantry,,https://www.indoordogpark.org/parks/animal-pantry,,(516) 586-8665,Hempstead,NY,false
Pet Supplies Plus Valley Stream,,https://www.indoordogpark.org/parks/pet-supplies-plus-valley-stream,https://www.petsuppliesplus.com/Store/NY/Valley-Stream/Valley-Stream/9038,(516) 593-4886,Hempstead,NY,false
For Pets Only,,https://www.indoordogpark.org/parks/for-pets-only,http://www.forpetsonlyny.com/,(516) 922-1526,Hempstead,NY,false
The Doggy Bag,,https://www.indoordogpark.org/parks/the-doggy-bag,https://www.fetchthedoggybag.com/,(518) 248-7373,Troy,NY,false
Paulmac's Pets,,https://www.indoordogpark.org/parks/paulmacs-pets,https://store.petvalu.ca/location/4003/,(905) 356-6751,Niagara Falls,NY,false
Pet Supplies Plus Amherst - Niagara Falls,,https://www.indoordogpark.org/parks/pet-supplies-plus-amherst-niagara-falls,https://www.petsuppliesplus.com/Store/NY/Amherst/Amherst/197,(716) 695-3595,Niagara Falls,NY,false
Petco,,https://www.indoordogpark.org/parks/petco,https://stores.petco.com/ny/niagarafalls/pet-supplies-niagarafalls-ny-3754.html,(716) 297-1495,Niagara Falls,NY,false
Dog Bytz,,https://www.indoordogpark.org/parks/dog-bytz,,(716) 574-2229,Niagara Falls,NY,false
Ruffin's Pet Centres - Niagara Falls,,https://www.indoordogpark.org/parks/ruffins-pet-centres-niagara-falls,http://www.ruffinspet.com/,(289) 296-1000,Niagara Falls,NY,false
Puppy & Dog Fashion Ltd.,,https://www.indoordogpark.org/parks/puppy-dog-fashion-ltd,https://puppyanddogfashion.ca/,(604) 999-3697,Niagara Falls,NY,false
"Myco Pet (Myco Canine, Myco Feline, Myco Equine)",,https://www.indoordogpark.org/parks/myco-pet-myco-canine-myco-feline-myco-equine,http://www.myco.pet/,(905) 299-1206,Niagara Falls,NY,false
Ruffin's Pet Centres - Fonthill,,https://www.indoordogpark.org/parks/ruffins-pet-centres-fonthill,https://ruffinsfonthill.com/,(905) 892-3733,Niagara Falls,NY,false
Clyde's Feed & Animal Center,,https://www.indoordogpark.org/parks/clydes-feed-animal-center,http://clydesfeed.com/,(716) 434-9377,Niagara Falls,NY,false
Niagara Pet Corner,,https://www.indoordogpark.org/parks/niagara-pet-corner,http://niagarapetcorner.ca/,(905) 735-2221,Niagara Falls,NY,false
Reptile Kingdom Canada,,https://www.indoordogpark.org/parks/reptile-kingdom-canada,http://reptilekingdomcanada.com/,(905) 892-7100,Niagara Falls,NY,false
Troop Pet Products,,https://www.indoordogpark.org/parks/troop-pet-products,http://www.trooppetproducts.ca/,(289) 362-0237,Niagara Falls,NY,false
Creature Comforts,,https://www.indoordogpark.org/parks/creature-comforts,http://www.ccpetstore.com/,(607) 723-2666,Binghamton,NY,false
Petco,,https://www.indoordogpark.org/parks/petco,https://stores.petco.com/ny/johnsoncity/pet-supplies-johnsoncity-ny-2781.html,(607) 798-1430,Binghamton,NY,false
"The Puppy Patch, LLC",,https://www.indoordogpark.org/parks/the-puppy-patch-llc,http://www.facebook.com/thepuppypatchny,(607) 732-1107,Binghamton,NY,false
The Houndstooth Bakery and Boutique LLC,,https://www.indoordogpark.org/parks/the-houndstooth-bakery-and-boutique-llc,http://www.houndstoothbakery.com/,(607) 563-2275,Binghamton,NY,false
Tractor Supply Co.,,https://www.indoordogpark.org/parks/tractor-supply-co,https://www.tractorsupply.com/tsc/store_Binghamton-NY-13905_2271?utm_source=localgmblisting&utm_medium=organic,(607) 722-2002,Binghamton,NY,false
Tractor Supply Co.,,https://www.indoordogpark.org/parks/tractor-supply-co,https://www.tractorsupply.com/tsc/store_Vestal-NY-13850_658?utm_source=localgmblisting&utm_medium=organic,(607) 658-9164,Binghamton,NY,false
Livingston's Animal Kingdom,,https://www.indoordogpark.org/parks/livingstons-animal-kingdom,,(607) 724-4686,Binghamton,NY,false
Treat Your Pet,,https://www.indoordogpark.org/parks/treat-your-pet,http://treatyourpetny.com/,(516) 670-0470,Freeport,NY,false
Dynamic Tank Design,,https://www.indoordogpark.org/parks/dynamic-tank-design,http://www.dynamictank.com/,(516) 546-3474,Freeport,NY,false
Petco,,https://www.indoordogpark.org/parks/petco,https://stores.petco.com/ny/baldwin/pet-supplies-baldwin-ny-1719.html,(516) 868-7120,Freeport,NY,false
Marine Dog Pet Supplies,,https://www.indoordogpark.org/parks/marine-dog-pet-supplies,http://marinedog.com/,(516) 797-7738,Freeport,NY,false
Pet Supplies Plus Oceanside,,https://www.indoordogpark.org/parks/pet-supplies-plus-oceanside,https://www.petsuppliesplus.com/Store/NY/Oceanside/Oceanside/9031,(516) 855-0286,Freeport,NY,false
Pet Supplies Plus Manhasset,,https://www.indoordogpark.org/parks/pet-supplies-plus-manhasset,https://www.petsuppliesplus.com/Store/NY/Manhasset/Manhasset/9036,(516) 627-0763,Freeport,NY,false
Pet Supplies Plus East Northport,,https://www.indoordogpark.org/parks/pet-supplies-plus-east-northport,https://www.petsuppliesplus.com/Store/NY/East-Northport/East-Northport/9030,(631) 462-3282,Freeport,NY,false
Purrfect pets,,https://www.indoordogpark.org/parks/purrfect-pets,,(718) 868-4949,Freeport,NY,false
Spoiled Bitch Dog Boutique,,https://www.indoordogpark.org/parks/spoiled-bitch-dog-boutique,http://www.spoiledbitchdogboutique.com/,,Freeport,NY,false
Puppy Kingdom,,https://www.indoordogpark.org/parks/puppy-kingdom,,(516) 415-7356,Freeport,NY,false
Mommies 3k,,https://www.indoordogpark.org/parks/mommies-3k,,(929) 403-9233,Freeport,NY,false
Wagz Boutiques,,https://www.indoordogpark.org/parks/wagz-boutiques,http://www.wagzboutiques.com/,(850) 835-1071,Freeport,NY,false
BowWow Babies,,https://www.indoordogpark.org/parks/bowwow-babies,https://bowwowbabies.com/,,Freeport,NY,false
All Island Pet Supplies,,https://www.indoordogpark.org/parks/all-island-pet-supplies,http://allislandpetsupplies.com/,(631) 448-7990,Freeport,NY,false
Pets Warehouse,,https://www.indoordogpark.org/parks/pets-warehouse,http://www.petswarehouse.com/,(631) 319-6350,Freeport,NY,false
Country Critters Ltd,,https://www.indoordogpark.org/parks/country-critters-ltd,http://www.countrycritterspets.com/,(631) 758-6777,Freeport,NY,false
Pet Club,,https://www.indoordogpark.org/parks/pet-club,https://www.instagram.com/petclubny/?hl=en,(917) 300-2148,Freeport,NY,false
B.T.J.'s Jungle,,https://www.indoordogpark.org/parks/btjs-jungle,https://btjjungle.com/,(631) 587-8191,Freeport,NY,false
Pet Island,,https://www.indoordogpark.org/parks/pet-island,https://www.facebook.com/Pet-island-510364165652745/,(718) 786-1555,Freeport,NY,false
Pet NV Discounts,,https://www.indoordogpark.org/parks/pet-nv-discounts,http://www.petnvdiscounts.com/,(347) 240-8660,Valley Stream,NY,false
Puppy Party,,https://www.indoordogpark.org/parks/puppy-party,http://www.puppyparty.com/,(718) 930-1914,Valley Stream,NY,false
Dog Days and Cat Nights,,https://www.indoordogpark.org/parks/dog-days-and-cat-nights,,(718) 441-2469,Valley Stream,NY,false
Sundown Kennels,,https://www.indoordogpark.org/parks/sundown-kennels,http://sundownkennel.com/,(631) 423-6280,Valley Stream,NY,false
Two Monsters Pet Shop,,https://www.indoordogpark.org/parks/two-monsters-pet-shop,http://twomonsterspetshop.com/,(347) 422-0886,Valley Stream,NY,false
PS9Pets,,https://www.indoordogpark.org/parks/ps9pets,,(718) 486-6465,Valley Stream,NY,false
Fur-U,,https://www.indoordogpark.org/parks/fur-u,https://www.fur-ulb.com/,,Long Beach,NY,false
Petco,,https://www.indoordogpark.org/parks/petco,https://stores.petco.com/ny/brooklyn/pet-supplies-brooklyn-ny-1862.html,(718) 743-2147,Long Beach,NY,false
Fluid Dynamics Aquarium Services and Store,,https://www.indoordogpark.org/parks/fluid-dynamics-aquarium-services-and-store,http://fluiddynamicsinternational.com/,(631) 208-5302,Long Beach,NY,false
Magic Kittens Cattery,,https://www.indoordogpark.org/parks/magic-kittens-cattery,https://scottishmagickitten.com/,(646) 671-3395,Long Beach,NY,false
Petco,,https://www.indoordogpark.org/parks/petco,https://stores.petco.com/ny/oceanside/pet-supplies-oceanside-ny-3747.html,(516) 561-1491,Long Beach,NY,false
Monster Aquarium Inc - Shop in Queens New York,,https://www.indoordogpark.org/parks/monster-aquarium-inc-shop-in-queens-new-york,http://www.monsteraquariumon9.com/,(347) 732-0373,Long Beach,NY,false
Dozo Dog,,https://www.indoordogpark.org/parks/dozo-dog,https://www.dozodog.com/,(718) 255-6322,Long Beach,NY,false
Pup Pup & Ripkens Pampered,,https://www.indoordogpark.org/parks/pup-pup-ripkens-pampered,,(516) 298-4674,Long Beach,NY,false
Dogs for Sale,,https://www.indoordogpark.org/parks/dogs-for-sale,,,Long Beach,NY,false
Pirate Paws Barkery,,https://www.indoordogpark.org/parks/pirate-paws-barkery,,(845) 728-2113,Newburgh,NY,false
Lil Paws Couture,,https://www.indoordogpark.org/parks/lil-paws-couture,,(845) 418-0033,Newburgh,NY,false
FurEver Friends Hudson Valley,,https://www.indoordogpark.org/parks/furever-friends-hudson-valley,http://www.fureverfriendsfamily.com/,(845) 632-2990,Newburgh,NY,false
Bark Place of Ulster,,https://www.indoordogpark.org/parks/bark-place-of-ulster,https://www.myreadylink.com/new-paltz-ny/business/bark-place/,(845) 834-2662,Newburgh,NY,false
Pet Supplies Plus New Windsor (Vails Gate),,https://www.indoordogpark.org/parks/pet-supplies-plus-new-windsor-vails-gate,https://www.petsuppliesplus.com/store/ny/new-windsor/4130-new-windsor/4130,(845) 245-4487,Newburgh,NY,false
Liberty Pet & Supply,,https://www.indoordogpark.org/parks/liberty-pet-supply,https://libertypetsupply.top/,(845) 292-1255,Newburgh,NY,false
BEACON BARKERY,,https://www.indoordogpark.org/parks/beacon-barkery,,(845) 440-7652,Newburgh,NY,false
Pet Goods,,https://www.indoordogpark.org/parks/pet-goods,https://www.petgoods.com/,(845) 297-3600,Newburgh,NY,false
Pet Supplies Plus Fishkill,,https://www.indoordogpark.org/parks/pet-supplies-plus-fishkill,https://www.petsuppliesplus.com/Store/NY/Fishkill/Fishkill/9034,(845) 896-1737,Newburgh,NY,false
"Ruff Haus Kennels, LLC",,https://www.indoordogpark.org/parks/ruff-haus-kennels-llc,https://ruffhauskennels.top/,(845) 744-7833,Newburgh,NY,false
PUPPY PAW ENTERPRISES,,https://www.indoordogpark.org/parks/puppy-paw-enterprises,http://www.puppypawenterprises.com/,(845) 476-6554,Newburgh,NY,false
The Pet Camp,,https://www.indoordogpark.org/parks/the-pet-camp,https://www.petcampny.com/,(845) 692-2922,Newburgh,NY,false
Walden Animal Deli,,https://www.indoordogpark.org/parks/walden-animal-deli,https://waldenanimaldeli.top/,(845) 778-5252,Newburgh,NY,false
Pet Pro,,https://www.indoordogpark.org/parks/pet-pro,,(845) 226-8335,Newburgh,NY,false
DUTCHESS EXOTICS PET SUPPLY,,https://www.indoordogpark.org/parks/dutchess-exotics-pet-supply,https://dutchessexoticspet.top/,(845) 517-9733,Newburgh,NY,false
Animabilia Inc.,,https://www.indoordogpark.org/parks/animabilia-inc,https://animabilia-inc.square.site/,(845) 341-7344,Newburgh,NY,false
Petco,,https://www.indoordogpark.org/parks/petco,https://stores.petco.com/ny/poughkeepsie/pet-supplies-poughkeepsie-ny-2728.html,(845) 298-4380,Poughkeepsie,NY,false
Lucky Dog Bark - Charlotte,,https://www.indoordogpark.org/parks/lucky-dog-bark-charlotte,https://luckydogbarkandbrew.com/,(704) 333-4114,Charlotte,NC,false
K9 Playland,info@thedogpacktraining.com,https://www.indoordogpark.org/parks/k9-playland,http://k9playland.com/,(704) 525-9778,Charlotte,NC,true
Skiptown,charlotte@skiptown.io,https://www.indoordogpark.org/parks/skiptown,https://skiptown.io/locations/charlotte-nc/,(704) 343-6658,Charlotte,NC,true
Lucky Dog Bark - Steele Creek,,https://www.indoordogpark.org/parks/lucky-dog-bark-steele-creek,https://luckydogbarkandbrew.com/,(704) 583-4750,Charlotte,NC,false
McAlpine Creek Dog Park,,https://www.indoordogpark.org/parks/mcalpine-creek-dog-park,,,Charlotte,NC,false
Carolina Doggie Playland,,https://www.indoordogpark.org/parks/carolina-doggie-playland,http://www.carolinadoggieplayland.com/,(704) 529-7757,Charlotte,NC,false
Renaissance Dog Park,,https://www.indoordogpark.org/parks/renaissance-dog-park,https://www.mecknc.gov/ParkandRec/Parks/ParksByRegion/SouthRegion/Pages/RenaissancePK.aspx,,Charlotte,NC,false
Canine Commons Dog Park,,https://www.indoordogpark.org/parks/canine-commons-dog-park,https://www.pinevillenc.gov/government/departments/parks-recreation/parks-facilities/canine-commons/,(704) 889-2400,Charlotte,NC,false
Whitewater Center Off Leash,,https://www.indoordogpark.org/parks/whitewater-center-off-leash,https://whitewater.org/activity/off-leash/,(704) 391-3900,Charlotte,NC,false
Frazier Place dog park,,https://www.indoordogpark.org/parks/frazier-place-dog-park,,,Charlotte,NC,false
Dogs All Day,,https://www.indoordogpark.org/parks/dogs-all-day,http://www.dogsalldaycharlotte.com/,(704) 523-3380,Charlotte,NC,false
NoDa Bark & Board,filler@godaddy.comMy,https://www.indoordogpark.org/parks/noda-bark-board,http://nodabarkandboard.com/,(704) 376-0801,Charlotte,NC,true
Midwood Barkery,,https://www.indoordogpark.org/parks/midwood-barkery,http://midwoodbarkery.com/,(980) 224-7702,Charlotte,NC,false
Hounds Town Charlotte NoDa,,https://www.indoordogpark.org/parks/hounds-town-charlotte-noda,https://houndstownusa.com/locations/charlotte-noda/?utm_source=google&utm_medium=map&utm_id=charlotte-noda-nc,(704) 870-7096,Charlotte,NC,false
One Lucky Pup,,https://www.indoordogpark.org/parks/one-lucky-pup,http://www.oneluckypup.com/,(704) 494-8476,Charlotte,NC,false
The Barker Lounge,,https://www.indoordogpark.org/parks/the-barker-lounge,http://www.thebarkerlounge.com/,(704) 522-7537,Charlotte,NC,false
Club Fetch,,https://www.indoordogpark.org/parks/club-fetch,http://www.clubfetch.com/?utm_source=gmb&utm_medium=Yext&cp=9802433744&y_source=1_MTc1NjQ4NjMtNzE1LWxvY2F0aW9uLndlYnNpdGU%3D,(980) 243-3744,Charlotte,NC,false
Pet Paradise Charlotte,clt@petparadise.com,https://www.indoordogpark.org/parks/pet-paradise-charlotte,https://www.petparadise.com/charlotte-airport.htm,(704) 393-3647,Charlotte,NC,true
Social Pet at Charlotte,,https://www.indoordogpark.org/parks/social-pet-at-charlotte,https://www.socialpethotel.com/,(704) 835-1022,Charlotte,NC,false
Pet Palace - Charlotte,charlotte@petpalaceresort.com,https://www.indoordogpark.org/parks/pet-palace-charlotte,https://www.petpalaceresort.com/locations/pet-palace-charlotte/?utm_medium=organic&utm_source=googlemybusiness,(704) 742-2202,Charlotte,NC,true
PetSuites Charlotte Airport,,https://www.indoordogpark.org/parks/petsuites-charlotte-airport,https://charlotteairport.petsuitesofamerica.com/?utm_source=gmb&utm_medium=organic&y_source=1_MTE2NjkwNTUtNzE1LWxvY2F0aW9uLndlYnNpdGU%3D,(704) 754-8749,Charlotte,NC,false
PetSuites Wendover,,https://www.indoordogpark.org/parks/petsuites-wendover,https://wendover.petsuitesofamerica.com/?utm_source=gmb&utm_medium=organic&y_source=1_MTg1NDkzNTYtNzE1LWxvY2F0aW9uLndlYnNpdGU%3D,(833) 994-2778,Charlotte,NC,false
One Lucky Pup,,https://www.indoordogpark.org/parks/one-lucky-pup,https://www.oneluckypup.com/,(704) 525-4440,Charlotte,NC,false
Animal People Dog Boarding & Day Care,,https://www.indoordogpark.org/parks/animal-people-dog-boarding-day-care,https://animalpeoplecompany.com/?utm_campaign=gmb,(980) 575-1775,Charlotte,NC,false
Pet Palace - South Charlotte,charlottesouth@petpalaceresort.com,https://www.indoordogpark.org/parks/pet-palace-south-charlotte,https://www.petpalaceresort.com/locations/pet-palace-charlotte-south/?utm_medium=organic&utm_source=googlemybusiness,(704) 908-6017,Charlotte,NC,true
Charlotte Kennels,office@charlottekennels.com,https://www.indoordogpark.org/parks/charlotte-kennels,http://www.charlottekennels.com/,(704) 821-1318,Charlotte,NC,true
Queen City Canine,,https://www.indoordogpark.org/parks/queen-city-canine,http://www.queencitycanine.com/,(980) 280-7214,Charlotte,NC,false
Obedient K9 Academy,office@obedientk9.com,https://www.indoordogpark.org/parks/obedient-k9-academy,https://obedientk9.com/,(704) 741-4471,Charlotte,NC,true
The Dog Wizard Charlotte,charlotte@thedogwizard.com,https://www.indoordogpark.org/parks/the-dog-wizard-charlotte,https://thedogwizard.com/locations/us/nc/charlotte/dog-training-28.html?utm_source=google&utm_medium=organic&utm_campaign=google+business+profile,(704) 327-0790,Charlotte,NC,true
Mango Dogs Carolinas,mangodogshq@gmail.com,https://www.indoordogpark.org/parks/mango-dogs-carolinas,https://www.mangodogs.com/reactive-and-aggressive-dog-training-charlotte-nc/,(704) 666-2950,Charlotte,NC,true
Canine Scholars Dog Training,,https://www.indoordogpark.org/parks/canine-scholars-dog-training,https://www.caninescholars.com/,(888) 478-2020,Charlotte,NC,false
"Hakuna Matata Dog Care & Training, LLC",mike@hakunatraining.com,https://www.indoordogpark.org/parks/hakuna-matata-dog-care-training-llc,http://hakunatraining.com/,(704) 562-5631,Charlotte,NC,true
The Dog Knowledge,info@thedogknowledge.com,https://www.indoordogpark.org/parks/the-dog-knowledge,https://thedogknowledge.com/,(704) 228-1283,Charlotte,NC,true
Star Dog,496-3668stardogcharlotte@gmail.com,https://www.indoordogpark.org/parks/star-dog,http://www.stardogcharlotte.com/,(704) 496-3668,Charlotte,NC,true
Mariah Dog Training,,https://www.indoordogpark.org/parks/mariah-dog-training,https://www.mariahhinds.com/,(704) 266-0697,Charlotte,NC,false
Happy Dogs Training,,https://www.indoordogpark.org/parks/happy-dogs-training,http://happydogstrainingnc.com/,(980) 224-0434,Charlotte,NC,false
Bed and Bark,Info@Bedandbark.comPhone,https://www.indoordogpark.org/parks/bed-and-bark,http://www.bedandbark.com/,(704) 862-4942,Charlotte,NC,true
Canine Corner,info@caninecornerclt.com,https://www.indoordogpark.org/parks/canine-corner,https://www.caninecornerclt.com/,(704) 525-9778,Charlotte,NC,true
Camp Bow Wow Charlotte Metro,charlottemetro@campbowwow.com,https://www.indoordogpark.org/parks/camp-bow-wow-charlotte-metro,https://www.campbowwow.com/charlotte-metro/,(704) 527-3647,Charlotte,NC,true
Shuffletown Park,,https://www.indoordogpark.org/parks/shuffletown-park,https://parkandrec.mecknc.gov/Places-to-Visit/Parks,(980) 314-1001,Charlotte,NC,false
Reedy Creek Park Dog Park,,https://www.indoordogpark.org/parks/reedy-creek-park-dog-park,,,Charlotte,NC,false
Plaza Midwood Neighborhood Association Dog Park,,https://www.indoordogpark.org/parks/plaza-midwood-neighborhood-association-dog-park,https://plazamidwood.org/dogpark/,,Charlotte,NC,false
Dog Park at Clarks Creek Community Park,,https://www.indoordogpark.org/parks/dog-park-at-clarks-creek-community-park,,(980) 314-1001,Charlotte,NC,false
Shuffletown Dog Park,,https://www.indoordogpark.org/parks/shuffletown-dog-park,https://parkandrec.mecknc.gov/Places-to-Visit/Parks,(980) 314-1001,Charlotte,NC,false
Planet Pup,planetpup704@gmail.com,https://www.indoordogpark.org/parks/planet-pup,https://www.planetpup704.com/,(704) 595-3689,Charlotte,NC,true
Weddington Road Bark Park,,https://www.indoordogpark.org/parks/weddington-road-bark-park,https://concordnc.gov/Departments/Parks-Recreation/Parks#Bark%20Park,(704) 920-5600,Charlotte,NC,false
West Street Dog,984-222-2965weststreetdog@gmail.com,https://www.indoordogpark.org/parks/west-street-dog,https://www.weststreetdog.com/,(984) 222-2965,Raleigh,NC,true
Millbrook Exchange Park,brian.philpot@raleighnc.gov,https://www.indoordogpark.org/parks/millbrook-exchange-park,http://www.raleighnc.gov/parks/content/ParksRec/Articles/Parks/Millbrook.html,(919) 996-4156,Raleigh,NC,true
Oakwood Dog Park,christie.jones@raleighnc.gov,https://www.indoordogpark.org/parks/oakwood-dog-park,https://www.raleighnc.gov/parks/content/ParksRec/Articles/Parks/Oakwood.html,,Raleigh,NC,true
Barkyard,,https://www.indoordogpark.org/parks/barkyard,https://downtowncarypark.com/locations/barkyard,,Raleigh,NC,false
Buffaloe Road Dog Park,michael.brito@raleighnc.gov,https://www.indoordogpark.org/parks/buffaloe-road-dog-park,https://www.raleighnc.gov/parks/content/ParksRec/Articles/Parks/BuffaloeRoad.html,(919) 996-3285,Raleigh,NC,true
Paws at Play of Raleigh,,https://www.indoordogpark.org/parks/paws-at-play-of-raleigh,http://www.pawsatplay.com/,(919) 785-9495,Raleigh,NC,false
Pup's Day Out,info@pupsdayoutplaycare.com,https://www.indoordogpark.org/parks/pups-day-out,http://pupsdayoutplaycare.com/,(919) 809-8744,Raleigh,NC,true
Triangle Pet Resort,,https://www.indoordogpark.org/parks/triangle-pet-resort,http://trianglepetresort.com/,(919) 890-8598,Raleigh,NC,false
Dogtopia of North Raleigh,,https://www.indoordogpark.org/parks/dogtopia-of-north-raleigh,https://www.dogtopia.com/north-raleigh/,(919) 706-0525,Raleigh,NC,false
Dog Gone Happy,,https://www.indoordogpark.org/parks/dog-gone-happy,http://www.doggonehappync.com/,(919) 803-0353,Raleigh,NC,false
Dog Diggity Daycare & Boarding,,https://www.indoordogpark.org/parks/dog-diggity-daycare-boarding,https://www.dogdiggitydaycare.com/,(919) 788-2107,Raleigh,NC,false
Camp Bow Wow North Raleigh,,https://www.indoordogpark.org/parks/camp-bow-wow-north-raleigh,https://www.campbowwow.com/north-raleigh/,(984) 468-8527,Raleigh,NC,false
Suite Paws Pet Resort & Spa,,https://www.indoordogpark.org/parks/suite-paws-pet-resort-spa,http://www.suitepaws.com/raleigh/,(919) 231-1112,Raleigh,NC,false
K9 Resorts Luxury Pet Hotel Apex,,https://www.indoordogpark.org/parks/k9-resorts-luxury-pet-hotel-apex,https://www.k9resorts.com/apex/,(919) 891-6747,Raleigh,NC,false
PetsHotel Raleigh,,https://www.indoordogpark.org/parks/petshotel-raleigh,https://reservations.petsmart.com/index.php/reservation_controller/loadReservation/594?utm_source=google&utm_medium=organic&utm_campaign=google-my-business,(919) 873-0544,Raleigh,NC,false
RDU Pet Resort,,https://www.indoordogpark.org/parks/rdu-pet-resort,https://www.trianglepetresort.com/,(919) 890-8598,Raleigh,NC,false
Bone Voyage Pet Resort,,https://www.indoordogpark.org/parks/bone-voyage-pet-resort,http://www.bonevoyagepetresort.com/,(919) 329-9892,Raleigh,NC,false
Armadale Farm Kennel,,https://www.indoordogpark.org/parks/armadale-farm-kennel,http://www.armadalekennel.com/,(919) 847-0389,Raleigh,NC,false
Sit Means Sit Dog Training Raleigh,,https://www.indoordogpark.org/parks/sit-means-sit-dog-training-raleigh,https://smsraleigh.com/?utm_source=google&utm_medium=gmb&utm_campaign=google_listing,(919) 714-9748,Raleigh,NC,false
Cornerstone K9,,https://www.indoordogpark.org/parks/cornerstone-k9,http://www.cornerstonek9-nc.com/?utm_source=google-map&utm_campaign=gmb&utm_medium=organic,(919) 307-9905,Raleigh,NC,false
Topline K9 Solutions,,https://www.indoordogpark.org/parks/topline-k9-solutions,https://toplinek9solutions.com/,(919) 714-9846,Raleigh,NC,false
Off Leash K9 - Raleigh Durham,,https://www.indoordogpark.org/parks/off-leash-k9-raleigh-durham,https://www.raleighncdogtrainers.com/,(919) 849-3974,Raleigh,NC,false
Legacy Farms K9 Training,,https://www.indoordogpark.org/parks/legacy-farms-k9-training,https://www.legacyfarmsk9training.com/,(984) 221-8948,Raleigh,NC,false
"Proactive Dog Training, LLC",,https://www.indoordogpark.org/parks/proactive-dog-training-llc,http://proactivedogtraining.com/,(984) 205-5101,Raleigh,NC,false
Training Your Best Friend LLC,,https://www.indoordogpark.org/parks/training-your-best-friend-llc,https://trainingyourbestfriend.com/,(919) 368-5873,Raleigh,NC,false
All-Star Dog Training,,https://www.indoordogpark.org/parks/all-star-dog-training,https://allstardogtraining.com/service-areas/apex/?utm_source=google&utm_medium=gmb&utm_campaign=google_listing,(919) 588-2275,Raleigh,NC,false
"Teamworks Dog Training, llc",,https://www.indoordogpark.org/parks/teamworks-dog-training-llc,http://teamworksdogtraining.org/,(919) 855-0422,Raleigh,NC,false
Paws in Training,,https://www.indoordogpark.org/parks/paws-in-training,http://www.pawsintraining.com/,(919) 896-2859,Raleigh,NC,false
Harmony Pet Resort & Spa,,https://www.indoordogpark.org/parks/harmony-pet-resort-spa,https://www.harmonyanimalhospital.net/doggie-daycare-grooming-boarding/,(919) 323-8877,Raleigh,NC,false
Dog Holiday Resort,,https://www.indoordogpark.org/parks/dog-holiday-resort,https://www.dogholidayresort.com/,(919) 772-8880,Raleigh,NC,false
Kingdom Canines,,https://www.indoordogpark.org/parks/kingdom-canines,,(919) 307-8255,Raleigh,NC,false
The K9 Kabana,,https://www.indoordogpark.org/parks/the-k9-kabana,http://www.thek9kabana.com/,(919) 322-0117,Raleigh,NC,false
Raleigh Canine Consulting,,https://www.indoordogpark.org/parks/raleigh-canine-consulting,http://www.raleighcanineconsulting.com/,(919) 270-8969,Raleigh,NC,false
Carolina Pines Dog Park,,https://www.indoordogpark.org/parks/carolina-pines-dog-park,http://www.raleighnc.gov/parks/content/ParksRec/Articles/Parks/CarolinaPines.html,(919) 831-6435,Raleigh,NC,false
Dog Park at Dix Park,,https://www.indoordogpark.org/parks/dog-park-at-dix-park,https://dixpark.org/dogpark,(919) 996-3255,Raleigh,NC,false
Hause of Dogs,,https://www.indoordogpark.org/parks/hause-of-dogs,http://www.hauseofdogsraleigh.com/,(919) 980-2775,Raleigh,NC,false
Paws At Play Gresham Lake,,https://www.indoordogpark.org/parks/paws-at-play-gresham-lake,https://www.pawsatplay.com/,(919) 341-2700,Raleigh,NC,false
Dog Park at Dorothea Dix Park,,https://www.indoordogpark.org/parks/dog-park-at-dorothea-dix-park,,,Raleigh,NC,false
Bre’s Barkyard,,https://www.indoordogpark.org/parks/bres-barkyard,https://www.sniffspot.com/to/efnldzr0,,Raleigh,NC,false
North Hills Dog Park,,https://www.indoordogpark.org/parks/north-hills-dog-park,,,Raleigh,NC,false
Flaherty Dog Park,,https://www.indoordogpark.org/parks/flaherty-dog-park,https://www.wakeforestnc.gov/parks-recreation-cultural-resources/parks-facilities/flaherty-dog-park,(919) 435-9560,Raleigh,NC,false
Ashley Wilder Dog Park,,https://www.indoordogpark.org/parks/ashley-wilder-dog-park,https://www.knightdalenc.gov/departments/parks-recreation-and-cultural-programs/parks-greenways-and-facilities/knightdale-1,(919) 592-7617,Raleigh,NC,false
Lake Benson Dog Park,,https://www.indoordogpark.org/parks/lake-benson-dog-park,https://www.garnernc.gov/departments/parks-recreation-and-cultural-resources/parks-facilities/parks/lake-benson-park/-fsiteid-1#!/,(919) 773-4442,Raleigh,NC,false
Doggos Dog Park & Pub,,https://www.indoordogpark.org/parks/doggos-dog-park-pub,http://www.doggosparkandpub.com/,(336) 285-8700,Greensboro,NC,false
All American Pet Resorts - Greensboro,,https://www.indoordogpark.org/parks/all-american-pet-resorts-greensboro,https://www.allamericanpetresorts.com/greensboro/?utm_source=GMB&utm_medium=organic&utm_campaign=Greensboro,(336) 814-9758,Greensboro,NC,false
Ruff Housing Greensboro,,https://www.indoordogpark.org/parks/ruff-housing-greensboro,https://ruffhousing.com/?utm_source=gmb&utm_medium=Yext&cp=3363322476&y_source=1_MjkxMTA5NTUtNzE1LWxvY2F0aW9uLndlYnNpdGU%3D,(336) 332-2476,Greensboro,NC,false
Hounds Town Greensboro-Guilford,,https://www.indoordogpark.org/parks/hounds-town-greensboro-guilford,https://houndstownusa.com/locations/greensboro-guilford/?utm_source=google&utm_medium=map&utm_id=greensboro-guilford,(336) 308-8444,Greensboro,NC,false
Downtown Dog Enrichment,,https://www.indoordogpark.org/parks/downtown-dog-enrichment,https://downtowndogenrichment.com/,,Greensboro,NC,false
Camp Bow Wow Greensboro,,https://www.indoordogpark.org/parks/camp-bow-wow-greensboro,https://www.campbowwow.com/greensboro/,(336) 828-2339,Greensboro,NC,false
Best Friends Bed & Biscuit,,https://www.indoordogpark.org/parks/best-friends-bed-biscuit,https://www.bedandbiscuit.com/?utm_source=gmb&utm_medium=Yext&cp=3365515517&y_source=1_NjYyNzE2NTItNzE1LWxvY2F0aW9uLndlYnNpdGU%3D,(336) 551-5517,Greensboro,NC,false
Country Kennel,,https://www.indoordogpark.org/parks/country-kennel,https://www.countrykennelboarding.com/?utm_source=gmb&utm_medium=Yext&cp=3365515732&y_source=1_NjM1MzEwNDktNzE1LWxvY2F0aW9uLndlYnNpdGU%3D,(336) 551-5732,Greensboro,NC,false
Dog Days,,https://www.indoordogpark.org/parks/dog-days,http://www.dogdaysgreensboro.com/,(336) 272-1620,Greensboro,NC,false
"Amanda's Ark Pet Care, LLC",,https://www.indoordogpark.org/parks/amandas-ark-pet-care-llc,https://www.facebook.com/profile.php?id=100091953931871,(336) 327-3509,Greensboro,NC,false
Almost Home Boarding & Grooming,,https://www.indoordogpark.org/parks/almost-home-boarding-grooming,http://www.almosthome-kennels.com/,(336) 644-7777,Greensboro,NC,false
PetSuites Greensboro,,https://www.indoordogpark.org/parks/petsuites-greensboro,https://greensboro.petsuitesofamerica.com/?utm_source=gmb&utm_medium=organic&y_source=1_MTE2NjkwNzUtNzE1LWxvY2F0aW9uLndlYnNpdGU%3D,(336) 740-9468,Greensboro,NC,false
Lucky's Pet Resort & Day Spa,,https://www.indoordogpark.org/parks/luckys-pet-resort-day-spa,http://www.luckyspetresort.com/,(336) 668-7381,Greensboro,NC,false
PetHotels- Greensboro Dog Boarding ( Cat & Dog Friendly Hotels),,https://www.indoordogpark.org/parks/pethotels-greensboro-dog-boarding-cat-dog-friendly-hotels,,(336) 606-4583,Greensboro,NC,false
Red Beard Dog Training,,https://www.indoordogpark.org/parks/red-beard-dog-training,http://www.redbearddogtraining.com/,,Greensboro,NC,false
Sit Means Sit Dog Training Greensboro,,https://www.indoordogpark.org/parks/sit-means-sit-dog-training-greensboro,https://www.sitmeanssitpiedmontnc.com/,(336) 518-0773,Greensboro,NC,false
All Good Dogs - K9 Training LLC,,https://www.indoordogpark.org/parks/all-good-dogs-k9-training-llc,https://www.allgooddogsk9training.com/,(336) 234-1446,Greensboro,NC,false
Dog Trainer Greensboro,,https://www.indoordogpark.org/parks/dog-trainer-greensboro,https://dogtrainergreensboro.com/dog-training-services/,(336) 962-2813,Greensboro,NC,false
Dogs By Andy - Greensboro,,https://www.indoordogpark.org/parks/dogs-by-andy-greensboro,https://dogsbyandy.com/,(704) 662-3456,Greensboro,NC,false
Co-Op K9 Training,,https://www.indoordogpark.org/parks/co-op-k9-training,http://www.co-opk9training.com/,(614) 406-9960,Greensboro,NC,false
Sally Said So Dog Training Greensboro,,https://www.indoordogpark.org/parks/sally-said-so-dog-training-greensboro,http://dogtrainergreensboro.com/,(336) 276-2985,Greensboro,NC,false
Backyard Canine Academy,,https://www.indoordogpark.org/parks/backyard-canine-academy,http://backyardcanineacademy.com/,(336) 209-9957,Greensboro,NC,false
Something to Bark About Dog Training,,https://www.indoordogpark.org/parks/something-to-bark-about-dog-training,https://www.somethingtobarkaboutdogtraining.com/home,(336) 520-3978,Greensboro,NC,false
Purr Life Luxury Cat Resort & Grooming: Greensboro,,https://www.indoordogpark.org/parks/purr-life-luxury-cat-resort-grooming-greensboro,https://purrlifecatresort.com/,(336) 907-4747,Greensboro,NC,false
Beacon Suites Pet Resort,,https://www.indoordogpark.org/parks/beacon-suites-pet-resort,http://beaconsuitespetresort.com/,(336) 298-4712,Greensboro,NC,false
Central Carolina Canine,,https://www.indoordogpark.org/parks/central-carolina-canine,,(336) 202-1274,Greensboro,NC,false
Rising Star Canine Ranch,,https://www.indoordogpark.org/parks/rising-star-canine-ranch,,,Greensboro,NC,false
Private Dog Playground by Appointment ONLY,,https://www.indoordogpark.org/parks/private-dog-playground-by-appointment-only,https://www.sniffspot.com/listings/greensboro-nc/sweetwater-court-private-dog-playground-and-gardens-60361,(336) 382-1719,Greensboro,NC,false
Griffin Dog Park,,https://www.indoordogpark.org/parks/griffin-dog-park,https://www.greensboro-nc.gov/departments/parks-recreation,(336) 373-2558,Greensboro,NC,false
Dog Park,,https://www.indoordogpark.org/parks/dog-park,https://www.greensboro-nc.gov/departments/parks-recreation/parks-gardens/country-park,(336) 373-3648,Greensboro,NC,false
Downtown Greensboro Animal Hospital Dog Park,,https://www.indoordogpark.org/parks/downtown-greensboro-animal-hospital-dog-park,,,Greensboro,NC,false
Southwest Park,,https://www.indoordogpark.org/parks/southwest-park,https://www.guilfordcountync.gov/our-county/county-parks,(336) 641-2050,Greensboro,NC,false
City of Greensboro - Country Park,,https://www.indoordogpark.org/parks/city-of-greensboro-country-park,https://www.greensboro-nc.gov/departments/parks-recreation/parks-gardens/country-park,(336) 373-3648,Greensboro,NC,false
Fisher Park,,https://www.indoordogpark.org/parks/fisher-park,https://www.greensboro-nc.gov/Home/Components/FacilityDirectory/FacilityDirectory/341/5540?npage=2,(336) 373-2489,Greensboro,NC,false
Pleasant Garden K-9 Dog Park,,https://www.indoordogpark.org/parks/pleasant-garden-k-9-dog-park,https://www.pleasantgarden.net/pview.aspx?id=21163&catid=570,,Greensboro,NC,false
Northeast Dog Park,,https://www.indoordogpark.org/parks/northeast-dog-park,,,Greensboro,NC,false
Barkdale Dog Park,,https://www.indoordogpark.org/parks/barkdale-dog-park,https://www.archdale-nc.gov/344/Barkdale-Park,(336) 434-7310,Greensboro,NC,false
"LeBauer Park @ Greensboro Downtown Parks, Inc.",,https://www.indoordogpark.org/parks/lebauer-park-greensboro-downtown-parks-inc,http://www.greensborodowntownparks.org/,(336) 373-7533,Greensboro,NC,false
Abbott's Groom & Board,,https://www.indoordogpark.org/parks/abbotts-groom-board,http://www.abbottsgroomandboard.com/?utm_source=google&utm_medium=wix_google_business_profile&utm_campaign=5663373277097828553,(336) 370-1800,Greensboro,NC,false
McKinley Park Dog Park,,https://www.indoordogpark.org/parks/mckinley-park-dog-park,,,Greensboro,NC,false
Lindley Park,,https://www.indoordogpark.org/parks/lindley-park,https://www.greensboro-nc.gov/Home/Components/FacilityDirectory/FacilityDirectory/399/1204,,Greensboro,NC,false
PetSafe Dog Park at Duke Park,,https://www.indoordogpark.org/parks/petsafe-dog-park-at-duke-park,https://www.dprplaymore.org/Facilities/Facility/Details/-103,(919) 560-4355 ext. 27261,Durham,NC,false
GoDog Durham,,https://www.indoordogpark.org/parks/godog-durham,https://godoghq.com/location/durham/,(919) 246-7530,Durham,NC,false
Rock Quarry Dog Park,,https://www.indoordogpark.org/parks/rock-quarry-dog-park,https://www.dprplaymore.org/Facilities/Facility/Details/Rock-Quarry-Dog-Park-107,(919) 560-4355,Durham,NC,false
Piney Wood Dog Park,,https://www.indoordogpark.org/parks/piney-wood-dog-park,https://www.dprplaymore.org/Facilities/Facility/Details/-57,(919) 560-4355 ext. 27261,Durham,NC,false
Honeybee Private Dog Park,,https://www.indoordogpark.org/parks/honeybee-private-dog-park,https://www.sniffspot.com/to/2a080,,Durham,NC,false
Barkyard Dog Park,,https://www.indoordogpark.org/parks/barkyard-dog-park,https://boxyard.rtp.org/barkyard/,(919) 433-2001,Durham,NC,false
The Barkmore House,,https://www.indoordogpark.org/parks/the-barkmore-house,https://thebarkmorehouse.com/,(984) 312-4497,Durham,NC,false
Camp Bow Wow North Durham,,https://www.indoordogpark.org/parks/camp-bow-wow-north-durham,https://www.campbowwow.com/north-durham/,(984) 384-6257,Durham,NC,false
Dog Tales Day Camp and Boarding,,https://www.indoordogpark.org/parks/dog-tales-day-camp-and-boarding,https://dogtalesnc.com/,(919) 691-7613,Durham,NC,false
The Pet Wagon Hotel,,https://www.indoordogpark.org/parks/the-pet-wagon-hotel,http://www.thepetwagon.com/,(919) 757-6085,Durham,NC,false
Sunny Acres Pet Resort,,https://www.indoordogpark.org/parks/sunny-acres-pet-resort,https://sunnyacrespetresort.com/?utm_source=gmb&utm_medium=Yext&cp=9842460269&y_source=1_MTAwOTExMzI0Mi03MTUtbG9jYXRpb24ud2Vic2l0ZQ%3D%3D,(984) 246-0269,Durham,NC,false
Creature Comforts Inn,,https://www.indoordogpark.org/parks/creature-comforts-inn,https://www.creaturecomfortsinn.com/?utm_source=gmb&utm_medium=organic,(919) 489-1490,Durham,NC,false
GoDog Research Triangle Park (RTP),,https://www.indoordogpark.org/parks/godog-research-triangle-park-rtp,https://godoghq.com/research-triangle-park-intro-offer/,(919) 373-3013,Durham,NC,false
Must Love Petz LLC,,https://www.indoordogpark.org/parks/must-love-petz-llc,http://www.mustlovepetz.com/,(404) 245-8864,Durham,NC,false
Pet's Companion Inn,,https://www.indoordogpark.org/parks/pets-companion-inn,http://www.petscompanioninn.com/,(919) 477-0618,Durham,NC,false
Dogability Dog Training,,https://www.indoordogpark.org/parks/dogability-dog-training,http://www.dogabilitync.com/,(919) 809-2542,Durham,NC,false
Whole Dog Institute,,https://www.indoordogpark.org/parks/whole-dog-institute,http://www.wholedoginstitute.com/,(919) 452-3764,Durham,NC,false
Learning to Dog Training and Enrichment,,https://www.indoordogpark.org/parks/learning-to-dog-training-and-enrichment,http://learningtodog.com/,(919) 451-4226,Durham,NC,false
dogEvolve,,https://www.indoordogpark.org/parks/dogevolve,https://dogevolve.com/,(919) 408-7528,Durham,NC,false
Always Pawsitive Dog Training,,https://www.indoordogpark.org/parks/always-pawsitive-dog-training,http://www.alwayspawsitive.com/,(919) 457-7956,Durham,NC,false
Pawsitive Beginnings Dog Training,,https://www.indoordogpark.org/parks/pawsitive-beginnings-dog-training,http://www.pbwalks.com/?utm_source=google&utm_medium=wix_google_business_profile&utm_campaign=14682059732822214134,(919) 626-4933,Durham,NC,false
"Dog Academy of NC, LLC",,https://www.indoordogpark.org/parks/dog-academy-of-nc-llc,http://www.dogacademyofnc.com/,(919) 645-7853,Durham,NC,false
Marcia's Best Dogs,,https://www.indoordogpark.org/parks/marcias-best-dogs,http://www.marciasbestdogs.net/,(336) 202-3647,Durham,NC,false
Durham Kennel Club Building,,https://www.indoordogpark.org/parks/durham-kennel-club-building,http://www.durhamkennelclub.com/,(919) 477-7671,Durham,NC,false
Downtown Durham Dog Park,,https://www.indoordogpark.org/parks/downtown-durham-dog-park,https://www.dprplaymore.org/Facilities/Facility/Details/Downtown-Durham-Dog-Park-15,(919) 560-4355,Durham,NC,false
Southern Community Dog Park,,https://www.indoordogpark.org/parks/southern-community-dog-park,https://www.townofchapelhill.org/government/departments-services/parks-and-recreation/recreation-facilities-schedules/dog-parks,,Durham,NC,false
Northgate Park,,https://www.indoordogpark.org/parks/northgate-park,https://www.dprplaymore.org/Facilities/Facility/Details/Northgate-Park-47,(919) 560-4355,Durham,NC,false
Artisan at Brightleaf Dog Park (Private),,https://www.indoordogpark.org/parks/artisan-at-brightleaf-dog-park-private,,,Durham,NC,false
Piney Wood Pickleball Courts,,https://www.indoordogpark.org/parks/piney-wood-pickleball-courts,https://www.dprplaymore.org/Facilities/Facility/Details/Piney-Wood-Park-56,(919) 560-4355,Durham,NC,false
Duke Forest - Shepherd Nature Trail,,https://www.indoordogpark.org/parks/duke-forest-shepherd-nature-trail,https://dukeforest.duke.edu/recreation/snt/,(919) 613-8013,Durham,NC,false
Dog Park (Private),,https://www.indoordogpark.org/parks/dog-park-private,,,Durham,NC,false
Sandy Creek Park,,https://www.indoordogpark.org/parks/sandy-creek-park,https://www.dprplaymore.org/Facilities/Facility/Details/Sandy-Creek-Park-63,(919) 560-4355,Durham,NC,false
Rock Quarry Park,,https://www.indoordogpark.org/parks/rock-quarry-park,https://www.dprplaymore.org/Facilities/Facility/Details/Rock-Quarry-Park-60,(919) 560-4355,Durham,NC,false
Duke Park,,https://www.indoordogpark.org/parks/duke-park,https://www.dprplaymore.org/Facilities/Facility/Details/Duke-Park-17,(919) 560-4355,Durham,NC,false
Tucker's Tap Yard,,https://www.indoordogpark.org/parks/tuckers-tap-yard,https://www.tuckerstapyard.com/,(336) 252-8690,Winston-Salem,NC,false
Ruff Housing Witt Street,,https://www.indoordogpark.org/parks/ruff-housing-witt-street,https://ruffhousing.com/?utm_source=gmb&utm_medium=Yext&cp=3363322488&y_source=1_MjkxMTA1MzMtNzE1LWxvY2F0aW9uLndlYnNpdGU%3D,(336) 332-2488,Winston-Salem,NC,false
Ruff Housing Country Club,,https://www.indoordogpark.org/parks/ruff-housing-country-club,https://ruffhousing.com/?utm_source=gmb&utm_medium=Yext&cp=3363322465&y_source=1_MjkxMTA3NTQtNzE1LWxvY2F0aW9uLndlYnNpdGU%3D,(336) 332-2465,Winston-Salem,NC,false
Winston-Salem Dog Care,,https://www.indoordogpark.org/parks/winston-salem-dog-care,http://www.wsdogcare.com/,(336) 505-7387,Winston-Salem,NC,false
Legacy Boarding Kennels,,https://www.indoordogpark.org/parks/legacy-boarding-kennels,https://www.legacykennel.com/,(336) 764-1828,Winston-Salem,NC,false
Liyah's Pet Haven,,https://www.indoordogpark.org/parks/liyahs-pet-haven,,(973) 393-0264,Winston-Salem,NC,false
Carolina Pet Place,,https://www.indoordogpark.org/parks/carolina-pet-place,https://carolinapetplace.com/,(336) 766-4447,Winston-Salem,NC,false
Bark Lodge,,https://www.indoordogpark.org/parks/bark-lodge,http://www.barklodge.com/,(336) 310-4908,Winston-Salem,NC,false
Hound Housing Doggie Daycare LLC,,https://www.indoordogpark.org/parks/hound-housing-doggie-daycare-llc,http://houndhousingnc.com/,(336) 940-5773,Winston-Salem,NC,false
Bear's Clubhouse,,https://www.indoordogpark.org/parks/bears-clubhouse,,(336) 701-3608,Winston-Salem,NC,false
Willow Run Boarding,,https://www.indoordogpark.org/parks/willow-run-boarding,http://www.willowrunboarding.com/,(336) 993-3647,Winston-Salem,NC,false
3 Pooches Pet Sitting & Doggy Adventures,,https://www.indoordogpark.org/parks/3-pooches-pet-sitting-doggy-adventures,http://www.3pooches.com/,(336) 655-3400,Winston-Salem,NC,false
Real Deal Kennels & K9 Training,,https://www.indoordogpark.org/parks/real-deal-kennels-k9-training,http://realdealk.com/,(336) 829-5211,Winston-Salem,NC,false
PetHotels - Winston Salem Dog Boarding ( Cat & Dog Friendly Hotels),,https://www.indoordogpark.org/parks/pethotels-winston-salem-dog-boarding-cat-dog-friendly-hotels,https://pethotels.com/us/nc/winston-salem/pet-boarding,(336) 606-4627,Winston-Salem,NC,false
Riverside Kennels Inc,,https://www.indoordogpark.org/parks/riverside-kennels-inc,,(336) 940-3959,Winston-Salem,NC,false
Camp Lucky Board and Train (Winston-Salem NC),,https://www.indoordogpark.org/parks/camp-lucky-board-and-train-winston-salem-nc,https://campluckytraining.com/winston-salem/,(336) 747-3756,Winston-Salem,NC,false
Winston Salem Dog Training Club,,https://www.indoordogpark.org/parks/winston-salem-dog-training-club,http://www.wsdtc.org/,(336) 924-4211,Winston-Salem,NC,false
Cultured Canine Dog Training,,https://www.indoordogpark.org/parks/cultured-canine-dog-training,http://culturedcaninetraining.com/,(336) 701-6060,Winston-Salem,NC,false
Elite Canine,,https://www.indoordogpark.org/parks/elite-canine,http://www.elitecanine.net/,(336) 946-6293,Winston-Salem,NC,false
K9 Coaching Academy,,https://www.indoordogpark.org/parks/k9-coaching-academy,https://www.k9coachingacademy.com/,(704) 980-9208,Winston-Salem,NC,false
Off Leash K9 Training Winston-Salem,,https://www.indoordogpark.org/parks/off-leash-k9-training-winston-salem,https://winstonsalemdogtrainers.com/,(336) 600-1885,Winston-Salem,NC,false
Jim Hodges Dog Training,,https://www.indoordogpark.org/parks/jim-hodges-dog-training,http://jimhodgesdogtraining.com/,(336) 945-3232,Winston-Salem,NC,false
Charlie's K-9 Camp,,https://www.indoordogpark.org/parks/charlies-k-9-camp,https://www.charliesk-9camp.com/,(336) 766-4900,Winston-Salem,NC,false
Dog-Gone Fun,,https://www.indoordogpark.org/parks/dog-gone-fun,https://doggonefunnc.com/,(336) 993-2178,Winston-Salem,NC,false
Loving Pet Inn & Resort,,https://www.indoordogpark.org/parks/loving-pet-inn-resort,https://www.lovingpetsinnresort.com/,(336) 393-0670,Winston-Salem,NC,false
Meadowlark Dog Run,,https://www.indoordogpark.org/parks/meadowlark-dog-run,,,Winston-Salem,NC,false
Dog Park at Washington Park,,https://www.indoordogpark.org/parks/dog-park-at-washington-park,,,Winston-Salem,NC,false
Jamison Dog Park,,https://www.indoordogpark.org/parks/jamison-dog-park,http://www.cityofws.org/Departments/Recreation-Parks/Parks-Greenways,(336) 727-8000,Winston-Salem,NC,false
Washington Park,,https://www.indoordogpark.org/parks/washington-park,http://www.cityofws.org/Departments/Recreation-Parks/Parks-Greenways,(336) 727-8000,Winston-Salem,NC,false
Tanglewood Dog Park,,https://www.indoordogpark.org/parks/tanglewood-dog-park,https://www.tanglewoodpark.org/parks/Tanglewood/,,Winston-Salem,NC,false
Dog run,,https://www.indoordogpark.org/parks/dog-run,,,Winston-Salem,NC,false
Lockland Park,,https://www.indoordogpark.org/parks/lockland-park,http://www.cityofws.org/Departments/Recreation-Parks/Parks-Greenways,(336) 727-8000,Winston-Salem,NC,false
Jamison Park,,https://www.indoordogpark.org/parks/jamison-park,http://www.cityofws.org/Departments/Recreation-Parks/Parks-Greenways,(336) 727-8000,Winston-Salem,NC,false
Merschel Park,,https://www.indoordogpark.org/parks/merschel-park,,,Winston-Salem,NC,false
Muddy Creek Greenway,,https://www.indoordogpark.org/parks/muddy-creek-greenway,https://www.cityofws.org/1014/Muddy-Creek-Greenway,(336) 727-8000,Winston-Salem,NC,false
Miller Park,,https://www.indoordogpark.org/parks/miller-park,http://www.cityofws.org/Departments/Recreation-Parks/Parks-Greenways,(336) 727-8000,Winston-Salem,NC,false
Union Cross Park,,https://www.indoordogpark.org/parks/union-cross-park,https://www.forsyth.cc/parks/UnionCross/,(336) 703-2500,Winston-Salem,NC,false
Lost Highway - Gun Dog Kennels,,https://www.indoordogpark.org/parks/lost-highway-gun-dog-kennels,https://losthighwaykennels.com/,(910) 639-2690,Winston-Salem,NC,false
The Quarry at Grant Park,,https://www.indoordogpark.org/parks/the-quarry-at-grant-park,https://www.cityofws.org/facilities/facility/details/Quarry-Park-97,(336) 727-8000,Winston-Salem,NC,false
Ivey M. Redmon Dog Park,,https://www.indoordogpark.org/parks/ivey-m-redmon-dog-park,https://kvparks.com/parks/ivey-redmon/,(336) 996-3062,Winston-Salem,NC,false
Kingston Greens Park,,https://www.indoordogpark.org/parks/kingston-greens-park,http://www.cityofws.org/Departments/Recreation-Parks/Parks-Greenways,(336) 727-8000,Winston-Salem,NC,false
Riverside Dog Park,,https://www.indoordogpark.org/parks/riverside-dog-park,,(910) 433-1547,Fayetteville,NC,false
Bailey Lake Dog Park,,https://www.indoordogpark.org/parks/bailey-lake-dog-park,,,Fayetteville,NC,false
Bark Park at Fort Bragg,,https://www.indoordogpark.org/parks/bark-park-at-fort-bragg,,,Fayetteville,NC,false
Westover Dog Park,,https://www.indoordogpark.org/parks/westover-dog-park,,,Fayetteville,NC,false
Benson Dog Park,,https://www.indoordogpark.org/parks/benson-dog-park,https://www.johnstoncountync.org/listing/benson-dog-park/2136/,(919) 894-3553,Fayetteville,NC,false
Sweet Valley Ranch,,https://www.indoordogpark.org/parks/sweet-valley-ranch,http://sweetvalleyranchnc.com/,(844) 622-3276,Fayetteville,NC,false
Martin Dog Park,,https://www.indoordogpark.org/parks/martin-dog-park,https://southernpines.net/594/Dog-Park,(910) 692-2463,Fayetteville,NC,false
Westover Park,,https://www.indoordogpark.org/parks/westover-park,,(910) 433-1088,Fayetteville,NC,false
Blessed Oasis Pet Resort,,https://www.indoordogpark.org/parks/blessed-oasis-pet-resort,https://www.blessedoasis.com/,(910) 321-0001,Fayetteville,NC,false
Urban Dog Petcare,,https://www.indoordogpark.org/parks/urban-dog-petcare,http://www.urbandognc.com/,(910) 822-3647,Fayetteville,NC,false
Dog Days Inn,,https://www.indoordogpark.org/parks/dog-days-inn,https://www.dogdaysinnpetcare.com/,(910) 426-5700,Fayetteville,NC,false
The Fayetteville Pet Resort,,https://www.indoordogpark.org/parks/the-fayetteville-pet-resort,https://www.thefayettevillepetresort.com/?utm_source=cumulus&utm_medium=onlinepresence&utm_campaign=gbp,(910) 426-3400,Fayetteville,NC,false
Bed and Biscuits,,https://www.indoordogpark.org/parks/bed-and-biscuits,http://www.bedandbiscuitscamp.com/,(910) 484-0300,Fayetteville,NC,false
Take A Paws L.l.c,,https://www.indoordogpark.org/parks/take-a-paws-llc,https://www.rover.com/sit/sheenp28940,(910) 759-3001,Fayetteville,NC,false
LifeTime Pets,,https://www.indoordogpark.org/parks/lifetime-pets,,(910) 864-3457,Fayetteville,NC,false
Paws On Post,,https://www.indoordogpark.org/parks/paws-on-post,https://liberty.armymwr.com/programs/paws-post-pet-kennel,(910) 908-9663,Fayetteville,NC,false
PetTastics,,https://www.indoordogpark.org/parks/pettastics,http://www.fayettevillepetservices.com/,(910) 292-9738,Fayetteville,NC,false
Riverbark Pet Retreat,,https://www.indoordogpark.org/parks/riverbark-pet-retreat,https://riverbarkvetspringlake.com/services/pet-retreat/,(910) 491-2122,Fayetteville,NC,false
Ray's Dog Sitting,,https://www.indoordogpark.org/parks/rays-dog-sitting,,(704) 449-3994,Fayetteville,NC,false
Five Points Pet Resort,,https://www.indoordogpark.org/parks/five-points-pet-resort,https://www.fivepointspetresort.com/raeford/,(910) 904-5787,Fayetteville,NC,false
King Ranch K9 Resort,,https://www.indoordogpark.org/parks/king-ranch-k9-resort,https://www.kingranchk9.com/,(910) 237-4523,Fayetteville,NC,false
Patriot K Nine Training & Behavior,,https://www.indoordogpark.org/parks/patriot-k-nine-training-behavior,http://www.patriotknine.com/,(910) 920-1000,Fayetteville,NC,false
Cape Fear Dog Training Club,,https://www.indoordogpark.org/parks/cape-fear-dog-training-club,http://www.capefeardogtrainingclub.com/,(910) 364-6473,Fayetteville,NC,false
River Run Dog Training,,https://www.indoordogpark.org/parks/river-run-dog-training,http://www.riverrundog.com/,(910) 483-9213,Fayetteville,NC,false
Blue Cord K9,,https://www.indoordogpark.org/parks/blue-cord-k9,http://www.bluecordk9.com/,(910) 797-8858,Fayetteville,NC,false
"The Canine Cottage, LLC",,https://www.indoordogpark.org/parks/the-canine-cottage-llc,https://raefordcaninecottage.portal.gingrapp.com/#/public/login,(910) 690-2622,Fayetteville,NC,false
Postive Bully Breed Training,,https://www.indoordogpark.org/parks/postive-bully-breed-training,,(910) 273-5297,Fayetteville,NC,false
Mutt Motel,,https://www.indoordogpark.org/parks/mutt-motel,http://muttmotelnc.com/,(910) 984-1234,Fayetteville,NC,false
Fayetteville Kennel Club,,https://www.indoordogpark.org/parks/fayetteville-kennel-club,,,Fayetteville,NC,false
National Barks Pet Resort,,https://www.indoordogpark.org/parks/national-barks-pet-resort,https://nationalbarkspetresort.com/,(910) 292-9319,Fayetteville,NC,false
Clark Park Nature Center,,https://www.indoordogpark.org/parks/clark-park-nature-center,https://fcpr.us/parks-trails/parks/clark-park,(910) 433-1579,Fayetteville,NC,false
College Lakes Park,,https://www.indoordogpark.org/parks/college-lakes-park,https://www.fcpr.us/Home/Components/FacilityDirectory/FacilityDirectory/185/2974,(910) 433-1564,Fayetteville,NC,false
Fayetteville Animal Protection Society,,https://www.indoordogpark.org/parks/fayetteville-animal-protection-society,http://www.fapspet.org/,(910) 864-9040,Fayetteville,NC,false
Mazarick Park,,https://www.indoordogpark.org/parks/mazarick-park,https://fcpr.us/parks-trails/parks/mazarick-park,(910) 433-1547,Fayetteville,NC,false
Luv My K 9s,,https://www.indoordogpark.org/parks/luv-my-k-9s,,(910) 425-3558,Fayetteville,NC,false
Honeycutt Park,,https://www.indoordogpark.org/parks/honeycutt-park,,(910) 433-1568,Fayetteville,NC,false
North Carolina Veterans Park,,https://www.indoordogpark.org/parks/north-carolina-veterans-park,https://www.fcpr.us/parks-trails/parks/north-carolina-veterans-park,(910) 433-1457,Fayetteville,NC,false
Rowan Park,,https://www.indoordogpark.org/parks/rowan-park,https://fcpr.us/Home/Components/FacilityDirectory/FacilityDirectory/208/3029,(910) 433-1547,Fayetteville,NC,false
Hope Mills Municipal Park,,https://www.indoordogpark.org/parks/hope-mills-municipal-park,https://townofhopemills.com/177/Parks-Recreation,(910) 426-4109,Fayetteville,NC,false
City Park,,https://www.indoordogpark.org/parks/city-park,https://www.playcore.com/nds,,Fayetteville,NC,false
Cary Dog Park at Godbold Park (pass required),,https://www.indoordogpark.org/parks/cary-dog-park-at-godbold-park-pass-required,https://www.carync.gov/recreation-enjoyment/parks-greenways-environment/parks/cary-dog-parks,(919) 469-4061,Cary,NC,false
Carpenter Dog Park,,https://www.indoordogpark.org/parks/carpenter-dog-park,,,Cary,NC,false
Dog Park Brewery,,https://www.indoordogpark.org/parks/dog-park-brewery,,,Cary,NC,false
Pet Paradise Cary,,https://www.indoordogpark.org/parks/pet-paradise-cary,https://www.petparadise.com/cary.htm,(919) 890-8830,Cary,NC,false
Hunter Street Dog Park (permit required),,https://www.indoordogpark.org/parks/hunter-street-dog-park-permit-required,http://www.apexnc.org/456/Dog-Parks,(919) 249-3402,Cary,NC,false
Dogtopia of Harrison Ave,,https://www.indoordogpark.org/parks/dogtopia-of-harrison-ave,https://www.dogtopia.com/cary-harrisonave/,(919) 297-2342,Cary,NC,false
Ruff Housing Cary,,https://www.indoordogpark.org/parks/ruff-housing-cary,https://ruffhousing.com/?utm_source=gmb&utm_medium=Yext&cp=9192765895&y_source=1_MjkxMTA2MzUtNzE1LWxvY2F0aW9uLndlYnNpdGU%3D,(919) 276-5895,Cary,NC,false
Camp Bow Wow Cary,,https://www.indoordogpark.org/parks/camp-bow-wow-cary,https://www.campbowwow.com/cary/,(984) 464-8592,Cary,NC,false
Pupsi Inc.,,https://www.indoordogpark.org/parks/pupsi-inc,https://pupsiinc.com/?utm_source=gmb&utm_medium=organic,(919) 460-9909,Cary,NC,false
Pet Palace - Cary,,https://www.indoordogpark.org/parks/pet-palace-cary,https://www.petpalaceresort.com/locations/pet-palace-cary/?utm_campaign=gmb&utm_medium=organic&utm_source=googlemybusiness,(919) 891-1244,Cary,NC,false
Camp Canine,,https://www.indoordogpark.org/parks/camp-canine,https://www.campcanine.com/,(919) 468-8301,Cary,NC,false
Cary Kennels & Spa,,https://www.indoordogpark.org/parks/cary-kennels-spa,http://carykennelsandspa.com/,(919) 500-6981,Cary,NC,false
Hounds Town - Morrisville,,https://www.indoordogpark.org/parks/hounds-town-morrisville,https://houndstownusa.com/locations/morrisville/?utm_source=google&utm_medium=map&utm_id=morrisville-nc,(984) 333-5963,Cary,NC,false
PetSound Daycare & Boarding,,https://www.indoordogpark.org/parks/petsound-daycare-boarding,http://www.petsoundddcboarding.com/,(919) 851-4114,Cary,NC,false
PetsHotel,,https://www.indoordogpark.org/parks/petshotel,https://reservations.petsmart.com/index.php/reservation_controller/loadReservation/595?utm_source=google&utm_medium=organic&utm_campaign=google-my-business,(919) 858-5442,Cary,NC,false
Cozy Cats Hotel,,https://www.indoordogpark.org/parks/cozy-cats-hotel,http://www.cozycatshotel.com/,(919) 377-8090,Cary,NC,false
"Carolina Dog Training, LLC",,https://www.indoordogpark.org/parks/carolina-dog-training-llc,https://carolinadogtraining.com/,(919) 349-0000,Cary,NC,false
Jackie's Basics and Beyond Dog Training,,https://www.indoordogpark.org/parks/jackies-basics-and-beyond-dog-training,http://www.jackiesbasicsandbeyond.com/,(919) 448-1446,Cary,NC,false
All Dogs Allowed,,https://www.indoordogpark.org/parks/all-dogs-allowed,http://www.alldogsnc.com/,(919) 249-8444,Cary,NC,false
Dog Trainer Cary,,https://www.indoordogpark.org/parks/dog-trainer-cary,http://dogtrainercary.xyz/,(919) 858-2283,Cary,NC,false
Zoom Room Dog Training,,https://www.indoordogpark.org/parks/zoom-room-dog-training,https://zoomroom.com/location/cary/,(919) 443-9064,Cary,NC,false
Fluid K9 Dog Training,,https://www.indoordogpark.org/parks/fluid-k9-dog-training,https://www.fluidk9dogtraining.com/,(787) 486-5672,Cary,NC,false
"Family Paws, LLC",,https://www.indoordogpark.org/parks/family-paws-llc,http://familypaws.com/,(919) 961-1608,Cary,NC,false
Robert V Godbold Park,,https://www.indoordogpark.org/parks/robert-v-godbold-park,http://www.townofcary.org/recreation-enjoyment/parks-greenways-environment/parks/robert-v-godbold-park,(919) 469-4061,Cary,NC,false
Over The Moon Play Space,,https://www.indoordogpark.org/parks/over-the-moon-play-space,https://www.overthemoonplay.com/,(919) 238-9229,Cary,NC,false
Jack Smith Park,,https://www.indoordogpark.org/parks/jack-smith-park,https://www.carync.gov/recreation-enjoyment/parks-greenways-environment/parks/jack-smith-park,(919) 469-4061,Cary,NC,false
Amberly Village Square private dog park,,https://www.indoordogpark.org/parks/amberly-village-square-private-dog-park,,,Cary,NC,false
Dawg Dayz Retreat,,https://www.indoordogpark.org/parks/dawg-dayz-retreat,https://www.dawgdayzretreat.com/,(616) 291-9462,Cary,NC,false
Heater Park,,https://www.indoordogpark.org/parks/heater-park,http://www.townofcary.org/recreation-enjoyment/parks-greenways-environment/parks/heater-park,(919) 469-4061,Cary,NC,false
The Dog Play Spot,,https://www.indoordogpark.org/parks/the-dog-play-spot,https://www.thedogplayspot.com/home-wilmington,(910) 399-1463,Wilmington,NC,false
Long Leaf Dog Park,,https://www.indoordogpark.org/parks/long-leaf-dog-park,,,Wilmington,NC,false
Long Leaf Park,,https://www.indoordogpark.org/parks/long-leaf-park,https://parks.nhcgov.com/,(910) 798-7275,Wilmington,NC,false
The Rift,,https://www.indoordogpark.org/parks/the-rift,http://theriftilm.com/,(910) 399-1439,Wilmington,NC,false
The Diggs at Paws & Claws,,https://www.indoordogpark.org/parks/the-diggs-at-paws-claws,http://www.thediggsatpc.com/contact-us,(910) 408-2955,Wilmington,NC,false
Empie Park,,https://www.indoordogpark.org/parks/empie-park,http://www.empiepark.com/,(910) 341-4631,Wilmington,NC,false
Hounds Town Wilmington,,https://www.indoordogpark.org/parks/hounds-town-wilmington,https://houndstownusa.com/locations/wilmington/?utm_source=google&utm_medium=map&utm_id=wilmington-nc,(910) 800-4686,Wilmington,NC,false
Aspire 349 Dog Park,,https://www.indoordogpark.org/parks/aspire-349-dog-park,,,Wilmington,NC,false
Pet Paradise Wilmington,,https://www.indoordogpark.org/parks/pet-paradise-wilmington,https://www.petparadise.com/wilmington.htm,(910) 392-0588,Wilmington,NC,false
Long Leaf Park Playground,,https://www.indoordogpark.org/parks/long-leaf-park-playground,,,Wilmington,NC,false
K9 Resorts Luxury Pet Hotel Wilmington,,https://www.indoordogpark.org/parks/k9-resorts-luxury-pet-hotel-wilmington,https://www.k9resorts.com/wilmington/,(910) 601-9008,Wilmington,NC,false
"Midtown Pawville - Pet Boarding, Grooming, Daycare, Training",,https://www.indoordogpark.org/parks/midtown-pawville-pet-boarding-grooming-daycare-training,http://pawville.com/midtown,(910) 250-9988,Wilmington,NC,false
Animal House Wilmington,,https://www.indoordogpark.org/parks/animal-house-wilmington,http://ncanimalhouse.com/,(910) 799-2375,Wilmington,NC,false
"Scotts Hill Pawville - Pet Boarding, Grooming, Daycare, Training",,https://www.indoordogpark.org/parks/scotts-hill-pawville-pet-boarding-grooming-daycare-training,https://www.pawville.com/scottshill,(910) 524-7877,Wilmington,NC,false
Leland Pet Resort,,https://www.indoordogpark.org/parks/leland-pet-resort,http://www.lelandpetresort.com/,(910) 769-0745,Wilmington,NC,false
"Northchase Pawville - Pet Boarding, Grooming, & Daycare",,https://www.indoordogpark.org/parks/northchase-pawville-pet-boarding-grooming-daycare,https://www.pawville.com/northchase,(910) 452-2424,Wilmington,NC,false
The Dog House,,https://www.indoordogpark.org/parks/the-dog-house,https://www.pidoghouse.com/,(910) 547-1568,Wilmington,NC,false
The Barkington,,https://www.indoordogpark.org/parks/the-barkington,http://the-barkington.com/,(910) 769-3568,Wilmington,NC,false
A Dog's Dream Kennel,,https://www.indoordogpark.org/parks/a-dogs-dream-kennel,http://www.dogsdreamkennel.com/,(910) 675-0756,Wilmington,NC,false
A Country Kennel,,https://www.indoordogpark.org/parks/a-country-kennel,http://www.acountrykennel.com/,(910) 622-6219,Wilmington,NC,false
"Off Leash K9 Training, LLC",,https://www.indoordogpark.org/parks/off-leash-k9-training-llc,http://www.wilmingtondogtrainers.com/,(910) 622-7987,Wilmington,NC,false
Dogtrain Inc,,https://www.indoordogpark.org/parks/dogtrain-inc,https://www.dogtraininc.com/,(910) 395-4399,Wilmington,NC,false
Dog Training Elite Wilmington,,https://www.indoordogpark.org/parks/dog-training-elite-wilmington,https://dogtrainingelite.com/wilmington,(910) 569-3647,Wilmington,NC,false
Pawsitive Pup Training,,https://www.indoordogpark.org/parks/pawsitive-pup-training,http://www.pawsitivepuptraining.com/,(910) 228-9184,Wilmington,NC,false
Azalea Dog Training Club,,https://www.indoordogpark.org/parks/azalea-dog-training-club,http://www.adtc.us/,(910) 392-2040,Wilmington,NC,false
Clever K9 Dog Training,,https://www.indoordogpark.org/parks/clever-k9-dog-training,http://www.cleverk9dogtrain.com/,(910) 620-8295,Wilmington,NC,false
E-Z K9,,https://www.indoordogpark.org/parks/e-z-k9,https://www.ezk9official.com/,(910) 233-0854,Wilmington,NC,false
Einstein's Canine College,,https://www.indoordogpark.org/parks/einsteins-canine-college,http://einsteinscanine.com/,(910) 515-0449,Wilmington,NC,false
Cape Fearless Dog Training,,https://www.indoordogpark.org/parks/cape-fearless-dog-training,http://capefearlessdogtraining.com/,(910) 518-6469,Wilmington,NC,false
Peace of Mind Dog Training,,https://www.indoordogpark.org/parks/peace-of-mind-dog-training,https://pomdogtrainingnorthcarolina.com/,(910) 262-8735,Wilmington,NC,false
Atlantic Animal Hospital and Pet Care Resort,,https://www.indoordogpark.org/parks/atlantic-animal-hospital-and-pet-care-resort,https://www.theatlanticanimalhospital.com/,(910) 256-2624,Wilmington,NC,false
16 Paws LLC,,https://www.indoordogpark.org/parks/16-paws-llc,https://www.16pawsparadise.com/,(910) 600-0702,Wilmington,NC,false
Carolina Dog Sports,,https://www.indoordogpark.org/parks/carolina-dog-sports,https://carolinadogsports.com/,(910) 769-1969,Wilmington,NC,false
Ogden Park,,https://www.indoordogpark.org/parks/ogden-park,https://parks.nhcgov.com/,(910) 798-7275,Wilmington,NC,false
Cameron Park,,https://www.indoordogpark.org/parks/cameron-park,,,Wilmington,NC,false
Bicentennial Park,,https://www.indoordogpark.org/parks/bicentennial-park,http://www.wilmingtonnc.gov/departments/parks-recreation/parks,(910) 341-7852,Wilmington,NC,false
Olsen Park,,https://www.indoordogpark.org/parks/olsen-park,https://www.wilmingtonnc.gov/Parks-Recreation/Parks-Trails/Olsen-Park,(910) 343-3682,Wilmington,NC,false
Surf City Bark Park,,https://www.indoordogpark.org/parks/surf-city-bark-park,http://surfcitync.gov/,(910) 328-4131,Wilmington,NC,false
Marstella Park,,https://www.indoordogpark.org/parks/marstella-park,http://www.wilmingtonnc.gov/departments/parks-recreation/parks,(915) 315-4693,Wilmington,NC,false
Dog Park,,https://www.indoordogpark.org/parks/dog-park,,,Wilmington,NC,false
Wallace Park,,https://www.indoordogpark.org/parks/wallace-park,https://www.wilmingtonnc.gov/Parks-Recreation/Parks-Trails/Wallace-Park,(910) 341-7840,Wilmington,NC,false
Veteran's Park - Nature Reserve and walking trails,,https://www.indoordogpark.org/parks/veterans-park-nature-reserve-and-walking-trails,,,Wilmington,NC,false
Hedgecock Park,,https://www.indoordogpark.org/parks/hedgecock-park,https://www.highpointnc.gov/facilities/facility/details/Hedgecock-Park-38,(336) 883-3514,High Point,NC,false
Bark & Fly Ranch,,https://www.indoordogpark.org/parks/bark-fly-ranch,http://www.barknflyranch.com/,(336) 931-0909,High Point,NC,false
Safari Nation High Point,,https://www.indoordogpark.org/parks/safari-nation-high-point,http://www.thesafarination.com/,(336) 515-1870,High Point,NC,false
Sit and Stay Doggy Care,,https://www.indoordogpark.org/parks/sit-and-stay-doggy-care,https://calendar.app.google/SGSVwmL9v9HAH8cG9%20or%20https://calendar.app.google/zupHVofNzmEVbLet9,(336) 858-5018,High Point,NC,false
High Point Athletic Complex,,https://www.indoordogpark.org/parks/high-point-athletic-complex,https://www.highpointnc.gov/facilities/facility/details/High-Point-Athletic-Complex-9,(336) 883-3469,High Point,NC,false
Diggs For Dogs Boarding Kennel,,https://www.indoordogpark.org/parks/diggs-for-dogs-boarding-kennel,http://www.diggsfordogs.com/,(336) 882-3444,High Point,NC,false
Comfy Cozy Pet Sitting Services,,https://www.indoordogpark.org/parks/comfy-cozy-pet-sitting-services,,(336) 841-7996,High Point,NC,false
Fur Babies Boarding and Grooming,,https://www.indoordogpark.org/parks/fur-babies-boarding-and-grooming,http://www.furbabiesarchdale.com/,(336) 885-0638,High Point,NC,false
Rolling Meadows Academy of Dog Training,,https://www.indoordogpark.org/parks/rolling-meadows-academy-of-dog-training,http://adulttraineddogsforsale.com/,(336) 590-4354,High Point,NC,false
PetSmart Dog Training,,https://www.indoordogpark.org/parks/petsmart-dog-training,https://stores.petsmart.com/nc/high-point/high-point/dog-training?utm_source=google&utm_medium=organic&utm_campaign=google-my-business,(336) 887-0525,High Point,NC,false
"Kait's K9 Training, Boarding and Grooming",,https://www.indoordogpark.org/parks/kaits-k9-training-boarding-and-grooming,,(336) 943-0151,High Point,NC,false
Rich Fork Preserve,,https://www.indoordogpark.org/parks/rich-fork-preserve,https://www.guilfordcountync.gov/our-county/county-parks/passive-parks/rich-fork-preserve,,High Point,NC,false
Dog Park,,https://www.indoordogpark.org/parks/dog-park,,,High Point,NC,false
Cedrow Park,,https://www.indoordogpark.org/parks/cedrow-park,https://www.highpoint.org/sporting-facilities/cedrow-park,(336) 883-3469,High Point,NC,false
Five Points Park,,https://www.indoordogpark.org/parks/five-points-park,,(330) 307-9092,High Point,NC,false
Armstrong Park,,https://www.indoordogpark.org/parks/armstrong-park,https://www.highpointnc.gov/facilities/facility/details/Armstrong-Park-23,(336) 883-3469,High Point,NC,false
Archdale Recreation Center at Creekside Park,,https://www.indoordogpark.org/parks/archdale-recreation-center-at-creekside-park,http://www.archdaleparks.com/,(336) 434-7315,High Point,NC,false
High Point Parks & Recreation,,https://www.indoordogpark.org/parks/high-point-parks-recreation,https://www.highpointnc.gov/pr,(336) 883-3469,High Point,NC,false
Loving Pet Inn Adoptions,,https://www.indoordogpark.org/parks/loving-pet-inn-adoptions,,(336) 393-0000,High Point,NC,false
Tend-A-Pet,,https://www.indoordogpark.org/parks/tend-a-pet,,(336) 885-7485,High Point,NC,false
Aunt Toad's Doggy Day Spaw,,https://www.indoordogpark.org/parks/aunt-toads-doggy-day-spaw,,(336) 905-9506,High Point,NC,false
The Dog House Inc,,https://www.indoordogpark.org/parks/the-dog-house-inc,https://m.facebook.com/thedoghousehp/,(336) 886-4953,High Point,NC,false
The Natural Dog Pet Food Market,,https://www.indoordogpark.org/parks/the-natural-dog-pet-food-market,http://thenaturaldogonline.com/,(336) 991-5082,High Point,NC,false
Brentwood Park,,https://www.indoordogpark.org/parks/brentwood-park,https://www.highpointnc.gov/facilities/facility/details/Brentwood-Park-28,(336) 883-3514,High Point,NC,false
High Point City Lake,,https://www.indoordogpark.org/parks/high-point-city-lake,https://www.highpointnc.gov/2703/High-Point-City-Lake-Park,,High Point,NC,false
Oak Hollow Festival Park,,https://www.indoordogpark.org/parks/oak-hollow-festival-park,http://www.highpointnc.gov/festivalpark,(336) 883-3494,High Point,NC,false
University Park,,https://www.indoordogpark.org/parks/university-park,https://www.highpointnc.gov/Facilities/Facility/Details/University-Park-99,(336) 883-3514,High Point,NC,false
Piedmont Environmental Center,,https://www.indoordogpark.org/parks/piedmont-environmental-center,https://www.highpointnc.gov/pec,(336) 883-8531,High Point,NC,false
"The Dog Play Spot - Boarding, Daycare and Grooming",,https://www.indoordogpark.org/parks/the-dog-play-spot-boarding-daycare-and-grooming,https://www.thedogplayspot.com/home-greenville,(252) 439-2275,Greenville,NC,false
Greenville Offleash Dog Park,,https://www.indoordogpark.org/parks/greenville-offleash-dog-park,https://www.greenvillenc.gov/Home/Components/FacilityDirectory/FacilityDirectory/54/,(252) 329-4567,Greenville,NC,false
The Pink Poodle Spa & Boutique,,https://www.indoordogpark.org/parks/the-pink-poodle-spa-boutique,http://www.thepinkpoodleinc.com/,(252) 327-7002,Greenville,NC,false
H. Boyd Lee Park,,https://www.indoordogpark.org/parks/h-boyd-lee-park,https://www.greenvillenc.gov/Home/Components/FacilityDirectory/FacilityDirectory/5,(252) 329-4550,Greenville,NC,false
Green Springs Park,,https://www.indoordogpark.org/parks/green-springs-park,http://www.greenvillenc.gov/Home/Components/FacilityDirectory/FacilityDirectory/20/251?npage=2,(252) 329-4567,Greenville,NC,false
Best Friend's Dog Park,,https://www.indoordogpark.org/parks/best-friends-dog-park,https://rockymountnc.gov/parks-and-recreation/,(252) 972-1151,Greenville,NC,false
Pitt County K9 Academy Boarding & Grooming,,https://www.indoordogpark.org/parks/pitt-county-k9-academy-boarding-grooming,http://www.pittcountyk9academy.com/,(252) 341-1373,Greenville,NC,false
Wildwood Park,,https://www.indoordogpark.org/parks/wildwood-park,https://www.greenvillenc.gov/government/recreation-parks/wildwood-park,(252) 329-4576,Greenville,NC,false
Four Paws Inn,,https://www.indoordogpark.org/parks/four-paws-inn,https://four-paws-inn.com/?utm_source=gmb&utm_medium=organic,(252) 329-7297,Greenville,NC,false
Hoffman Haus Pet Resort,,https://www.indoordogpark.org/parks/hoffman-haus-pet-resort,http://www.nckennels.com/,(252) 355-4663,Greenville,NC,false
Paws & Claws Grooming Salon & Boarding Kennels,,https://www.indoordogpark.org/parks/paws-claws-grooming-salon-boarding-kennels,http://www.pawsandclawskennels.com/,(252) 758-3921,Greenville,NC,false
Twinkle Pawz,,https://www.indoordogpark.org/parks/twinkle-pawz,https://www.twinklepawz.com/,(252) 531-7734,Greenville,NC,false
Fuzzy Buddies Boarding and Daycare LLC,,https://www.indoordogpark.org/parks/fuzzy-buddies-boarding-and-daycare-llc,https://www.facebook.com/fuzbuds2016,(252) 341-2705,Greenville,NC,false
"Top Dog Academy, Inc.",,https://www.indoordogpark.org/parks/top-dog-academy-inc,http://www.topdogonline.com/,(252) 752-8215,Greenville,NC,false
Chocowinity Pet Resort & Day,,https://www.indoordogpark.org/parks/chocowinity-pet-resort-day,https://chocowinitypetresort.com/,(252) 940-1234,Greenville,NC,false
"Deep Curve Kennels & Stables, LLC",,https://www.indoordogpark.org/parks/deep-curve-kennels-stables-llc,https://www.facebook.com/deepcurvekennelsandstables/,(252) 714-5100,Greenville,NC,false
North Carolina Canine Academy,,https://www.indoordogpark.org/parks/north-carolina-canine-academy,http://www.nckennels.com/,(720) 273-8707,Greenville,NC,false
Pitt County K9 Academy: Grooming,,https://www.indoordogpark.org/parks/pitt-county-k9-academy-grooming,http://www.pittcountyk9academy.com/,(252) 341-1373 ext. 1,Greenville,NC,false
Bullocks K9 Kennels and Training,,https://www.indoordogpark.org/parks/bullocks-k9-kennels-and-training,http://www.bullocksk9kennels.com/,(252) 752-6874,Greenville,NC,false
Feather Point Retrievers,,https://www.indoordogpark.org/parks/feather-point-retrievers,http://featherpointretrievers.com/,(252) 714-5100,Greenville,NC,false
Petco Dog Training,,https://www.indoordogpark.org/parks/petco-dog-training,https://stores.petco.com/nc/greenville/dog-training-greenville-nc-1592.html,(252) 353-0138,Greenville,NC,false
Fluffy Puppy,,https://www.indoordogpark.org/parks/fluffy-puppy,https://booking.moego.pet/ol/landing?name=FluffyPuppy,(252) 364-8400,Greenville,NC,false
Town Common,,https://www.indoordogpark.org/parks/town-common,http://www.greenvillenc.gov/Home/Components/FacilityDirectory/FacilityDirectory/62/251?npage=4,(252) 329-4567,Greenville,NC,false
Jaycee Park,,https://www.indoordogpark.org/parks/jaycee-park,http://www.greenvillenc.gov/Home/Components/FacilityDirectory/FacilityDirectory/22/251?selamenityid=14,(252) 329-4567,Greenville,NC,false
Alice F. Keene District Park,,https://www.indoordogpark.org/parks/alice-f-keene-district-park,https://www.pittcountync.gov/587/Alice-F-Keene-District-Park,(252) 902-1975,Greenville,NC,false
Elm Street Park,,https://www.indoordogpark.org/parks/elm-street-park,http://www.greenvillenc.gov/,(252) 329-4650,Greenville,NC,false
River Park North,,https://www.indoordogpark.org/parks/river-park-north,https://www.greenvillenc.gov/government/recreation-parks/river-park-north,(252) 329-4560,Greenville,NC,false
Paramore Park,,https://www.indoordogpark.org/parks/paramore-park,https://www.greenvillenc.gov/Home/Components/FacilityDirectory/FacilityDirectory/25,(252) 329-4567,Greenville,NC,false
Wagbar,,https://www.indoordogpark.org/parks/wagbar,http://wagbar.com/,(828) 333-9765,Asheville,NC,false
You Work I'll Play Dog Daycare,,https://www.indoordogpark.org/parks/you-work-ill-play-dog-daycare,http://ywipdogdaycare.com/,(828) 665-1010,Asheville,NC,false
WagWorld Pub & Event Center,,https://www.indoordogpark.org/parks/wagworld-pub-event-center,https://wagworldwnc.com/,(828) 774-7200,Asheville,NC,false
Buncombe County Dog Park,,https://www.indoordogpark.org/parks/buncombe-county-dog-park,,(828) 250-4260,Asheville,NC,false
BarkMore Park,,https://www.indoordogpark.org/parks/barkmore-park,http://barkmorepark.com/,(828) 785-1721,Asheville,NC,false
At Play with Sparky,,https://www.indoordogpark.org/parks/at-play-with-sparky,http://www.atplaywithsparky.com/,(828) 254-5772,Asheville,NC,false
Off Leash K9 Training Asheville,,https://www.indoordogpark.org/parks/off-leash-k9-training-asheville,http://www.olk9ashe.dog/,(828) 338-8255,Asheville,NC,false
Oakhurst Park,,https://www.indoordogpark.org/parks/oakhurst-park,https://www.ashevillenc.gov/locations/oakhurst-park/,,Asheville,NC,false
Hummingbird Park,,https://www.indoordogpark.org/parks/hummingbird-park,https://www.ashevillenc.gov/department/parks-recreation/,(828) 253-3714,Asheville,NC,false
Central Bark Asheville,,https://www.indoordogpark.org/parks/central-bark-asheville,https://www.centralbarkusa.com/asheville/,(828) 214-7611,Asheville,NC,false
Pampered Pets Inn & Spa,,https://www.indoordogpark.org/parks/pampered-pets-inn-spa,http://www.pamperedpetsinnandspa.com/,(828) 505-7545,Asheville,NC,false
Camp Bow Wow South Asheville,,https://www.indoordogpark.org/parks/camp-bow-wow-south-asheville,https://www.campbowwow.com/south-asheville/,(828) 624-2780,Asheville,NC,false
All American Pet Resorts Asheville,,https://www.indoordogpark.org/parks/all-american-pet-resorts-asheville,https://www.allamericanpetresorts.com/asheville/?utm_source=GMB&utm_medium=organic&utm_campaign=Asheville,(828) 532-2516,Asheville,NC,false
Wonderdog Merrimon,,https://www.indoordogpark.org/parks/wonderdog-merrimon,https://www.facebook.com/wonderdogmerrimon,(828) 519-9098,Asheville,NC,false
Happy Tails Country Club East,,https://www.indoordogpark.org/parks/happy-tails-country-club-east,http://www.happytailscc.com/,(828) 628-8510,Asheville,NC,false
Mills River Dog Camp,,https://www.indoordogpark.org/parks/mills-river-dog-camp,https://millsriverdogcamp.com/,(828) 747-2994,Asheville,NC,false
Haw Creek Pet Care Grooming,,https://www.indoordogpark.org/parks/haw-creek-pet-care-grooming,http://hawcreekpetcare.net/,(828) 298-0091,Asheville,NC,false
WNC Pet Care LLC,,https://www.indoordogpark.org/parks/wnc-pet-care-llc,http://www.wncpetcare.com/,(828) 333-2992,Asheville,NC,false
Fairview Boarding,,https://www.indoordogpark.org/parks/fairview-boarding,http://www.fairviewboarding.com/,(828) 628-1997,Asheville,NC,false
Top Dog Kennel,,https://www.indoordogpark.org/parks/top-dog-kennel,http://ashevillekennel.com/,(828) 686-3175,Asheville,NC,false
Asheville Dog Academy,,https://www.indoordogpark.org/parks/asheville-dog-academy,http://www.ashevilledogacademy.com/,(828) 513-0917,Asheville,NC,false
Kabler School For Dogs,,https://www.indoordogpark.org/parks/kabler-school-for-dogs,https://www.kablerschoolfordogs.com/?utm_source=GBP_AVL&utm_medium=organic&utm_content=Google,(828) 337-5792,Asheville,NC,false
Ruff Life Dog Training Services,,https://www.indoordogpark.org/parks/ruff-life-dog-training-services,http://rufflifeavl.com/?utm_source=google&utm_medium=wix_google_business_profile&utm_campaign=9083491636484148303,(828) 365-8244,Asheville,NC,false
WNC K9 Dog Training,,https://www.indoordogpark.org/parks/wnc-k9-dog-training,https://www.wnck9.com/,(828) 712-4245,Asheville,NC,false
Sit Means Sit Dog Training Asheville,,https://www.indoordogpark.org/parks/sit-means-sit-dog-training-asheville,https://sitmeanssit.com/dog-training-mu/asheville-dog-training/?utm_source=google&utm_medium=gmb&utm_campaign=google_listing,(828) 678-7297,Asheville,NC,false
Appalachian Dog Training,,https://www.indoordogpark.org/parks/appalachian-dog-training,http://www.appalachiandogtraining.com/,(828) 708-5949,Asheville,NC,false
Woof in the Woods,,https://www.indoordogpark.org/parks/woof-in-the-woods,,(828) 827-4037,Asheville,NC,false
"K9 Curriculum | Dog Grooming & Dog Training in Waynesville, Canton, and Asheville",,https://www.indoordogpark.org/parks/k9-curriculum-dog-grooming-dog-training-in-waynesville-canton-and-asheville,https://k9curriculum.com/,(828) 620-8186,Asheville,NC,false
Asheville Dog Company,,https://www.indoordogpark.org/parks/asheville-dog-company,http://www.ashevilledogcompany.com/,(828) 777-3471,Asheville,NC,false
Mountain View Dog Retreat,,https://www.indoordogpark.org/parks/mountain-view-dog-retreat,http://mountainviewdogretreat.com/,(828) 515-4200,Asheville,NC,false
The Woof Lodge,,https://www.indoordogpark.org/parks/the-woof-lodge,http://www.thewooflodge.com/,(828) 216-5187,Asheville,NC,false
WagHab: Asheville Dog Exercise and Aquatic Gym,,https://www.indoordogpark.org/parks/waghab-asheville-dog-exercise-and-aquatic-gym,https://www.waghab.com/,(828) 633-7004,Asheville,NC,false
Mills River Dog Park,,https://www.indoordogpark.org/parks/mills-river-dog-park,https://www.millsriver.org/269/Dog-Park,(828) 890-2901,Asheville,NC,false
Mountain Play Lodge,,https://www.indoordogpark.org/parks/mountain-play-lodge,http://www.mountainplaylodge.com/,(828) 676-2120,Asheville,NC,false
Magnolia Park,,https://www.indoordogpark.org/parks/magnolia-park,http://www.ashevillenc.gov/departments/parks/inventory/default.htm,(828) 251-1122,Asheville,NC,false
Fletcher Parks & Recreation Dog Park,,https://www.indoordogpark.org/parks/fletcher-parks-recreation-dog-park,,,Asheville,NC,false
Happy Tails Country Club West,,https://www.indoordogpark.org/parks/happy-tails-country-club-west,http://www.happytailscc.com/,(828) 628-8510,Asheville,NC,false
SniffSpot Field of Dreams Fletcher,,https://www.indoordogpark.org/parks/sniffspot-field-of-dreams-fletcher,https://www.sniffspot.com/to/eshxa,,Asheville,NC,false
Buncombe County Sports Park,,https://www.indoordogpark.org/parks/buncombe-county-sports-park,https://www.buncombecounty.org/governing/depts/parks/facilities/parks/buncombe-sports-park.aspx,(828) 250-4260,Asheville,NC,false
CT'S PAWTY WAGGIN,,https://www.indoordogpark.org/parks/cts-pawty-waggin,https://ctspawtywaggin.com/,(828) 230-2659,Asheville,NC,false
Caledonia Park,,https://www.indoordogpark.org/parks/caledonia-park,,,Asheville,NC,false
Pleasant Hill,,https://www.indoordogpark.org/parks/pleasant-hill,,,Asheville,NC,false
Lake Louise Park,,https://www.indoordogpark.org/parks/lake-louise-park,https://weavervillenc.org/visiting/town-parks-recreation/,(828) 645-7116,Asheville,NC,false
Haw Creek Park,,https://www.indoordogpark.org/parks/haw-creek-park,https://www.ashevillenc.gov/department/parks-recreation/parks/,,Asheville,NC,false
Bill Moore Community Park,,https://www.indoordogpark.org/parks/bill-moore-community-park,https://www.fletchernc.org/departments/parks-and-recreation/billmoorecommunitypark/,(828) 687-0751,Asheville,NC,false
Swaney Pointe K-9 Park,,https://www.indoordogpark.org/parks/swaney-pointe-k-9-park,https://cornelius.org/park/parks_facilities___fields/parks.php,(704) 896-9809,Concord,NC,false
Lucky Dog Bark - Lake Norman,,https://www.indoordogpark.org/parks/lucky-dog-bark-lake-norman,https://luckydogbarkandbrew.com/,(704) 896-5550,Concord,NC,false
K9 Park At Ramsey Creek,,https://www.indoordogpark.org/parks/k9-park-at-ramsey-creek,https://cornelius.org/park/parks_facilities___fields/parks.php,(980) 314-1001,Concord,NC,false
The Preserve Dog Park,,https://www.indoordogpark.org/parks/the-preserve-dog-park,https://www.townofdavidson.org/815/The-Preserve-Dog-Park,(704) 892-3349,Concord,NC,false
Camp Happy Hound,,https://www.indoordogpark.org/parks/camp-happy-hound,http://www.camphappyhound.com/,(704) 784-2267,Concord,NC,false
"Camp Bow Wow Concord, NC",,https://www.indoordogpark.org/parks/camp-bow-wow-concord-nc,https://www.campbowwow.com/concord-nc/,(980) 860-9308,Concord,NC,false
We Hug'em & Tuck'em Inn,,https://www.indoordogpark.org/parks/we-hugem-tuckem-inn,http://wehugemandtuckeminn.com/,(704) 784-4448,Concord,NC,false
Sunnybrook Boarding & Grooming,,https://www.indoordogpark.org/parks/sunnybrook-boarding-grooming,http://www.sunnybrook1.com/,(704) 788-8800,Concord,NC,false
Animal Bed & Breakfast,,https://www.indoordogpark.org/parks/animal-bed-breakfast,http://www.animalbedandbreakfast.com/,(704) 784-5422,Concord,NC,false
Happy Tails Kennel,,https://www.indoordogpark.org/parks/happy-tails-kennel,http://www.stayathappytails.com/,(704) 455-3533,Concord,NC,false
Sandy's Pet Service,,https://www.indoordogpark.org/parks/sandys-pet-service,http://sandyspetservice.com/,(704) 920-8253,Concord,NC,false
Wyolina Kennels,,https://www.indoordogpark.org/parks/wyolina-kennels,https://www.wyolinakennels.com/,(704) 455-5500,Concord,NC,false
PetSuites Harrisburg,,https://www.indoordogpark.org/parks/petsuites-harrisburg,http://harrisburg.petsuitesofamerica.com/?utm_source=gmb&utm_medium=organic&y_source=1_MjU3ODYyNzItNzE1LWxvY2F0aW9uLndlYnNpdGU%3D,(980) 825-7055,Concord,NC,false
Paw Prints Doggy Daycare,,https://www.indoordogpark.org/parks/paw-prints-doggy-daycare,http://www.pawprintsdoggydaycare.net/,(704) 223-3488,Concord,NC,false
Twin Oaks Pet Boarding,,https://www.indoordogpark.org/parks/twin-oaks-pet-boarding,http://twinoakspetboarding.com/,(704) 647-7907,Concord,NC,false
PetSuites Prosperity Ridge,,https://www.indoordogpark.org/parks/petsuites-prosperity-ridge,https://prosperityridge.petsuitesofamerica.com/?utm_source=gmb&utm_medium=organic&y_source=1_MjMzODU2MDYtNzE1LWxvY2F0aW9uLndlYnNpdGU%3D,(980) 216-8751,Concord,NC,false
"Old North Dog Training, LLC",,https://www.indoordogpark.org/parks/old-north-dog-training-llc,http://oldnorthdogs.com/,(704) 886-6008,Concord,NC,false
"Understanding Fido, LLC",,https://www.indoordogpark.org/parks/understanding-fido-llc,http://www.understandingfido.com/,,Concord,NC,false
K-9 Capers Dog Training Academy,,https://www.indoordogpark.org/parks/k-9-capers-dog-training-academy,http://www.k9caperstraining.com/,(704) 721-6757,Concord,NC,false
Canine Academy Of The Carolinas,,https://www.indoordogpark.org/parks/canine-academy-of-the-carolinas,http://www.sitheelstay.com/,(704) 743-8961,Concord,NC,false
Dogs By Andy K-9 Services,,https://www.indoordogpark.org/parks/dogs-by-andy-k-9-services,https://dogsbyandy.com/,(704) 662-3456,Concord,NC,false
Tuscarora's Country Club for Dogs,,https://www.indoordogpark.org/parks/tuscaroras-country-club-for-dogs,http://www.tuscaroracc.com/,(704) 436-6122,Concord,NC,false
Zoom Room Indoor Dog Training Gym,,https://www.indoordogpark.org/parks/zoom-room-indoor-dog-training-gym,https://zoomroom.com/location/huntersville-lake-norman/,(704) 237-0358,Concord,NC,false
Doggone Fun Daycare & Boarding,,https://www.indoordogpark.org/parks/doggone-fun-daycare-boarding,http://dgfboarding.com/,(704) 213-1447,Concord,NC,false
Social Pet at Northlake,,https://www.indoordogpark.org/parks/social-pet-at-northlake,http://socialpethotel.com/,(704) 835-1022,Concord,NC,false
Hartsell Park,,https://www.indoordogpark.org/parks/hartsell-park,https://www.concordnc.gov/Departments/Parks-Recreation/Facilities,(704) 920-5600,Concord,NC,false
J.W. (Mickey) McGee Park,,https://www.indoordogpark.org/parks/jw-mickey-mcgee-park,http://www.concordnc.gov/Departments/Parks-Recreation/Facilities,(704) 920-5601,Concord,NC,false
Vietnam Veterans Park,,https://www.indoordogpark.org/parks/vietnam-veterans-park,http://www.cabarruscounty.us/alp,,Concord,NC,false
W W Flowe Park,,https://www.indoordogpark.org/parks/w-w-flowe-park,https://www.concordnc.gov/Departments/Parks-Recreation/Facilities,(704) 262-3444,Concord,NC,false
Woof Gang Bakery & Grooming Concord,,https://www.indoordogpark.org/parks/woof-gang-bakery-grooming-concord,https://www.woofgangbakery.com/concordnc?utm_source=google&utm_medium=gmb,(980) 255-8116,Concord,NC,false
Dorton Park,,https://www.indoordogpark.org/parks/dorton-park,https://www.concordnc.gov/Departments/Parks-Recreation/Facilities,(704) 782-1085,Concord,NC,false
Frank Liske Park,,https://www.indoordogpark.org/parks/frank-liske-park,https://www.cabarruscounty.us/Parks/Frank-Liske-Park,(704) 920-2701,Concord,NC,false
Baxter's Playhouse,,https://www.indoordogpark.org/parks/baxters-playhouse,https://baxtersplayhouse.com/,(980) 289-1221,Gastonia,NC,false
Dellinger’s Room to Roam Private Dog Park (must book through Sniffspot),,https://www.indoordogpark.org/parks/dellingers-room-to-roam-private-dog-park-must-book-through-sniffspot,https://www.sniffspot.com/to/a8uxg,(980) 429-6760,Gastonia,NC,false
George Poston Park,,https://www.indoordogpark.org/parks/george-poston-park,https://www.gastongov.com/facilities/facility/details/georgepostonpark-6,(704) 922-2160,Gastonia,NC,false
Bradley Station Dog Park,,https://www.indoordogpark.org/parks/bradley-station-dog-park,https://www.cityofgastonia.com/bradley-station-dog-park.html,(704) 866-6839,Gastonia,NC,false
Dog Park,,https://www.indoordogpark.org/parks/dog-park,,,Gastonia,NC,false
Bubbles & Bows Tropical Pet Resort & Spa Inc.,,https://www.indoordogpark.org/parks/bubbles-bows-tropical-pet-resort-spa-inc,http://www.bubblesandbowsnc.com/,(704) 866-9098,Gastonia,NC,false
Tails R Waggin' Day Spa and Resort,,https://www.indoordogpark.org/parks/tails-r-waggin-day-spa-and-resort,https://trwdayspa.com/,(704) 824-3511,Gastonia,NC,false
Zoomies Adventure Pet Resort,,https://www.indoordogpark.org/parks/zoomies-adventure-pet-resort,http://www.zoomiesapr.com/,(704) 922-1551,Gastonia,NC,false
Andrea's Fuzz Therapy,,https://www.indoordogpark.org/parks/andreas-fuzz-therapy,https://www.facebook.com/Asellers115?mibextid=ZbWKwL,(850) 630-7247,Gastonia,NC,false
Kennelina Pet Resort,,https://www.indoordogpark.org/parks/kennelina-pet-resort,http://www.kennelina.com/,(704) 820-8484,Gastonia,NC,false
Claws & Paws Inn,,https://www.indoordogpark.org/parks/claws-paws-inn,http://theclawsandpawsinn.com/,(704) 822-1966,Gastonia,NC,false
K-9 Taxi Pet Sitting,,https://www.indoordogpark.org/parks/k-9-taxi-pet-sitting,http://www.k-9taxi.com/,(704) 616-3364,Gastonia,NC,false
Gastonia Dog Trainer,,https://www.indoordogpark.org/parks/gastonia-dog-trainer,http://gastoniadogtrainer.net/,(704) 909-7144,Gastonia,NC,false
Dog Pro Services,,https://www.indoordogpark.org/parks/dog-pro-services,http://www.dogproservices.com/,(704) 865-7911,Gastonia,NC,false
Shepherds K9 Services,,https://www.indoordogpark.org/parks/shepherds-k9-services,https://www.shepherdsk9services.com/,(704) 997-9295,Gastonia,NC,false
P.O.P. Dog Training,,https://www.indoordogpark.org/parks/pop-dog-training,http://www.popdogtraining.com/,(980) 429-4677,Gastonia,NC,false
The Bark Academy,,https://www.indoordogpark.org/parks/the-bark-academy,,(704) 670-1352,Gastonia,NC,false
Gastonia Optimist Club Park,,https://www.indoordogpark.org/parks/gastonia-optimist-club-park,https://www.gastonianc.gov/optimist-club-park.html,(704) 866-6839,Gastonia,NC,false
Motz Avenue Dog Park,,https://www.indoordogpark.org/parks/motz-avenue-dog-park,https://www.ci.lincolnton.nc.us/597/Motz-Avenue-Dog-Park,(704) 736-8980,Gastonia,NC,false
Gaston County Animal Care and Enforcement,,https://www.indoordogpark.org/parks/gaston-county-animal-care-and-enforcement,http://www.gastongov.com/government/departments/police/animal_care_and_enforcement/index.php,(704) 922-8677,Gastonia,NC,false
Lineberger Park,,https://www.indoordogpark.org/parks/lineberger-park,http://www.cityofgastonia.com/lineberger-park.html,(704) 866-6839,Gastonia,NC,false
Dallas Park,,https://www.indoordogpark.org/parks/dallas-park,https://www.gastongov.com/Facilities/Facility/Details/Dallas-Park-5,(704) 922-2160,Gastonia,NC,false
Magnus Lupus Kennels,,https://www.indoordogpark.org/parks/magnus-lupus-kennels,,(704) 524-1234,Gastonia,NC,false
CaroMont Health Park,,https://www.indoordogpark.org/parks/caromont-health-park,,(704) 874-1810,Gastonia,NC,false
Karyae Park,,https://www.indoordogpark.org/parks/karyae-park,http://www.karyaegastonia.com/,(980) 357-9070,Gastonia,NC,false
Poston Park River Trail,,https://www.indoordogpark.org/parks/poston-park-river-trail,https://www.gastongov.com/424/Poston-Park-Trail-System,(704) 922-2160,Gastonia,NC,false
Avon/Catawba Creeks Greenway,,https://www.indoordogpark.org/parks/avoncatawba-creeks-greenway,https://www.gastonianc.gov/greenways.html,(980) 938-9339,Gastonia,NC,false
Town of Cramerton Goat Island Park and Greenway,,https://www.indoordogpark.org/parks/town-of-cramerton-goat-island-park-and-greenway,https://www.cramerton.org/departments/parks___recreation/greenways_and_trails.php,(704) 824-4231,Gastonia,NC,false
Berkeley Manor Woof Spot,,https://www.indoordogpark.org/parks/berkeley-manor-woof-spot,,,Jacksonville,NC,false
Liberty Pointe Dog Park,,https://www.indoordogpark.org/parks/liberty-pointe-dog-park,http://www.libertypointeapartments.com/,(833) 260-8353,Jacksonville,NC,false
Swansboro Municipal Dog Park,,https://www.indoordogpark.org/parks/swansboro-municipal-dog-park,https://swansboro.recdesk.com/Community/Facility/Detail?facilityId=25,,Jacksonville,NC,false
Ponderosa Pet Ranch,,https://www.indoordogpark.org/parks/ponderosa-pet-ranch,http://ponderosapetranch.wordpress.com/,(252) 808-5029,Jacksonville,NC,false
Dragonfly Dog Park & Nature Trails (Members Only),,https://www.indoordogpark.org/parks/dragonfly-dog-park-nature-trails-members-only,,(252) 422-0943,Jacksonville,NC,false
Animal House Jacksonville,,https://www.indoordogpark.org/parks/animal-house-jacksonville,https://ncanimalhouse.com/,(910) 353-2684,Jacksonville,NC,false
Midway Dog Park #1,,https://www.indoordogpark.org/parks/midway-dog-park-1,,,Jacksonville,NC,false
"Jacksonville Pawville - Pet Boarding, Grooming, Daycare, Training",,https://www.indoordogpark.org/parks/jacksonville-pawville-pet-boarding-grooming-daycare-training,https://www.pawville.com/jax,(910) 973-8111,Jacksonville,NC,false
Pawadise - Your Pet's Paradise,,https://www.indoordogpark.org/parks/pawadise-your-pets-paradise,http://www.pawadise.net/,(910) 353-3662,Jacksonville,NC,false
Buddies!,,https://www.indoordogpark.org/parks/buddies,http://www.buddiesboarding.com/,(910) 320-8902,Jacksonville,NC,false
Buddies Country Kennels,,https://www.indoordogpark.org/parks/buddies-country-kennels,https://buddiesgumbranch.godaddysites.com/,(910) 338-2968,Jacksonville,NC,false
Buddies!,,https://www.indoordogpark.org/parks/buddies,http://www.buddiesboarding.com/,(910) 867-3478,Jacksonville,NC,false
"North Shore Pawville - Pet Boarding, Grooming, Daycare, Training",,https://www.indoordogpark.org/parks/north-shore-pawville-pet-boarding-grooming-daycare-training,https://www.pawville.com/northshore,(910) 741-4020,Jacksonville,NC,false
Camp Mutt Dog Training & Boarding,,https://www.indoordogpark.org/parks/camp-mutt-dog-training-boarding,http://www.campmutt.com/,(910) 548-3257,Jacksonville,NC,false
Personal Touch Pet Grooming & Boarding LLC,,https://www.indoordogpark.org/parks/personal-touch-pet-grooming-boarding-llc,http://www.personaltouchgrooming.com/,(910) 333-0381,Jacksonville,NC,false
"Anytime Dog Training, Boarding and Daycare",,https://www.indoordogpark.org/parks/anytime-dog-training-boarding-and-daycare,http://www.anytimedogtraining.com/,(252) 424-2338,Jacksonville,NC,false
Velvet Pawlor Grooming & Boarding LLC,,https://www.indoordogpark.org/parks/velvet-pawlor-grooming-boarding-llc,,(910) 378-7297,Jacksonville,NC,false
River Ridge Kennels,,https://www.indoordogpark.org/parks/river-ridge-kennels,http://rrkennel.com/,(910) 548-1843,Jacksonville,NC,false
Wild Child Dog Training,,https://www.indoordogpark.org/parks/wild-child-dog-training,http://wcdogtraining.com/,(910) 378-9377,Jacksonville,NC,false
The Matson Pack Dog Training,,https://www.indoordogpark.org/parks/the-matson-pack-dog-training,https://www.thematsonpack.com/,(910) 939-8826,Jacksonville,NC,false
"Horns to Halos Dog Training, L.L.C.",,https://www.indoordogpark.org/parks/horns-to-halos-dog-training-llc,https://hornstohalos.com/,(724) 484-3648,Jacksonville,NC,false
Dog Obedience Training Jacksonville,,https://www.indoordogpark.org/parks/dog-obedience-training-jacksonville,https://sallysaidso.com/,(910) 597-3187,Jacksonville,NC,false
Truly Clear Dog Training,,https://www.indoordogpark.org/parks/truly-clear-dog-training,https://trulycleardogtraining.com/,(910) 787-3363,Jacksonville,NC,false
Tranquil Dog Training,,https://www.indoordogpark.org/parks/tranquil-dog-training,http://www.tranquildogtraining.com/,(910) 459-3064,Jacksonville,NC,false
All American Pet Resorts New Bern,,https://www.indoordogpark.org/parks/all-american-pet-resorts-new-bern,https://www.allamericanpetresorts.com/new-bern/?utm_source=GMrB&utm_medium=organic&utm_campaign=NewBern,(252) 888-3348,Jacksonville,NC,false
Richard Ray Park,,https://www.indoordogpark.org/parks/richard-ray-park,https://jacksonvillenc.gov/facilities/facility/details/Richard-Ray-Park-18,(910) 938-5312,Jacksonville,NC,false
Rev. E. W. Wooten Park,,https://www.indoordogpark.org/parks/rev-e-w-wooten-park,https://jacksonvillenc.gov/facilities/facility/details/Rev-E-W-Wooten-Park-17,(910) 938-5312,Jacksonville,NC,false
Georgetown Park,,https://www.indoordogpark.org/parks/georgetown-park,https://jacksonvillenc.gov/facilities/facility/details/Georgetown-Park-9,(910) 938-5212,Jacksonville,NC,false
The Puppy Place,,https://www.indoordogpark.org/parks/the-puppy-place,http://www.thepuppyplace.com/,(910) 378-7011,Jacksonville,NC,false
The Dog Room,,https://www.indoordogpark.org/parks/the-dog-room,,(910) 381-5960,Jacksonville,NC,false
TT Dog Park,,https://www.indoordogpark.org/parks/tt-dog-park,,,Jacksonville,NC,false
Jacksonville Commons Recreation Complex,,https://www.indoordogpark.org/parks/jacksonville-commons-recreation-complex,https://jacksonvillenc.gov/recreation,(910) 938-5312,Jacksonville,NC,false
Heroes dog park,,https://www.indoordogpark.org/parks/heroes-dog-park,,,Jacksonville,NC,false
Northeast Creek Park,,https://www.indoordogpark.org/parks/northeast-creek-park,https://jacksonvillenc.gov/,(910) 938-5312,Jacksonville,NC,false
Town & Country Pet Center Inc,,https://www.indoordogpark.org/parks/town-country-pet-center-inc,,(910) 455-5331,Jacksonville,NC,false
Onslow County Parks: Onslow Pines Park,,https://www.indoordogpark.org/parks/onslow-county-parks-onslow-pines-park,https://www.onslowcountync.gov/152/Parks-Recreation,(910) 347-5332,Jacksonville,NC,false
Sherwood Forest Park,,https://www.indoordogpark.org/parks/sherwood-forest-park,https://jacksonvillenc.gov/facilities/facility/details/Sherwood-Forest-Park-20,(910) 938-5312,Jacksonville,NC,false
Oakhurst Nature Park,,https://www.indoordogpark.org/parks/oakhurst-nature-park,http://www.onslowcountync.gov/facilities/facility/details/Oakhurst-Nature-Park-13,,Jacksonville,NC,false
Sturgeon City Park,,https://www.indoordogpark.org/parks/sturgeon-city-park,https://jacksonvillenc.gov/203/Parks,(910) 938-5312,Jacksonville,NC,false
The Park at Briar Chapel,,https://www.indoordogpark.org/parks/the-park-at-briar-chapel,https://www.chathamcountync.gov/government/departments-programs-i-z/parks-recreation/county-parks-trails/the-park-at-briar-chapel,,Chapel Hill,NC,false
Homestead Park,,https://www.indoordogpark.org/parks/homestead-park,https://www.townofchapelhill.org/government/departments-services/parks-and-recreation,(919) 968-2784,Chapel Hill,NC,false
180 West Complex Dog Park,,https://www.indoordogpark.org/parks/180-west-complex-dog-park,,,Chapel Hill,NC,false
Southern Community Park,,https://www.indoordogpark.org/parks/southern-community-park,https://www.townofchapelhill.org/government/departments-services/parks-and-recreation/parks/southern-community-park,(919) 968-2787,Chapel Hill,NC,false
Chapel Hill Pet Retreat,,https://www.indoordogpark.org/parks/chapel-hill-pet-retreat,http://chapelhillpetretreat.com/,(984) 484-8965,Chapel Hill,NC,false
Green Beagle Lodge,,https://www.indoordogpark.org/parks/green-beagle-lodge,http://www.greenbeaglelodge.com/,(919) 929-7387,Chapel Hill,NC,false
Doggie Spa & Day Care,,https://www.indoordogpark.org/parks/doggie-spa-day-care,http://www.doggiespa.com/,(919) 932-4738,Chapel Hill,NC,false
Noah's Ark Kennel & Cattery,,https://www.indoordogpark.org/parks/noahs-ark-kennel-cattery,https://noahsarkkennel.com/,(919) 932-7322,Chapel Hill,NC,false
Love Overboard Kennels & Grooming,,https://www.indoordogpark.org/parks/love-overboard-kennels-grooming,http://loveoverboardkennels.com/,(919) 942-6870,Chapel Hill,NC,false
Josephine's Dog Walking and Pet Sitting,,https://www.indoordogpark.org/parks/josephines-dog-walking-and-pet-sitting,,(919) 260-1905,Chapel Hill,NC,false
Dogwood Veterinary Hospital and Pet Resort,,https://www.indoordogpark.org/parks/dogwood-veterinary-hospital-and-pet-resort,https://www.dogwoodvethospital.com/,(919) 942-6330,Chapel Hill,NC,false
Doggie Dude Ranch Kennel,,https://www.indoordogpark.org/parks/doggie-dude-ranch-kennel,http://www.doggieduderanchkennel.com/,(919) 930-7614,Chapel Hill,NC,false
Pet Behavior Help,,https://www.indoordogpark.org/parks/pet-behavior-help,http://www.petbehaviorhelp.com/,(919) 270-2010,Chapel Hill,NC,false
New Hope Dog Training Center,,https://www.indoordogpark.org/parks/new-hope-dog-training-center,https://www.newhopefordogs.com/,(919) 969-2771,Chapel Hill,NC,false
"Cheery Dogs, Llc",,https://www.indoordogpark.org/parks/cheery-dogs-llc,http://www.cheerydogs.com/,(919) 929-9115,Chapel Hill,NC,false
"Hearth and Hounds, LLC",,https://www.indoordogpark.org/parks/hearth-and-hounds-llc,http://www.hearthandhounds.com/,(919) 355-5656,Chapel Hill,NC,false
"Sliding G Ranch, LLC",,https://www.indoordogpark.org/parks/sliding-g-ranch-llc,http://www.sgrdogs.com/,(919) 448-5083,Chapel Hill,NC,false
Briar Chapel Dog Park,,https://www.indoordogpark.org/parks/briar-chapel-dog-park,,,Chapel Hill,NC,false
Dog Walk,,https://www.indoordogpark.org/parks/dog-walk,,,Chapel Hill,NC,false
Berkshire Manor Dog Park,,https://www.indoordogpark.org/parks/berkshire-manor-dog-park,,,Chapel Hill,NC,false
Morgan Creek K-9 Park,,https://www.indoordogpark.org/parks/morgan-creek-k-9-park,http://sniffspot.host/,(919) 519-7868,Chapel Hill,NC,false
Henry Anderson III Community Park,,https://www.indoordogpark.org/parks/henry-anderson-iii-community-park,https://townofcarrboro.org/347/Anderson-Community-Park,(919) 918-7364,Chapel Hill,NC,false
Southern Community Park Playground,,https://www.indoordogpark.org/parks/southern-community-park-playground,https://www.townofchapelhill.org/government/departments-services/parks-and-recreation/parks/southern-community-park,,Chapel Hill,NC,false
Blackwood Farm Park,,https://www.indoordogpark.org/parks/blackwood-farm-park,https://orangecountync.gov/Facilities/Facility/Details/Blackwood-Farm-Park-2,(919) 969-8959,Chapel Hill,NC,false
"Pet's Best Friend, Inc.",,https://www.indoordogpark.org/parks/pets-best-friend-inc,https://www.petsbestfriendinc.com/,(252) 937-7205,Rocky Mount,NC,false
Paws Inn,,https://www.indoordogpark.org/parks/paws-inn,https://www.facebook.com/profile.php?id=100092501052060&mibextid=LQQJ4d,(252) 443-7576,Rocky Mount,NC,false
Red Oak Country Kennels,,https://www.indoordogpark.org/parks/red-oak-country-kennels,http://redoakcountrykennels.com/,(252) 373-1104,Rocky Mount,NC,false
Wags East Pet Resort & Spa,,https://www.indoordogpark.org/parks/wags-east-pet-resort-spa,https://wagseastpetresort.com/?utm_source=gmb&utm_medium=organic,(252) 459-5680,Rocky Mount,NC,false
"Kings K9 Kennel & Training, LLC",,https://www.indoordogpark.org/parks/kings-k9-kennel-training-llc,https://kingsk9kennel.com/,(252) 567-9339,Rocky Mount,NC,false
Pet Works,,https://www.indoordogpark.org/parks/pet-works,,(252) 443-9443,Rocky Mount,NC,false
Wishing Well Farm Kennel,,https://www.indoordogpark.org/parks/wishing-well-farm-kennel,,(252) 442-9474,Rocky Mount,NC,false
Bubbles & Bows Pet Salon and Boarding of Nashville,,https://www.indoordogpark.org/parks/bubbles-bows-pet-salon-and-boarding-of-nashville,https://bubblesandbowsofnashville.com/,(919) 987-7531,Rocky Mount,NC,false
Waggin' Tailz Doggie Daycare and Grooming,,https://www.indoordogpark.org/parks/waggin-tailz-doggie-daycare-and-grooming,,(252) 206-0976,Rocky Mount,NC,false
Riverside Veterinary Hospital: Bob Cameron DVM,,https://www.indoordogpark.org/parks/riverside-veterinary-hospital-bob-cameron-dvm,http://www.riversidevet.org/,(252) 442-3636,Rocky Mount,NC,false
Dogs Only Grooming Service,,https://www.indoordogpark.org/parks/dogs-only-grooming-service,,(252) 977-9957,Rocky Mount,NC,false
Barrel Creek Kennel,,https://www.indoordogpark.org/parks/barrel-creek-kennel,,(252) 292-2272,Rocky Mount,NC,false
PetSmart Dog Training,,https://www.indoordogpark.org/parks/petsmart-dog-training,https://stores.petsmart.com/nc/rocky-mount/rocky-mount/dog-training?utm_source=google&utm_medium=organic&utm_campaign=google-my-business,(252) 451-5200,Rocky Mount,NC,false
Ventosa K9 Kennel Inc.,,https://www.indoordogpark.org/parks/ventosa-k9-kennel-inc,http://www.ventosakennelnc.com/,(252) 370-5353,Rocky Mount,NC,false
Stella's Puppies and Dogs Obedience School,,https://www.indoordogpark.org/parks/stellas-puppies-and-dogs-obedience-school,,(252) 578-0083,Rocky Mount,NC,false
High 5 K9 Academy,,https://www.indoordogpark.org/parks/high-5-k9-academy,https://high5k9.com/,(919) 766-1842,Rocky Mount,NC,false
"The Bark Park Resort, LLC",,https://www.indoordogpark.org/parks/the-bark-park-resort-llc,http://www.barkparkresort.com/,(252) 253-5444,Rocky Mount,NC,false
Coats Veterinary Hospital,,https://www.indoordogpark.org/parks/coats-veterinary-hospital,http://www.coatsvet.com/,(252) 407-1616,Rocky Mount,NC,false
Southern Police Canine Inc,,https://www.indoordogpark.org/parks/southern-police-canine-inc,http://www.southernpolicecanine.com/,(252) 903-7880,Rocky Mount,NC,false
River Bank K9,,https://www.indoordogpark.org/parks/river-bank-k9,https://riverbankk9.com/,(919) 369-8970,Rocky Mount,NC,false
Pridgen's Kennel and Training Facility,,https://www.indoordogpark.org/parks/pridgens-kennel-and-training-facility,,(252) 459-6527,Rocky Mount,NC,false
Log Cabin Kennel,,https://www.indoordogpark.org/parks/log-cabin-kennel,http://www.logcabinkennel.com/,(919) 496-3389,Rocky Mount,NC,false
Shrado Kennels/Sandy's Poodle Parlor,,https://www.indoordogpark.org/parks/shrado-kennelssandys-poodle-parlor,http://www.vonshrado.com/,(919) 736-3776,Rocky Mount,NC,false
Cloud's Bed & Biscuit,,https://www.indoordogpark.org/parks/clouds-bed-biscuit,http://cloudsbedandbiscuit.com/,(919) 480-6786,Rocky Mount,NC,false
Sunset Park,,https://www.indoordogpark.org/parks/sunset-park,https://www.rockymountnc.gov/Facilities/Facility/Details/Sunset-Park-2,(252) 446-0500,Rocky Mount,NC,false
Buck Leonard Park,,https://www.indoordogpark.org/parks/buck-leonard-park,,(252) 972-1151,Rocky Mount,NC,false
Nash County Pet Connection Center,,https://www.indoordogpark.org/parks/nash-county-pet-connection-center,https://nashcountync.gov/125/Animal-Shelter,(252) 459-9855,Rocky Mount,NC,false
PetSmart,,https://www.indoordogpark.org/parks/petsmart,https://www.petsmart.com/stores/us/nc/rocky-mount-store0609.html?utm_source=google&utm_medium=organic&utm_campaign=google-my-business,(252) 451-5200,Rocky Mount,NC,false
City Lake Park,,https://www.indoordogpark.org/parks/city-lake-park,https://www.rockymountnc.gov/Facilities/Facility/Details/City-Lake-4,(252) 972-1151,Rocky Mount,NC,false
Hornbeam Park,,https://www.indoordogpark.org/parks/hornbeam-park,,,Rocky Mount,NC,false
Martin Luther King Park,,https://www.indoordogpark.org/parks/martin-luther-king-park,,,Rocky Mount,NC,false
Battle Park,,https://www.indoordogpark.org/parks/battle-park,,(252) 972-1151,Rocky Mount,NC,false
Englewood Park,,https://www.indoordogpark.org/parks/englewood-park,,(252) 972-1151,Rocky Mount,NC,false
Grover Lucas Park,,https://www.indoordogpark.org/parks/grover-lucas-park,,(252) 972-1151,Rocky Mount,NC,false
Patterson Drive Park,,https://www.indoordogpark.org/parks/patterson-drive-park,,,Rocky Mount,NC,false
Elon Dog Park - K-9 Corner at Schmidt Park,,https://www.indoordogpark.org/parks/elon-dog-park-k-9-corner-at-schmidt-park,http://www.elonnc.com/,(336) 449-9255,Burlington,NC,false
Town of Elon,,https://www.indoordogpark.org/parks/town-of-elon,http://www.elonnc.com/,(336) 449-9255,Burlington,NC,false
Jiggs Askew Memorial Park,,https://www.indoordogpark.org/parks/jiggs-askew-memorial-park,http://www.ci.burlington.nc.us/index.aspx?NID=1150,(336) 222-5030,Burlington,NC,false
Bill Cooke Park,,https://www.indoordogpark.org/parks/bill-cooke-park,https://www.cityofgraham.com/parks-facilities/,(336) 570-6718,Burlington,NC,false
North Park,,https://www.indoordogpark.org/parks/north-park,https://www.burlingtonnc.gov/facilities/facility/details/North-Park-51,(336) 222-5030,Burlington,NC,false
Woof Watchers,,https://www.indoordogpark.org/parks/woof-watchers,https://woofwatchers.net/,(336) 538-1294,Burlington,NC,false
Bark Avenue Pets Inc,,https://www.indoordogpark.org/parks/bark-avenue-pets-inc,,(336) 449-9663,Burlington,NC,false
Stoney Creek Pet Lodge and Rehab Center,,https://www.indoordogpark.org/parks/stoney-creek-pet-lodge-and-rehab-center,http://www.stoneycreekpetlodge.com/,(336) 603-6930,Burlington,NC,false
Bed & Bone Boarding and Grooming,,https://www.indoordogpark.org/parks/bed-bone-boarding-and-grooming,http://www.bedandbone.net/,(919) 563-4756,Burlington,NC,false
Ultimate Canine Care,,https://www.indoordogpark.org/parks/ultimate-canine-care,http://www.ultimatecanine.com/,(336) 228-8778,Burlington,NC,false
Puppy Love-N-Style,,https://www.indoordogpark.org/parks/puppy-love-n-style,http://www.puppylovenstyle.com/,(336) 380-1615,Burlington,NC,false
Dog Town Training Academy LLC,,https://www.indoordogpark.org/parks/dog-town-training-academy-llc,http://www.dogtowntrainingacademy.com/,(336) 570-1144,Burlington,NC,false
Littles Doggie Sitting Service,,https://www.indoordogpark.org/parks/littles-doggie-sitting-service,http://littledogsitting.com/,(240) 370-6652,Burlington,NC,false
Town N Country Animal Hospital,,https://www.indoordogpark.org/parks/town-n-country-animal-hospital,https://www.veterinarian-hospital.com/,(336) 227-9979,Burlington,NC,false
SHADYBROOK KENNELS,,https://www.indoordogpark.org/parks/shadybrook-kennels,http://shadybrookkennels.net/,(336) 227-8924,Burlington,NC,false
Love Fur-Ever Pet Sitting,,https://www.indoordogpark.org/parks/love-fur-ever-pet-sitting,https://www.facebook.com/lovefurlifepetsitting,(336) 512-6081,Burlington,NC,false
Pampered Pets,,https://www.indoordogpark.org/parks/pampered-pets,,(336) 578-0665,Burlington,NC,false
"No Barking Back, LLC",,https://www.indoordogpark.org/parks/no-barking-back-llc,http://www.nobarkingback.com/,(336) 269-4103,Burlington,NC,false
Quicksilver Canine,,https://www.indoordogpark.org/parks/quicksilver-canine,http://quicksilvercanine.com/,,Burlington,NC,false
PetSmart Dog Training,,https://www.indoordogpark.org/parks/petsmart-dog-training,https://stores.petsmart.com/nc/burlington/burlington/dog-training?utm_source=google&utm_medium=organic&utm_campaign=google-my-business,(336) 524-0229,Burlington,NC,false
Waggin Tails,,https://www.indoordogpark.org/parks/waggin-tails,https://vetk.net/explore/waggin-tails/,(678) 358-3260,Burlington,NC,false
The K9 Center - The Equine Center,,https://www.indoordogpark.org/parks/the-k9-center-the-equine-center,,(336) 222-3535,Burlington,NC,false
Pawsitive Steps Pet Rehab and Fitness Clinic,,https://www.indoordogpark.org/parks/pawsitive-steps-pet-rehab-and-fitness-clinic,http://www.pawsitivestepspetrehab.com/contact-pet-therapist.html,(336) 317-3466,Burlington,NC,false
Kiddy Town,,https://www.indoordogpark.org/parks/kiddy-town,https://www.infokiddytown.com/,(336) 447-5943,Burlington,NC,false
Dog Park at Love’s Travel Stops,,https://www.indoordogpark.org/parks/dog-park-at-loves-travel-stops,https://www.loves.com/dogparks,(919) 563-1814,Burlington,NC,false
Burlington Arboretum,,https://www.indoordogpark.org/parks/burlington-arboretum,https://www.burlingtonnc.gov/1888/Willowbrook-Arboretum,(336) 222-5030,Burlington,NC,false
Burlington Animal Services,,https://www.indoordogpark.org/parks/burlington-animal-services,https://www.burlingtonnc.gov/pets,(336) 578-0343,Burlington,NC,false
Joe C. Davidson Park,,https://www.indoordogpark.org/parks/joe-c-davidson-park,http://www.burlingtonnc.gov/index.aspx?NID=831,(336) 222-5030,Burlington,NC,false
Burlington Springwood Park,,https://www.indoordogpark.org/parks/burlington-springwood-park,http://burlingtonnc.gov/facilities/facility/details/Springwood-Park-57,(336) 449-3600,Burlington,NC,false
Graham Regional Park,,https://www.indoordogpark.org/parks/graham-regional-park,https://www.cityofgraham.com/parks-facilities/,(336) 570-6700,Burlington,NC,false
The Natural Dog Pet Food Market | Nature's Emporium Gift Store,,https://www.indoordogpark.org/parks/the-natural-dog-pet-food-market-natures-emporium-gift-store,http://www.thenaturaldogonline.com/,(336) 538-2450,Burlington,NC,false
"Old North State Kennels, Inc",,https://www.indoordogpark.org/parks/old-north-state-kennels-inc,https://onskinc.com/,(336) 269-7991,Burlington,NC,false
Cedarock Park,,https://www.indoordogpark.org/parks/cedarock-park,https://www.alamance-nc.com/recreation/outdoors/about-cedarock-park/,(336) 229-2410,Burlington,NC,false
City Park Walking Track,,https://www.indoordogpark.org/parks/city-park-walking-track,https://www.burlingtonnc.gov/Facilities/Facility/Details/City-Park-11,(336) 222-5030,Burlington,NC,false
Animal Park at the Conservators Center,,https://www.indoordogpark.org/parks/animal-park-at-the-conservators-center,http://www.animalparknc.org/,(336) 421-0883,Burlington,NC,false
Alamance Parks,,https://www.indoordogpark.org/parks/alamance-parks,https://www.alamance-nc.com/recreation,(336) 229-2410,Burlington,NC,false
Retreat at the Park,,https://www.indoordogpark.org/parks/retreat-at-the-park,https://www.allegiant-carter.com/apartments/nc/burlington/retreat-at-the-park/?utm_knock=gmb,(336) 560-9189,Burlington,NC,false
Cedarock,,https://www.indoordogpark.org/parks/cedarock,https://www.alamance-nc.com/recreation/outdoors/about-cedarock-park/,(336) 229-2410,Burlington,NC,false
Town and Country Nature Park,,https://www.indoordogpark.org/parks/town-and-country-nature-park,http://www.burlingtonnc.gov/recreation,(336) 222-5030,Burlington,NC,false
Burlington City Park Amusement Area,,https://www.indoordogpark.org/parks/burlington-city-park-amusement-area,http://burlingtonnc.gov/233/City-Park,(336) 222-5030,Burlington,NC,false
Fairchild Park,,https://www.indoordogpark.org/parks/fairchild-park,https://www.burlingtonnc.gov/237/Fairchild-Park,(336) 222-5119,Burlington,NC,false
Rosedale Dog Park,,https://www.indoordogpark.org/parks/rosedale-dog-park,,,Huntersville,NC,false
Highland Creek Sports Club Park - Private,,https://www.indoordogpark.org/parks/highland-creek-sports-club-park-private,http://www.highlandcreek.com/,,Huntersville,NC,false
Rosedale Nature Park,,https://www.indoordogpark.org/parks/rosedale-nature-park,,(704) 766-2220,Huntersville,NC,false
Jetton Park,,https://www.indoordogpark.org/parks/jetton-park,https://parkandrec.mecknc.gov/Activities/fishing,(980) 314-1001,Huntersville,NC,false
Magic Paw Pet Care,,https://www.indoordogpark.org/parks/magic-paw-pet-care,,(803) 949-0090,Huntersville,NC,false
Pet Paradise Lake Norman,,https://www.indoordogpark.org/parks/pet-paradise-lake-norman,https://www.petparadise.com/lake-norman.htm,(704) 875-8668,Huntersville,NC,false
Happy Paws Daycare & Kennel,,https://www.indoordogpark.org/parks/happy-paws-daycare-kennel,https://boarding.com/listings/happy-paws-daycare-kennel-huntersville,(704) 274-9188,Huntersville,NC,false
Camp Wagging Tails,,https://www.indoordogpark.org/parks/camp-wagging-tails,https://www.campwaggingtails.com/?utm_source=gmb&utm_medium=Yext&cp=9809991790&y_source=1_NjYyNzA1MzItNzE1LWxvY2F0aW9uLndlYnNpdGU%3D,(980) 999-1790,Huntersville,NC,false
Cornelius Pet Care LLC,,https://www.indoordogpark.org/parks/cornelius-pet-care-llc,http://corneliuspetcare.com/,(336) 422-8643,Huntersville,NC,false
PURRfect Paws,,https://www.indoordogpark.org/parks/purrfect-paws,https://www.purrfectpawsnc.com/,(704) 895-0750,Huntersville,NC,false
The Handsman Pet Company,,https://www.indoordogpark.org/parks/the-handsman-pet-company,https://handsmanpetco.com/,(828) 263-3611,Huntersville,NC,false
Main Street Pet Resort and Spa,,https://www.indoordogpark.org/parks/main-street-pet-resort-and-spa,https://www.mainstreetveterinary.com/pet-boarding.html,(704) 765-1115,Huntersville,NC,false
Woof Gang Bakery & Grooming Huntersville,,https://www.indoordogpark.org/parks/woof-gang-bakery-grooming-huntersville,https://www.woofgangbakery.com/huntersvillenc?utm_source=google&utm_medium=gmb,(704) 274-5493,Huntersville,NC,false
Grateful Pets Boarding & Grooming,,https://www.indoordogpark.org/parks/grateful-pets-boarding-grooming,http://www.gratefulpets.net/,(704) 778-1218,Huntersville,NC,false
Bark Busters Lake Norman,,https://www.indoordogpark.org/parks/bark-busters-lake-norman,https://www.barkbusters.com/dog-training/lakenorman?utm_source=GMBListing&utm_medium=WebsiteClicks&utm_campaign=2-04-012,(877) 500-2275,Huntersville,NC,false
Command Canine,,https://www.indoordogpark.org/parks/command-canine,http://commandcanine.dog/?utm_source=google&utm_medium=gbp,(704) 218-9530,Huntersville,NC,false
The Dog Wizard Lake Norman,,https://www.indoordogpark.org/parks/the-dog-wizard-lake-norman,https://thedogwizard.com/locations/us/nc/lake-norman/dog-training-48.html?utm_source=google&utm_medium=organic&utm_campaign=google+business+profile,(704) 324-8427,Huntersville,NC,false
Civilized K9,,https://www.indoordogpark.org/parks/civilized-k9,http://civilizedk9s.com/,(808) 639-0238,Huntersville,NC,false
Pure Energy Dog Training,,https://www.indoordogpark.org/parks/pure-energy-dog-training,http://www.pureenergydog.com/,(828) 761-7281,Huntersville,NC,false
"K9 Cabins & Dog Trails, Inc.",,https://www.indoordogpark.org/parks/k9-cabins-dog-trails-inc,http://www.k9cabins.com/?page_id-2,(704) 528-3517,Huntersville,NC,false
The Woof Den Dog Resort and Daycare,,https://www.indoordogpark.org/parks/the-woof-den-dog-resort-and-daycare,http://woofden.com/,(704) 483-3641,Huntersville,NC,false
Dog Supplies Warehouse,,https://www.indoordogpark.org/parks/dog-supplies-warehouse,https://dogsupplieswarehouse.com/,(704) 875-7800,Huntersville,NC,false
Club Pups Lake Norman,,https://www.indoordogpark.org/parks/club-pups-lake-norman,http://www.clubpupslakenorman.com/,(704) 677-7738,Huntersville,NC,false
Huntersville Athletic Park,,https://www.indoordogpark.org/parks/huntersville-athletic-park,https://www.visitlakenorman.org/listing/huntersville-athletic-park/507/,(704) 948-2811,Huntersville,NC,false
Pawfections,,https://www.indoordogpark.org/parks/pawfections,https://booking.moego.pet/ol/landing?name=Pawfectionsllc,(704) 657-5811,Huntersville,NC,false
North Mecklenburg Park,,https://www.indoordogpark.org/parks/north-mecklenburg-park,https://www.visitlakenorman.org/listing/north-mecklenburg-park/330/,(704) 766-2220,Huntersville,NC,false
Buckeye Cove Nature Preserve,,https://www.indoordogpark.org/parks/buckeye-cove-nature-preserve,https://www.mecknc.gov/ParkandRec/StewardshipServices/Pages/NPTextDetail.aspx#StephensRoad,,Huntersville,NC,false
McDowell Creek/Torrence Creek Greenways,,https://www.indoordogpark.org/parks/mcdowell-creektorrence-creek-greenways,https://www.carolinathreadtrailmap.org/trails/trail/torrence-creek-greenway,,Huntersville,NC,false
Torrence Creek Greenway,,https://www.indoordogpark.org/parks/torrence-creek-greenway,,,Huntersville,NC,false
Wilson Dog Park,,https://www.indoordogpark.org/parks/wilson-dog-park,https://www.wilsonnc.org/Home/Components/FacilityDirectory/FacilityDirectory/102/,(252) 399-7530,Wilson,NC,false
Gigi's Pet Sitting,,https://www.indoordogpark.org/parks/gigis-pet-sitting,http://gigispetsitting.godaddysites.com/,(252) 801-9907,Wilson,NC,false
Southern paws,,https://www.indoordogpark.org/parks/southern-paws,,(252) 292-8498,Wilson,NC,false
Brentwood Veterinary Center,,https://www.indoordogpark.org/parks/brentwood-veterinary-center,https://brentwoodvetcenter.com/,(252) 243-6252,Wilson,NC,false
D Tail's Pet Spa,,https://www.indoordogpark.org/parks/d-tails-pet-spa,,(252) 234-7297,Wilson,NC,false
R&V Kennels,,https://www.indoordogpark.org/parks/rv-kennels,http://randvkennels.com/,(919) 763-2946,Wilson,NC,false
Simply Balanced K9,,https://www.indoordogpark.org/parks/simply-balanced-k9,http://www.simplybalancedk9.com/?utm_source=google&utm_medium=wix_google_business_profile&utm_campaign=11774234656222170332,(252) 588-5606,Wilson,NC,false
WhirliDogs Café and Training Center,,https://www.indoordogpark.org/parks/whirlidogs-caf-and-training-center,https://www.whirlidogs.com/,(252) 595-5588,Wilson,NC,false
PetSmart Dog Training,,https://www.indoordogpark.org/parks/petsmart-dog-training,https://stores.petsmart.com/nc/wilson/wilson/dog-training?utm_source=google&utm_medium=organic&utm_campaign=google-my-business,(252) 399-0900,Wilson,NC,false
Wilson County Animal Enforcement,,https://www.indoordogpark.org/parks/wilson-county-animal-enforcement,https://www.wilsoncountync.gov/departments/office-of-the-sheriff/animal-services,(252) 265-5971,Wilson,NC,false
Lush Pups Pet Spa,,https://www.indoordogpark.org/parks/lush-pups-pet-spa,https://www.facebook.com/share/1Bw7LtnoEm/,(252) 640-2625,Wilson,NC,false
Points East Veterinary Specialty Hospital,,https://www.indoordogpark.org/parks/points-east-veterinary-specialty-hospital,https://pointseastvet.com/wilson-veterinary-specialty/?utm_source=gmb&utm_medium=organic,(252) 991-6560,Wilson,NC,false
PetSmart,,https://www.indoordogpark.org/parks/petsmart,https://www.petsmart.com/stores/us/nc/wilson-store1591.html?utm_source=google&utm_medium=organic&utm_campaign=google-my-business,(252) 399-0900,Wilson,NC,false
Vets Pets,,https://www.indoordogpark.org/parks/vets-pets,https://thevetspets.com/,(252) 237-1375,Wilson,NC,false
Pet Peeps Boarding,,https://www.indoordogpark.org/parks/pet-peeps-boarding,https://www.facebook.com/PetPeepsBoardingandTransportation,(704) 604-3984,Kannapolis,NC,false
Small Paws Boarding Cabins,,https://www.indoordogpark.org/parks/small-paws-boarding-cabins,,(980) 521-6115,Kannapolis,NC,false
Paws & Play NC LLC,,https://www.indoordogpark.org/parks/paws-play-nc-llc,https://pawsandplaync.com/,(704) 584-9142,Kannapolis,NC,false
StonePaw Dog Training,,https://www.indoordogpark.org/parks/stonepaw-dog-training,,(704) 628-1008,Kannapolis,NC,false
AweDogs Dog Training,,https://www.indoordogpark.org/parks/awedogs-dog-training,https://www.awedogstraining.com/?utm_campaign=gmb&utm_medium=gmb&utm_source=google,(980) 351-7527,Kannapolis,NC,false
Impawssible Pups,,https://www.indoordogpark.org/parks/impawssible-pups,http://www.impawssiblepups.com/,(704) 489-3574,Kannapolis,NC,false
Canine Designs,,https://www.indoordogpark.org/parks/canine-designs,https://caninedesigns.my.canva.site/,(704) 938-7387,Kannapolis,NC,false
Veterans Park,,https://www.indoordogpark.org/parks/veterans-park,https://www.kannapolisnc.gov/Government-Departments/Parks-Recreation/Parks,(704) 920-4343,Kannapolis,NC,false
Village Park,,https://www.indoordogpark.org/parks/village-park,https://www.kannapolisnc.gov/Government-Departments/Parks-Recreation/Parks,(704) 920-4343,Kannapolis,NC,false
Walter M Safrit Park,,https://www.indoordogpark.org/parks/walter-m-safrit-park,https://www.kannapolisnc.gov/Government-Departments/Parks-Recreation/Athletic-Fields,(704) 932-3760,Kannapolis,NC,false
Baker's Creek Park,,https://www.indoordogpark.org/parks/bakers-creek-park,https://www.kannapolisnc.gov/government-departments/parks-recreation/parks,(704) 938-8512,Kannapolis,NC,false
Lake Corriher,,https://www.indoordogpark.org/parks/lake-corriher,https://townoflandisnc.gov/departments/parks-recreation/lake-corriher-wilderness-park/,(704) 857-4114,Kannapolis,NC,false
Precious 9 Memorial Dog Park,,https://www.indoordogpark.org/parks/precious-9-memorial-dog-park,http://precious-dog-park.poi.place/,,Kannapolis,NC,false
Shaggy Shed,,https://www.indoordogpark.org/parks/shaggy-shed,https://www.shaggyshed.com/,(704) 932-6011,Kannapolis,NC,false
Village Park Splash Pad,,https://www.indoordogpark.org/parks/village-park-splash-pad,https://www.kannapolisnc.gov/Government-Departments/Parks-Recreation/Parks,(704) 920-4343,Kannapolis,NC,false
Sloan Park,,https://www.indoordogpark.org/parks/sloan-park,https://www.rowancountync.gov/469/Sloan-Park,(704) 637-7776,Kannapolis,NC,false
Kannapolis Parks and Recreation Department,,https://www.indoordogpark.org/parks/kannapolis-parks-and-recreation-department,https://www.kannapolisnc.gov/Government-Departments/Parks-Recreation,(704) 920-4343,Kannapolis,NC,false
Locust Dog Park,,https://www.indoordogpark.org/parks/locust-dog-park,https://locustnc.com/facilitiesmap/,(704) 888-5260,Kannapolis,NC,false
Dog Park at Love's Travel Stops,,https://www.indoordogpark.org/parks/dog-park-at-loves-travel-stops,https://www.loves.com/dogparks,(704) 630-6767,Kannapolis,NC,false
Happy Feet Planet,,https://www.indoordogpark.org/parks/happy-feet-planet,http://www.happyfeetplanet.com/?utm_source=omg-gbp&utm_medium=webclick,(919) 267-4384,Apex,NC,false
Apex Nature Park Dog Park,,https://www.indoordogpark.org/parks/apex-nature-park-dog-park,,,Apex,NC,false
Apex Nature Park,,https://www.indoordogpark.org/parks/apex-nature-park,http://www.apexnc.org/800/Nature-Park-Seymour-Athletic-Fields,(919) 249-3402,Apex,NC,false
Hunter Street Park,,https://www.indoordogpark.org/parks/hunter-street-park,https://www.apexnc.org/798/Hunter-Street-Park,(919) 249-3402,Apex,NC,false
Pleasant Park,,https://www.indoordogpark.org/parks/pleasant-park,https://www.apexnc.org/1163/Pleasant-Park,(919) 372-7503,Apex,NC,false
Apex Community Park (Lake Trail Entrance),,https://www.indoordogpark.org/parks/apex-community-park-lake-trail-entrance,https://www.apexnc.org/795/Apex-Community-Park,(919) 249-3402,Apex,NC,false
Camden Reunion Dog Park,,https://www.indoordogpark.org/parks/camden-reunion-dog-park,,,Apex,NC,false
The Biscuit Garden,,https://www.indoordogpark.org/parks/the-biscuit-garden,https://thebiscuitgarden.com/,(919) 355-2820,Apex,NC,false
Peak City Puppy,,https://www.indoordogpark.org/parks/peak-city-puppy,https://peakcitypuppy.com/?utm_source=gbp,(919) 367-7387,Apex,NC,false
Green Level Kennel,,https://www.indoordogpark.org/parks/green-level-kennel,http://www.greenlevelkennel.com/,(919) 362-7877,Apex,NC,false
Town and Country Animal Care Center,,https://www.indoordogpark.org/parks/town-and-country-animal-care-center,http://www.tcanimalcare.com/,(919) 387-7833,Apex,NC,false
K9 Custom Care LLC,,https://www.indoordogpark.org/parks/k9-custom-care-llc,,,Apex,NC,false
Edgewood Farm Kennel,,https://www.indoordogpark.org/parks/edgewood-farm-kennel,http://www.edgewoodfarmkennel.com/,(919) 303-9591,Apex,NC,false
My Furry Godmother Pet Sitting,,https://www.indoordogpark.org/parks/my-furry-godmother-pet-sitting,http://www.myfurrygodmotherpetsitting.com/,(919) 367-7387,Apex,NC,false
Happy Cats Retreat,,https://www.indoordogpark.org/parks/happy-cats-retreat,https://happycatsretreat.com/,(919) 815-0227,Apex,NC,false
Apex K9 Training NC,,https://www.indoordogpark.org/parks/apex-k9-training-nc,https://www.apexk9trainingnc.com/,(984) 733-3163,Apex,NC,false
Camp K9 Training,,https://www.indoordogpark.org/parks/camp-k9-training,https://www.campk9training.com/,(919) 519-4600,Apex,NC,false
Project Good Dog,,https://www.indoordogpark.org/parks/project-good-dog,http://www.projectgooddog.com/,(919) 704-5038,Apex,NC,false
Woof Gang Bakery & Grooming Apex,,https://www.indoordogpark.org/parks/woof-gang-bakery-grooming-apex,https://www.woofgangbakery.com/apex?utm_source=google&utm_medium=gmb,(919) 367-1333,Apex,NC,false
Apex Jaycee Park,,https://www.indoordogpark.org/parks/apex-jaycee-park,https://www.apexnc.org/797/Apex-Jaycee-Park,(919) 249-3400,Apex,NC,false
Fairbrook Optimist Dog Park,,https://www.indoordogpark.org/parks/fairbrook-optimist-dog-park,https://www.hickorync.gov/fairbrook-optimist-dog-park,(828) 322-7046,Hickory,NC,false
Redwood Dog Park,,https://www.indoordogpark.org/parks/redwood-dog-park,,,Hickory,NC,false
Blue Ridge Canine Academy,,https://www.indoordogpark.org/parks/blue-ridge-canine-academy,http://www.blueridgecanineacademy.com/,(828) 514-8675,Hickory,NC,false
St Stephens Park & Dog Park,,https://www.indoordogpark.org/parks/st-stephens-park-dog-park,https://www.catawbacountync.gov/departments/parks/st-stephens-park/,(828) 256-9157,Hickory,NC,false
Bruce Meisner Park,,https://www.indoordogpark.org/parks/bruce-meisner-park,https://www.hickorync.gov/bruce-meisner-park,(828) 322-7046,Hickory,NC,false
Hickory Optimist Park,,https://www.indoordogpark.org/parks/hickory-optimist-park,https://www.hickorync.gov/hickory-optimist-park,(828) 322-7046,Hickory,NC,false
Paw Tales Lodge & Spa,,https://www.indoordogpark.org/parks/paw-tales-lodge-spa,https://www.pawtales.com/,(828) 327-7711,Hickory,NC,false
The Bark Shack,,https://www.indoordogpark.org/parks/the-bark-shack,https://www.thebarkshacknc.com/,(828) 214-6857,Hickory,NC,false
Furever Pet,,https://www.indoordogpark.org/parks/furever-pet,http://www.fureverpetgrooming.com/,(828) 598-0458,Hickory,NC,false
Kanupp Kennels,,https://www.indoordogpark.org/parks/kanupp-kennels,https://www.kennelbooker.com/clientlogin.aspx?id=3a096740-cddd-4c34-adb0-25df8ce1fc93,(828) 635-4127,Hickory,NC,false
Club Canine,,https://www.indoordogpark.org/parks/club-canine,http://myclubcanine.com/?utm_source=gmb&utm_medium=Yext&cp=8288271782&y_source=1_MTU3OTA0NzctNzE1LWxvY2F0aW9uLndlYnNpdGU%3D,(828) 827-1782,Hickory,NC,false
Hideaway Kennels,,https://www.indoordogpark.org/parks/hideaway-kennels,http://www.hideawaykennelsnc.com/,(828) 396-8755,Hickory,NC,false
Canine Carolina,,https://www.indoordogpark.org/parks/canine-carolina,http://caninecarolinahickory.com/,(828) 598-0555,Hickory,NC,false
"All God's Creatures Great & Small Grooming, Boarding and Doggie Daycare",,https://www.indoordogpark.org/parks/all-gods-creatures-great-small-grooming-boarding-and-doggie-daycare,http://www.allgodscreaturesgreatnsmall.com/,(828) 572-4080,Hickory,NC,false
Hideaway's Suds & Suites,,https://www.indoordogpark.org/parks/hideaways-suds-suites,https://www.hksudssuites.com/,(828) 212-1176,Hickory,NC,false
PetHotels.com - Hickory Dog Boarding Cat & Dog Friendly Hotels,,https://www.indoordogpark.org/parks/pethotelscom-hickory-dog-boarding-cat-dog-friendly-hotels,,(828) 440-4135,Hickory,NC,false
Happy Dog Kennel,,https://www.indoordogpark.org/parks/happy-dog-kennel,,(828) 396-5258,Hickory,NC,false
"Carolina Police K9, LLC",,https://www.indoordogpark.org/parks/carolina-police-k9-llc,http://carolinapolicek9.com/,(828) 217-3955,Hickory,NC,false
School for Dog Trainers (Main Campus),,https://www.indoordogpark.org/parks/school-for-dog-trainers-main-campus,https://internationaldogtrainerschool.com/dog-trainer-school-main-campus-north-carolina/,(800) 726-7412,Hickory,NC,false
Mullhaus Kennels,,https://www.indoordogpark.org/parks/mullhaus-kennels,,(828) 396-5258,Hickory,NC,false
PetSmart Dog Training,,https://www.indoordogpark.org/parks/petsmart-dog-training,https://stores.petsmart.com/nc/hickory/hickory/dog-training?utm_source=google&utm_medium=organic&utm_campaign=google-my-business,(828) 322-1202,Hickory,NC,false
"Highland Canine Training, LLC",,https://www.indoordogpark.org/parks/highland-canine-training-llc,https://highlandcanine.com/,(866) 200-2207,Hickory,NC,false
Simanovich Protection Dog,,https://www.indoordogpark.org/parks/simanovich-protection-dog,https://www.protectiondog.com/,(828) 465-0760,Hickory,NC,false
Howl A Day Inn Resort,,https://www.indoordogpark.org/parks/howl-a-day-inn-resort,http://www.howladayinnresort.com/,(828) 428-4444,Hickory,NC,false
Canine Comfort LLC,,https://www.indoordogpark.org/parks/canine-comfort-llc,,(828) 404-8964,Hickory,NC,false
"2BK9, LLC",,https://www.indoordogpark.org/parks/2bk9-llc,http://www.2bk9training.com/,(704) 657-9129,Hickory,NC,false
Geitner Park,,https://www.indoordogpark.org/parks/geitner-park,https://www.hickorync.gov/rotary-geitner-park,(828) 323-7400,Hickory,NC,false
Civitan Park,,https://www.indoordogpark.org/parks/civitan-park,https://www.hickorync.gov/civitan-park,(828) 322-7046,Hickory,NC,false
Cliff Teague Park,,https://www.indoordogpark.org/parks/cliff-teague-park,https://www.hickorync.gov/cliff-teague-park,(828) 322-7046,Hickory,NC,false
Kiwanis Park,,https://www.indoordogpark.org/parks/kiwanis-park,https://www.hickorync.gov/kiwanis-park,(828) 322-7336,Hickory,NC,false
Humane Society of Catawba County,,https://www.indoordogpark.org/parks/humane-society-of-catawba-county,http://catawbahumane.org/,(828) 464-8878,Hickory,NC,false
Jaycee Park,,https://www.indoordogpark.org/parks/jaycee-park,https://www.hickorync.gov/jaycee-park,(828) 322-7046,Hickory,NC,false
Stoney Creek Dog Park,,https://www.indoordogpark.org/parks/stoney-creek-dog-park,,,Goldsboro,NC,false
Base Dog Park,,https://www.indoordogpark.org/parks/base-dog-park,,,Goldsboro,NC,false
Berkeley Park,,https://www.indoordogpark.org/parks/berkeley-park,http://www.goldsboroparksandrec.com/parks/berkeleypark/,(919) 739-7480,Goldsboro,NC,false
Goldsboro Pet Resort,,https://www.indoordogpark.org/parks/goldsboro-pet-resort,https://goldsborovethospital.com/boarding/,(919) 735-2271,Goldsboro,NC,false
Old Waynesborough Park,,https://www.indoordogpark.org/parks/old-waynesborough-park,https://www.oldwaynesborough.org/,(919) 731-1653,Goldsboro,NC,false
Stoney Creek Park,,https://www.indoordogpark.org/parks/stoney-creek-park,http://www.goldsboroparksandrec.com/parks/stoneycreekpark/,(919) 739-7480,Goldsboro,NC,false
Seymour Johnson Air Force Base Kiddie Hawk Playground,,https://www.indoordogpark.org/parks/seymour-johnson-air-force-base-kiddie-hawk-playground,,(919) 722-8684,Goldsboro,NC,false
Carolina Athletic Park,,https://www.indoordogpark.org/parks/carolina-athletic-park,https://carolinaathleticpark.com/#about,(919) 223-4775,Goldsboro,NC,false
Smithfield Dog Park,,https://www.indoordogpark.org/parks/smithfield-dog-park,,,Goldsboro,NC,false
Eli's Friends,,https://www.indoordogpark.org/parks/elis-friends,http://elisfriends.org/,(919) 288-2837,Goldsboro,NC,false
Two Paws Up,,https://www.indoordogpark.org/parks/two-paws-up,,(919) 242-9600,Goldsboro,NC,false
Pet Palace Boarding Grooming,,https://www.indoordogpark.org/parks/pet-palace-boarding-grooming,,,Goldsboro,NC,false
Bark and Bone Pet Services,,https://www.indoordogpark.org/parks/bark-and-bone-pet-services,http://barkandbonenc.com/,(910) 994-5618,Goldsboro,NC,false
Cuts 4 Muttz,,https://www.indoordogpark.org/parks/cuts-4-muttz,,(919) 759-4001,Goldsboro,NC,false
Ric-Den Kennels LLC,,https://www.indoordogpark.org/parks/ric-den-kennels-llc,https://ricdenkennels.com/,(919) 349-6871,Goldsboro,NC,false
Jeric's Kennels,,https://www.indoordogpark.org/parks/jerics-kennels,https://jericskennels.com/,(919) 778-6641,Goldsboro,NC,false
Huck's Place Boarding,,https://www.indoordogpark.org/parks/hucks-place-boarding,,(910) 385-7368,Goldsboro,NC,false
A New Life Dog Training,,https://www.indoordogpark.org/parks/a-new-life-dog-training,,(919) 223-3634,Goldsboro,NC,false
Carolina Air Dogs / Dogworx,,https://www.indoordogpark.org/parks/carolina-air-dogs-dogworx,,(919) 778-3565,Goldsboro,NC,false
Briarwoods GunDogs,,https://www.indoordogpark.org/parks/briarwoods-gundogs,http://briarwoodsgundogs.com/,(919) 920-7040,Goldsboro,NC,false
PetSmart Dog Training,,https://www.indoordogpark.org/parks/petsmart-dog-training,https://stores.petsmart.com/nc/goldsboro/goldsboro/dog-training?utm_source=google&utm_medium=organic&utm_campaign=google-my-business,(919) 288-3332,Goldsboro,NC,false
Eastwaye Veterinary Clinic,,https://www.indoordogpark.org/parks/eastwaye-veterinary-clinic,https://eastwayevet.com/,(919) 778-3056,Goldsboro,NC,false
Canine Connection,,https://www.indoordogpark.org/parks/canine-connection,,(919) 901-8313,Goldsboro,NC,false
Wayne County Animal Services,,https://www.indoordogpark.org/parks/wayne-county-animal-services,http://www.waynegov.com/,(919) 731-1439,Goldsboro,NC,false
Herman Park,,https://www.indoordogpark.org/parks/herman-park,http://www.goldsboroparksandrec.com/parks/hermanpark/,(919) 739-7480,Goldsboro,NC,false
Peacock Park,,https://www.indoordogpark.org/parks/peacock-park,http://www.goldsboroparksandrec.com/parks/peacockpark/,(919) 739-7480,Goldsboro,NC,false
Herman Park Center,,https://www.indoordogpark.org/parks/herman-park-center,http://goldsboroparksandrec.com/,(919) 739-7480,Goldsboro,NC,false
Fairview Park,,https://www.indoordogpark.org/parks/fairview-park,http://www.goldsboroparksandrec.com/parks/fairviewpark/,(919) 739-7480,Goldsboro,NC,false
Pet Supplies Plus Goldsboro,,https://www.indoordogpark.org/parks/pet-supplies-plus-goldsboro,https://www.petsuppliesplus.com/store/nc/goldsboro/8018-goldsboro/8018,(919) 751-2595,Goldsboro,NC,false
PetSmart,,https://www.indoordogpark.org/parks/petsmart,https://www.petsmart.com/stores/us/nc/goldsboro-store2469.html?utm_source=google&utm_medium=organic&utm_campaign=google-my-business,(919) 288-3332,Goldsboro,NC,false
Tractor Supply Co.,,https://www.indoordogpark.org/parks/tractor-supply-co,https://www.tractorsupply.com/tsc/store_Goldsboro-NC-27530_481?utm_source=localgmblisting&utm_medium=organic,(919) 580-7030,Goldsboro,NC,false
Wells Fargo walking park,,https://www.indoordogpark.org/parks/wells-fargo-walking-park,,,Goldsboro,NC,false
Mina Weil Park,,https://www.indoordogpark.org/parks/mina-weil-park,http://www.goldsboroparksandrec.com/parks/minaweilpark/,(919) 736-0709,Goldsboro,NC,false
Reedy Branch Trail,,https://www.indoordogpark.org/parks/reedy-branch-trail,,,Goldsboro,NC,false
Crooked Creek Park,,https://www.indoordogpark.org/parks/crooked-creek-park,http://itsparksandrec.com/551/Parks-Recreation,(704) 821-8114,Indian Trail,NC,false
Unleashed Pet Resort,,https://www.indoordogpark.org/parks/unleashed-pet-resort,http://unleashedpetresort.com/,,Indian Trail,NC,false
Zoom Room Dog Training,,https://www.indoordogpark.org/parks/zoom-room-dog-training,https://zoomroom.com/location/indian-trail/,(980) 250-5165,Indian Trail,NC,false
PetSuites Indian Trail,,https://www.indoordogpark.org/parks/petsuites-indian-trail,http://indiantrail.petsuitesofamerica.com/?utm_source=gmb&utm_medium=organic&y_source=1_MzAxMzI0MDQtNzE1LWxvY2F0aW9uLndlYnNpdGU%3D,(980) 231-0192,Indian Trail,NC,false
Zooming to Zen LLC,,https://www.indoordogpark.org/parks/zooming-to-zen-llc,https://zoomingtozen.com/,(704) 234-8471,Indian Trail,NC,false
Hounds Town Indian Trail,,https://www.indoordogpark.org/parks/hounds-town-indian-trail,https://houndstownusa.com/locations/indian-trail/?utm_source=google&utm_medium=map&utm_id=indian-trail-nc,(704) 774-1164,Monroe,NC,false
Big Red's Bed & Biscuit,,https://www.indoordogpark.org/parks/big-reds-bed-biscuit,http://www.bigredsbb.com/,(704) 882-3333,Indian Trail,NC,false
Pet Paradise Matthews,,https://www.indoordogpark.org/parks/pet-paradise-matthews,https://www.petparadise.com/matthews.htm,(704) 246-4206,Matthews,NC,false
Southern Paws Stay & Play,,https://www.indoordogpark.org/parks/southern-paws-stay-play,http://www.southernpawskennel.com/,(704) 291-9999,Monroe,NC,false
Buddy’s Bed and Biscuit,,https://www.indoordogpark.org/parks/buddys-bed-and-biscuit,https://www.facebook.com/BuddysBedandBiscuit/,(704) 977-5197,Stallings,NC,false
Paws on Potter,,https://www.indoordogpark.org/parks/paws-on-potter,http://www.pawsonpotter.com/,(704) 843-4714,Monroe,NC,false
"Fido's Retreat, LLC",,https://www.indoordogpark.org/parks/fidos-retreat-llc,http://www.fidos-retreat.com/,(704) 258-1099,Monroe,NC,false
Indian Trail Dog Training LLC,,https://www.indoordogpark.org/parks/indian-trail-dog-training-llc,http://www.indiantraildogtraining.com/,(980) 269-4517,Indian Trail,NC,false
K-9 Responder Academy,,https://www.indoordogpark.org/parks/k-9-responder-academy,https://www.k9responderacademy.com/,(603) 973-9995,Indian Trail,NC,false
Sally Said So Professional Dog Training,,https://www.indoordogpark.org/parks/sally-said-so-professional-dog-training,https://sallysaidso.com/dog-training-charlotte-nc/,(704) 286-1135,Charlotte,NC,false
Monroe Dog Trainer,,https://www.indoordogpark.org/parks/monroe-dog-trainer,http://monroedogtrainer.net/,(704) 368-4491,Monroe,NC,false
Goldgrove Pet Resort,,https://www.indoordogpark.org/parks/goldgrove-pet-resort,http://www.goldgrovepetresort.com/,(704) 764-8783,Monroe,NC,false
Vet-REC: Veterinary Rehabilitation & Exercise Clinic of the Carolinas,,https://www.indoordogpark.org/parks/vet-rec-veterinary-rehabilitation-exercise-clinic-of-the-carolinas,http://www.carolinavetrec.com/,(704) 821-7161,Indian Trail,NC,false
Crossing Paths Park,,https://www.indoordogpark.org/parks/crossing-paths-park,https://www.indiantrail.org/262/Crossing-Paths-Park,(704) 821-8114,Indian Trail,NC,false
petbar Boutique - Indian Trail,,https://www.indoordogpark.org/parks/petbar-boutique-indian-trail,https://www.petbarinc.com/locations/indian-trail/?utm_source=gbp&utm_medium=organic&utm_campaign=gbp,(704) 635-7509,Indian Trail,NC,false
Chestnut Square Park,,https://www.indoordogpark.org/parks/chestnut-square-park,http://www.indiantrail.org/Facilities/Facility/Details/Chestnut-Square-Park-1,(704) 821-8114,Indian Trail,NC,false
Cloudy Kennels,,https://www.indoordogpark.org/parks/cloudy-kennels,,(704) 221-8639,Indian Trail,NC,false
Carolina Pet Pantry,,https://www.indoordogpark.org/parks/carolina-pet-pantry,http://www.carolinapetpantry.com/,(704) 882-1525,Indian Trail,NC,false
Indian Trail Parks & Recreation,,https://www.indoordogpark.org/parks/indian-trail-parks-recreation,http://itsparksandrec.com/551/Parks-Recreation,(704) 821-8114,Indian Trail,NC,false
Fred Kirby Park,,https://www.indoordogpark.org/parks/fred-kirby-park,https://www.unioncountync.gov/government/departments-f-p/parks-recreation,(704) 283-3885,Indian Trail,NC,false
Purser-Hulsey Park - Dog Park Entrance,,https://www.indoordogpark.org/parks/purser-hulsey-park-dog-park-entrance,https://www.matthewsnc.gov/facilityview.aspx?fid=54&id=20729&catid=567,(704) 708-1288,Matthews,NC,false
Dogwood Park at Wesley Chapel,,https://www.indoordogpark.org/parks/dogwood-park-at-wesley-chapel,https://www.wesleychapelnc.com/parks-recreation/page/dogwood-park,(704) 839-0182,Waxhaw,NC,false
Playland Indoor Playground & Café,,https://www.indoordogpark.org/parks/playland-indoor-playground-caf,https://playlandmooresville.com/,(704) 360-4037,Mooresville,NC,false
Warm Paws,,https://www.indoordogpark.org/parks/warm-paws,https://warmpawsllc.com/?utm_source=google&utm_medium=wix_google_business_profile&utm_campaign=4314048052207281958,(724) 513-0803,Mooresville,NC,false
Legacy Dog Park,,https://www.indoordogpark.org/parks/legacy-dog-park,,,Mooresville,NC,false
Academy Street Park,,https://www.indoordogpark.org/parks/academy-street-park,https://mooresvillenc.gov/government/departments/parks___recreation/parks/academy_park.php,(704) 663-3800,Mooresville,NC,false
Pet Paradise Mooresville,,https://www.indoordogpark.org/parks/pet-paradise-mooresville,https://www.petparadise.com/mooresville.htm,(704) 360-3852,Mooresville,NC,false
Barks & Rec Boarding,,https://www.indoordogpark.org/parks/barks-rec-boarding,http://www.barksandrecboarding.com/,(704) 662-3477,Mooresville,NC,false
Cornelius Road Park,,https://www.indoordogpark.org/parks/cornelius-road-park,https://www.mooresvillenc.gov/government/departments/parks___recreation/parks/cornelius_road_park.php,(704) 663-7026,Mooresville,NC,false
Pampered Pets Inn,,https://www.indoordogpark.org/parks/pampered-pets-inn,https://www.pamperedpetsinn.com/?utm_source=googlemb&utm_medium=organic&utm_campaign=weblink&utm_content=home,(704) 663-3733,Mooresville,NC,false
Classy Critters Pet Resort & Spa LLC,,https://www.indoordogpark.org/parks/classy-critters-pet-resort-spa-llc,http://www.classycrittersnc.com/,(704) 663-0055,Mooresville,NC,false
"Lakeside Pet Sitting, LLC",,https://www.indoordogpark.org/parks/lakeside-pet-sitting-llc,http://www.lakesidepetsitting.com/,(704) 608-7404,Mooresville,NC,false
Di Dió Integrity Kennels,,https://www.indoordogpark.org/parks/di-di-integrity-kennels,https://didiointegritykennels.com/,(704) 663-0472,Mooresville,NC,false
"Lakeside Paws, LLC",,https://www.indoordogpark.org/parks/lakeside-paws-llc,,,Mooresville,NC,false
The Dog Pros,,https://www.indoordogpark.org/parks/the-dog-pros,http://thedogpros.com/,(704) 895-5440,Mooresville,NC,false
Elevation K9,,https://www.indoordogpark.org/parks/elevation-k9,http://elevationk9training.com/,(704) 309-6561,Mooresville,NC,false
Dog Training at Pampered Pets Inn,,https://www.indoordogpark.org/parks/dog-training-at-pampered-pets-inn,https://www.pamperedpetsinn.com/dog-training/,(704) 663-3733,Mooresville,NC,false
Bellingham Park,,https://www.indoordogpark.org/parks/bellingham-park,https://www.mooresvillenc.gov/government/departments/parks___recreation/parks/bellingham_park.php,(704) 663-7026,Mooresville,NC,false
Liberty Park,,https://www.indoordogpark.org/parks/liberty-park,https://www.mooresvillenc.gov/government/departments/parks___recreation/parks/liberty_park.php,(704) 663-7026,Mooresville,NC,false
Stumpy Creek Park,,https://www.indoordogpark.org/parks/stumpy-creek-park,https://www.co.iredell.nc.us/Facilities/Facility/Details/Stumpy-Creek-Park-2,(704) 878-3103,Mooresville,NC,false
Lake Norman Humane,,https://www.indoordogpark.org/parks/lake-norman-humane,http://www.lakenormanhumane.org/,(704) 663-3330,Mooresville,NC,false
Troutman ESC Park,,https://www.indoordogpark.org/parks/troutman-esc-park,https://www.troutmannc.gov/parksandrec,(704) 528-7600,Mooresville,NC,false
Pets R Home,,https://www.indoordogpark.org/parks/pets-r-home,http://petsrhome2.com/,(704) 895-3132,Mooresville,NC,false
Tilley Animal Village,,https://www.indoordogpark.org/parks/tilley-animal-village,,(704) 402-5094,Mooresville,NC,false
Hope Park,,https://www.indoordogpark.org/parks/hope-park,https://www.mooresvillenc.gov/government/departments/parks___recreation/parks/hope_park.php,(704) 663-3800,Mooresville,NC,false
Nesbit Park,,https://www.indoordogpark.org/parks/nesbit-park,,,Mooresville,NC,false
FearLess Adventure Park,,https://www.indoordogpark.org/parks/fearless-adventure-park,https://fearlessadventurepark.com/,(980) 435-5000,Mooresville,NC,false
Rescue Squad Park,,https://www.indoordogpark.org/parks/rescue-squad-park,,(704) 405-7905,Mooresville,NC,false
Sugg Farm Dog Park,,https://www.indoordogpark.org/parks/sugg-farm-dog-park,,,Holly Springs,NC,false
Sugg Farm at Bass Lake Park,,https://www.indoordogpark.org/parks/sugg-farm-at-bass-lake-park,https://m.facebook.com/431047373669682/,(919) 557-2496,Holly Springs,NC,false
Veterans Park,,https://www.indoordogpark.org/parks/veterans-park,https://www.hollyspringsnc.gov/336/Veterans-Park,(919) 557-3930,Holly Springs,NC,false
Fuquay-Varina Dog Park,,https://www.indoordogpark.org/parks/fuquay-varina-dog-park,https://www.fuquay-varina.org/Facilities/Facility/Details/FuquayVarina-Downtown-Dog-Park-13,(919) 552-1430,Holly Springs,NC,false
Bethpage dog park,,https://www.indoordogpark.org/parks/bethpage-dog-park,,,Holly Springs,NC,false
My Furry Godmother Pet Sitting,,https://www.indoordogpark.org/parks/my-furry-godmother-pet-sitting,http://www.myfurrygodmotherpetsitting.com/,(919) 367-7387,Holly Springs,NC,false
All Animal Pet Care,,https://www.indoordogpark.org/parks/all-animal-pet-care,http://www.allanimalpetcare.com/,(919) 616-1369,Holly Springs,NC,false
Pooch Pad,,https://www.indoordogpark.org/parks/pooch-pad,http://www.poochpadnc.com/,(919) 552-9153,Holly Springs,NC,false
Sunset Kennel,,https://www.indoordogpark.org/parks/sunset-kennel,,(919) 552-2994,Holly Springs,NC,false
Woof Gang Bakery & Grooming Holly Springs,,https://www.indoordogpark.org/parks/woof-gang-bakery-grooming-holly-springs,http://woofgangbakery.com/hollyspringsnc,(919) 586-8677,Holly Springs,NC,false
Holly Springs dog training,,https://www.indoordogpark.org/parks/holly-springs-dog-training,http://www.bestpawonline.com/,(919) 557-2853,Holly Springs,NC,false
KATA*K9 BEST DOG TRAINER CONTEST WINNER 2023,,https://www.indoordogpark.org/parks/katak9-best-dog-trainer-contest-winner-2023,https://www.kata-k9.com/,(919) 501-1198,Holly Springs,NC,false
My Furry Godmother Pet Sitting,,https://www.indoordogpark.org/parks/my-furry-godmother-pet-sitting,http://www.myfurrygodmotherpetsitting.com/,(919) 367-7387,Holly Springs,NC,false
Dog Trotters LLC,,https://www.indoordogpark.org/parks/dog-trotters-llc,http://dogtrottersllc.com/,(919) 267-0306,Holly Springs,NC,false
Womble Park Athletic Fields,,https://www.indoordogpark.org/parks/womble-park-athletic-fields,https://www.hollyspringsnc.gov/332/Womble-Park,(919) 557-9600,Holly Springs,NC,false
Ting Park,,https://www.indoordogpark.org/parks/ting-park,https://www.hollyspringsnc.gov/607,(919) 746-8300,Holly Springs,NC,false
Bass Lake Park,,https://www.indoordogpark.org/parks/bass-lake-park,https://www.hollyspringsnc.gov/320,(919) 567-4028,Holly Springs,NC,false
Parrish Womble Park,,https://www.indoordogpark.org/parks/parrish-womble-park,https://www.hollyspringsnc.gov/332,(919) 557-9600,Holly Springs,NC,false
Hot Dogs Grooming & Day Spa,,https://www.indoordogpark.org/parks/hot-dogs-grooming-day-spa,http://www.hotdogsgroominganddayspa.com/,(919) 762-0901,Holly Springs,NC,false
Carolina Pet Angels,,https://www.indoordogpark.org/parks/carolina-pet-angels,http://www.carolinapetangels.com/,(919) 621-4886,Holly Springs,NC,false
Jones Park,,https://www.indoordogpark.org/parks/jones-park,https://www.hollyspringsnc.gov/328/Jones-Park,(919) 557-9600,Holly Springs,NC,false
Crowder County Park,,https://www.indoordogpark.org/parks/crowder-county-park,http://www.wakegov.com/parks/crowder/Pages/default.aspx,(919) 662-2850,Holly Springs,NC,false
Playland Indoor Playground + Café,,https://www.indoordogpark.org/parks/playland-indoor-playground-caf,http://playlandnc.com/,(704) 776-9314,Monroe,NC,false
Eisland's Indoor Playground,,https://www.indoordogpark.org/parks/eislands-indoor-playground,https://eislandsindoorplayround.com/,(980) 398-1238,Monroe,NC,false
Bougie Pup Salon & Daycare,,https://www.indoordogpark.org/parks/bougie-pup-salon-daycare,https://www.bougiepupsalon.com/,(704) 313-6700,Monroe,NC,false
The Dog College,,https://www.indoordogpark.org/parks/the-dog-college,https://www.thedogcollege.com/contact,(704) 207-1171,Monroe,NC,false
Wagner K9 School,,https://www.indoordogpark.org/parks/wagner-k9-school,http://wagnerk9school.com/,(704) 233-5738,Monroe,NC,false
Limitless Freedom Dog Training,,https://www.indoordogpark.org/parks/limitless-freedom-dog-training,http://www.limitlessfreedomdogs.com/,(704) 707-5092,Monroe,NC,false
Doggie Depot,,https://www.indoordogpark.org/parks/doggie-depot,http://doggiedepot.myonlineappointment.com/,(704) 289-7600,Monroe,NC,false
Oakridge Kennels,,https://www.indoordogpark.org/parks/oakridge-kennels,http://www.oakridge-kennels.com/,(704) 289-5828,Monroe,NC,false
Sunset Park Playground,,https://www.indoordogpark.org/parks/sunset-park-playground,https://monroenc.org/Facilities/Facility/Details/Sunset-Park-10,(704) 282-4548,Monroe,NC,false
Belk-Tonawanda Park,,https://www.indoordogpark.org/parks/belk-tonawanda-park,https://monroenc.org/Facilities/Facility/Details/Belk-Tonawanda-Park-6,(704) 282-4548,Monroe,NC,false
Southern Country K-9 Ranch,,https://www.indoordogpark.org/parks/southern-country-k-9-ranch,http://www.k-9ranch.com/,(704) 385-8442,Monroe,NC,false
McAlpine Creek Park,,https://www.indoordogpark.org/parks/mcalpine-creek-park,https://www.charlottesgotalot.com/things-to-do/outdoors-adventure/mcalpine-creek-park,(704) 552-8213,Monroe,NC,false
Monroe Parks & Recreation,,https://www.indoordogpark.org/parks/monroe-parks-recreation,https://monroenc.org/427/Parks-Recreation,(704) 282-4651,Monroe,NC,false
Captain's Retreat at Bear Creek,,https://www.indoordogpark.org/parks/captains-retreat-at-bear-creek,https://www.sniffspot.com/to/swtzt,(336) 575-5506,Monroe,NC,false
Fairview Park,,https://www.indoordogpark.org/parks/fairview-park,,,Monroe,NC,false
Historic Downtown Monroe Gateway Park,,https://www.indoordogpark.org/parks/historic-downtown-monroe-gateway-park,,(704) 282-4653,Monroe,NC,false
Dickerson Park,,https://www.indoordogpark.org/parks/dickerson-park,http://www.monroenc.org/,(704) 282-4651,Monroe,NC,false
Bearskin Creek DGC,,https://www.indoordogpark.org/parks/bearskin-creek-dgc,,,Monroe,NC,false
Reedy Creek Park,,https://www.indoordogpark.org/parks/reedy-creek-park,https://parkandrec.mecknc.gov/Places-to-Visit/Nature/reedy-creek-nature-center,(980) 314-1119,Monroe,NC,false
William R. Davie Park,,https://www.indoordogpark.org/parks/william-r-davie-park,https://parkandrec.mecknc.gov/Places-to-Visit/Parks,(980) 314-1003,Monroe,NC,false
The Fun Factory,,https://www.indoordogpark.org/parks/the-fun-factory,http://thefunfactorydowntown.com/,(980) 565-5494,Salisbury,NC,false
Animal House,,https://www.indoordogpark.org/parks/animal-house,https://free-5186659.webadorsite.com/,(704) 216-1260,Salisbury,NC,false
Pitner Dog Park,,https://www.indoordogpark.org/parks/pitner-dog-park,https://salisburync.gov/Government/Parks-and-Recreation/Parks/Dog-Park,(704) 458-4677,Salisbury,NC,false
The Happy Dog Barn,,https://www.indoordogpark.org/parks/the-happy-dog-barn,,(704) 213-3468,Salisbury,NC,false
Shelter to Service - Doggie Holiday,,https://www.indoordogpark.org/parks/shelter-to-service-doggie-holiday,,(704) 213-7270,Salisbury,NC,false
Ellis Park,,https://www.indoordogpark.org/parks/ellis-park,https://www.rowancountync.gov/460/Ellis-Park,(704) 216-7783,Salisbury,NC,false
Home Run Pet Care / LUV UR PET BOARDING,,https://www.indoordogpark.org/parks/home-run-pet-care-luv-ur-pet-boarding,https://www.facebook.com/people/Home-Run-Pet-Care-LLC/100090404065189/,(980) 250-1421,Salisbury,NC,false
Salisbury City Park,,https://www.indoordogpark.org/parks/salisbury-city-park,http://salisburync.gov/Government/Parks-and-Recreation/Parks/City-Park,(704) 638-5295,Salisbury,NC,false
Camp Furry Friends,,https://www.indoordogpark.org/parks/camp-furry-friends,https://campfurryfriends.com/,(704) 312-0288,Salisbury,NC,false
Loving Pup Resort,,https://www.indoordogpark.org/parks/loving-pup-resort,http://lovingpupresort.com/,(704) 754-4373,Salisbury,NC,false
"Understanding Your Dog, LLC",,https://www.indoordogpark.org/parks/understanding-your-dog-llc,http://theresadognc.com/,(704) 754-2536,Salisbury,NC,false
Lucky Puppy Kennel,,https://www.indoordogpark.org/parks/lucky-puppy-kennel,http://luckypuppykennel.weebly.com/,(704) 618-7747,Salisbury,NC,false
Jessicas Pups,,https://www.indoordogpark.org/parks/jessicas-pups,https://jessicaspups.com/contact-us/,(704) 441-5009,Salisbury,NC,false
Cedar Creek Kennel,,https://www.indoordogpark.org/parks/cedar-creek-kennel,http://cedarcreekkennel.com/,(336) 940-2552,Salisbury,NC,false
Train Play Live,,https://www.indoordogpark.org/parks/train-play-live,http://trainplaylive.com/,(704) 870-7409,Salisbury,NC,false
S&S Outdoors,,https://www.indoordogpark.org/parks/ss-outdoors,https://ss-outdoors.com/,(704) 577-2511,Salisbury,NC,false
Doggy Dude Ranch,,https://www.indoordogpark.org/parks/doggy-dude-ranch,http://doggyduderanchnc.com/,(704) 775-4126,Salisbury,NC,false
Life-Line K-9,,https://www.indoordogpark.org/parks/life-line-k-9,https://www.facebook.com/profile.php?id=100086199976193,(704) 701-9894,Salisbury,NC,false
SkyMark Kennels,,https://www.indoordogpark.org/parks/skymark-kennels,http://www.skymarkkennels.com/home,(704) 528-8477,Salisbury,NC,false
Cannon Park,,https://www.indoordogpark.org/parks/cannon-park,https://salisburync.gov/Government/Parks-and-Recreation/Parks/Cannon-Park,(704) 638-5270,Salisbury,NC,false
Hurley Park,,https://www.indoordogpark.org/parks/hurley-park,http://salisburync.gov/Government/Parks-and-Recreation/Parks/Hurley-Park,(704) 638-5298,Salisbury,NC,false
Kelsey Scott Park,,https://www.indoordogpark.org/parks/kelsey-scott-park,http://www.salisburync.gov/pkrec/Parks_Facilities/Parks.htm,(704) 638-5291,Salisbury,NC,false
Rowan County Animal Shelter,,https://www.indoordogpark.org/parks/rowan-county-animal-shelter,https://www.rowancountync.gov/AnimalShelter,(704) 216-7768,Salisbury,NC,false
OO Rufty Climate Controlled Mini Storage,,https://www.indoordogpark.org/parks/oo-rufty-climate-controlled-mini-storage,http://www.ooruftyclimatecontrolledstorage.com/,(704) 990-8955,Salisbury,NC,false
Dog Park,,https://www.indoordogpark.org/parks/dog-park,https://www.daviecountync.gov/1010/Dog-Parks,,Salisbury,NC,false
Faithful Friends,,https://www.indoordogpark.org/parks/faithful-friends,http://faithfulfriendsnc.org/,(704) 633-1722,Salisbury,NC,false
Foil Tatum Park,,https://www.indoordogpark.org/parks/foil-tatum-park,http://www.salisburync.gov/Department's%20to%20the/ParksandRecreation/Pages/Parks.aspx,(704) 638-5300,Salisbury,NC,false
Morlan Park,,https://www.indoordogpark.org/parks/morlan-park,http://www.salisburync.gov/pkrec,(704) 216-7529,Salisbury,NC,false
Salisbury Community Park,,https://www.indoordogpark.org/parks/salisbury-community-park,http://salisburync.gov/,(704) 633-7984,Salisbury,NC,false
Yadkin River Park - Spencer Trailhead,,https://www.indoordogpark.org/parks/yadkin-river-park-spencer-trailhead,https://spencernc.gov/community/parks-and-recreation/,,Salisbury,NC,false
Eagle Point Nature Preserve,,https://www.indoordogpark.org/parks/eagle-point-nature-preserve,https://www.rowancountync.gov/457/Eagle-Point-Nature-Preserve,(704) 216-7800,Salisbury,NC,false
J.B. Flaherty Park,,https://www.indoordogpark.org/parks/jb-flaherty-park,https://www.wakeforestnc.gov/parks-recreation-cultural-resources/parks-facilities/jb-flaherty-park,(919) 554-6726,Wake Forest,NC,false
Flaherty Park Community Center,,https://www.indoordogpark.org/parks/flaherty-park-community-center,http://wakeforestnc.gov/,(919) 554-6726,Wake Forest,NC,false
Hounds Town Wake Forest,,https://www.indoordogpark.org/parks/hounds-town-wake-forest,https://houndstownusa.com/locations/wake-forest/?utm_source=google&utm_medium=map&utm_id=wake-forest-nc,(984) 237-3757,Wake Forest,NC,false
Paws At Play Youngsville,,https://www.indoordogpark.org/parks/paws-at-play-youngsville,http://www.pawsatplay.com/,(919) 556-8383,Wake Forest,NC,false
Cobble Hill Bed & Biscuit Inc,,https://www.indoordogpark.org/parks/cobble-hill-bed-biscuit-inc,http://www.cobblehillbedandbiscuit.com/,(919) 556-1177,Wake Forest,NC,false
Audrey's Barkyard,,https://www.indoordogpark.org/parks/audreys-barkyard,http://audreysbarkyard.com/,(919) 435-8491,Wake Forest,NC,false
Camp Bow Wow Wake Forest,,https://www.indoordogpark.org/parks/camp-bow-wow-wake-forest,https://www.campbowwow.com/wake-forest/,(984) 266-2392,Wake Forest,NC,false
Buzzy's Bark-N-Run Dog Camp,,https://www.indoordogpark.org/parks/buzzys-bark-n-run-dog-camp,http://www.buzzysbarknrun.com/,(919) 621-1068,Wake Forest,NC,false
Peak City Puppy - Wake Forest,,https://www.indoordogpark.org/parks/peak-city-puppy-wake-forest,https://peakcitypuppy.com/dog-walking-pet-sitting-wake-forest/?utm_source=google&utm_medium=gbp,(919) 367-7387,Wake Forest,NC,false
Complete Pet Care Animal Hospital at Heritage,,https://www.indoordogpark.org/parks/complete-pet-care-animal-hospital-at-heritage,https://www.completepetcareanimalhospital.com/?utm_source=rsd&utm_medium=gmb&utm_campaign=brandawareness&utm_content=,(919) 263-9778,Wake Forest,NC,false
Can Ur Dog Do This?,,https://www.indoordogpark.org/parks/can-ur-dog-do-this,https://canurdogdothis.com/,(919) 364-9328,Wake Forest,NC,false
Best By Farr Dog Training,,https://www.indoordogpark.org/parks/best-by-farr-dog-training,http://bestbyfarrdogtraining.com/,(919) 480-1449,Wake Forest,NC,false
Dynamic Dogs of NC,,https://www.indoordogpark.org/parks/dynamic-dogs-of-nc,http://dynamicdogsnc.com/,(919) 524-8983,Wake Forest,NC,false
Zoom Room Dog Training,,https://www.indoordogpark.org/parks/zoom-room-dog-training,https://zoomroom.com/location/wake-forest/,(919) 426-2549,Wake Forest,NC,false
Next-Door K9 Solutions of Raleigh-Sanford,,https://www.indoordogpark.org/parks/next-door-k9-solutions-of-raleigh-sanford,https://nextdoork9solutions.com/home/find-a-trainer/raleigh-dog-training/,(919) 887-0500,Wake Forest,NC,false
Dirty Dogs Spa,,https://www.indoordogpark.org/parks/dirty-dogs-spa,http://www.dirtydogsspa.com/,(919) 453-0765,Wake Forest,NC,false
Tyler Run Park,,https://www.indoordogpark.org/parks/tyler-run-park,https://www.wakeforestnc.gov/parks-recreation-cultural-resources/parks-facilities/tyler-run-park,(919) 435-9560,Wake Forest,NC,false
Wake Forest Sprayground,,https://www.indoordogpark.org/parks/wake-forest-sprayground,https://www.wakeforestnc.gov/parks-recreation-cultural-resources/parks-facilities/taylor-street-park/taylor-street-park,(919) 435-9562,Wake Forest,NC,false
Fantasy Lake Adventure Park,,https://www.indoordogpark.org/parks/fantasy-lake-adventure-park,http://www.gofantasylake.com/,,Wake Forest,NC,false
Forest Ridge Park,,https://www.indoordogpark.org/parks/forest-ridge-park,https://www.raleighnc.gov/parks/content/ParksRec/Articles/Parks/ForestRidge.html,(919) 996-5800,Wake Forest,NC,false
Joyner Park Community Center,,https://www.indoordogpark.org/parks/joyner-park-community-center,https://www.wakeforestnc.gov/parks-recreation-cultural-resources/parks-facilities/e-carroll-joyner-park/joyner-park-community,(919) 435-9560,Wake Forest,NC,false
Ailey Young Park,,https://www.indoordogpark.org/parks/ailey-young-park,https://www.wakeforestnc.gov/ailey-young-park,(919) 435-9560,Wake Forest,NC,false
WoofPack Pet Care LLC,,https://www.indoordogpark.org/parks/woofpack-pet-care-llc,https://woofpackpetcare.com/,(919) 599-2820,Fuquay-Varina,NC,false
"Paws of Serenity NC, LLC",,https://www.indoordogpark.org/parks/paws-of-serenity-nc-llc,http://www.pawsofserenitync.com/,(919) 501-5048,Fuquay-Varina,NC,false
Sandy Ridge Boarding Kennels,,https://www.indoordogpark.org/parks/sandy-ridge-boarding-kennels,https://sandyridgekennels.com/,(919) 552-1025,Fuquay-Varina,NC,false
Doggy Day Grooming,,https://www.indoordogpark.org/parks/doggy-day-grooming,https://dogsdayinngrooming.top/,(919) 567-7460,Fuquay-Varina,NC,false
Dog's Best Inn,,https://www.indoordogpark.org/parks/dogs-best-inn,,(919) 600-9630,Fuquay-Varina,NC,false
Blue Line K-9 Dog Training,,https://www.indoordogpark.org/parks/blue-line-k-9-dog-training,https://bluelinek-9.com/garner-nc,(800) 266-2365,Fuquay-Varina,NC,false
K9aholics Dog Training,,https://www.indoordogpark.org/parks/k9aholics-dog-training,https://k9aholicsnc.com/,(910) 676-2907,Fuquay-Varina,NC,false
Academy East Veterinary Hospital,,https://www.indoordogpark.org/parks/academy-east-veterinary-hospital,https://academyeastvet.com/?utm_source=gmb&utm_medium=organic,(919) 552-1040,Fuquay-Varina,NC,false
The Sandhills Working Dog Club,,https://www.indoordogpark.org/parks/the-sandhills-working-dog-club,http://www.sandhillswdc.com/,(336) 480-8379,Fuquay-Varina,NC,false
Carroll Howard Johnson Environmental Park,,https://www.indoordogpark.org/parks/carroll-howard-johnson-environmental-park,https://fuquay-varina.org/facilities/facility/details/Carroll-Howard-Johnson-Environmental-Edu-8,(919) 552-1430,Fuquay-Varina,NC,false
Action Park,,https://www.indoordogpark.org/parks/action-park,https://www.fuquay-varina.org/facilities/facility/details/Action-Park-4,(919) 552-1430,Fuquay-Varina,NC,false
Fuquay Varina Parks & Rec,,https://www.indoordogpark.org/parks/fuquay-varina-parks-rec,https://www.fuquay-varina.org/1117/Parks-Recreation-and-Cultural-Resources,(919) 552-1430,Fuquay-Varina,NC,false
South Park,,https://www.indoordogpark.org/parks/south-park,http://www.fvparks.org/,(919) 552-1430,Fuquay-Varina,NC,false
Fuquay Mineral Spring Park,,https://www.indoordogpark.org/parks/fuquay-mineral-spring-park,http://www.fvparks.org/,(919) 552-1430,Fuquay-Varina,NC,false
Old Honeycutt Road Park,,https://www.indoordogpark.org/parks/old-honeycutt-road-park,https://www.fuquay-varina.org/facilities/facility/details/oldhoneycuttroadpark-17,(919) 552-1430,Fuquay-Varina,NC,false
"Wags to Riches Grooming, LLC.",,https://www.indoordogpark.org/parks/wags-to-riches-grooming-llc,http://www.wagstorichesnc.com/,(919) 285-6867,Fuquay-Varina,NC,false
Critter Sitter Pet Care Service,,https://www.indoordogpark.org/parks/critter-sitter-pet-care-service,http://www.crittersitterpetcare.com/,(919) 577-8038,Fuquay-Varina,NC,false
Mills River Dog Park,,https://www.indoordogpark.org/parks/mills-river-dog-park,https://www.millsriver.org/269/Dog-Park,(828) 890-2901,Mills River,NC,false
Just 4 Paws Grooming and Boarding,,https://www.indoordogpark.org/parks/just-4-paws-grooming-and-boarding,https://www.just4pawsnc.com/,(936) 245-2016,East Flat Rock,NC,false
Pawsome Pups Puppies For Sale,,https://www.indoordogpark.org/parks/pawsome-pups-puppies-for-sale,http://pawsomepups.pet/,(614) 940-9165,Columbus,OH,false
Petland Lewis Center,,https://www.indoordogpark.org/parks/petland-lewis-center,https://petlandlewiscenter.com/?utm_source=GMBlisting&utm_medium=organic,(740) 847-2473,Columbus,OH,false
All Paws Pet Shop,,https://www.indoordogpark.org/parks/all-paws-pet-shop,https://www.shopallpaws.com/,(614) 470-5435,Columbus,OH,false
Petland Columbus Upper Arlington,,https://www.indoordogpark.org/parks/petland-columbus-upper-arlington,https://www.petland-ohio.com/?utm_source=GMBlisting&utm_medium=organic,(614) 683-4057,Columbus,OH,false
Mutts & Co.,,https://www.indoordogpark.org/parks/mutts-co,https://muttsandco.com/,(614) 775-5555,Newark,OH,false
Mutts & Co.,,https://www.indoordogpark.org/parks/mutts-co,http://www.muttsandco.com/,(614) 335-9193,Columbus,OH,false
Mutts & Co.,,https://www.indoordogpark.org/parks/mutts-co,http://www.muttsandco.com/,(614) 245-0654,Columbus,OH,false
The Cakehound,,https://www.indoordogpark.org/parks/the-cakehound,http://www.thecakehound.com/,(614) 372-5362,Columbus,OH,false
Pet Supplies Plus New Albany,,https://www.indoordogpark.org/parks/pet-supplies-plus-new-albany,https://www.petsuppliesplus.com/Store/OH/Columbus/New-Albany/140,(614) 775-9944,Columbus,OH,false
Hollywood Feed,,https://www.indoordogpark.org/parks/hollywood-feed,https://locations.hollywoodfeed.com/ohio/columbus/2863-n-high-st/,(614) 447-9710,Columbus,OH,false
Pet Supplies Plus Delaware,,https://www.indoordogpark.org/parks/pet-supplies-plus-delaware,https://www.petsuppliesplus.com/Store/OH/Delaware/Delaware/210,(740) 362-1389,Columbus,OH,false
Petland Pickerington,,https://www.indoordogpark.org/parks/petland-pickerington,https://petlandpickerington.com/?utm_source=GMBlisting&utm_medium=organic,(614) 768-6676,Columbus,OH,false
2nd Home Pet Resort,,https://www.indoordogpark.org/parks/2nd-home-pet-resort,https://2ndavenuevet.com/2nd-home-pet-resort/,(706) 221-5840,Columbus,OH,false
Hollywood Feed,,https://www.indoordogpark.org/parks/hollywood-feed,https://locations.hollywoodfeed.com/ohio/columbus/1472-west-5th-ave/,(614) 485-0800,Columbus,OH,false
Hollywood Feed,,https://www.indoordogpark.org/parks/hollywood-feed,https://locations.hollywoodfeed.com/ohio/columbus/2830-fishinger-rd/,(614) 538-9178,Columbus,OH,false
Petland Grove City,,https://www.indoordogpark.org/parks/petland-grove-city,https://www.petlandgrovecity.com/?utm_source=GMBlisting&utm_medium=organic,(614) 502-6708,Columbus,OH,false
Pet Supplies Plus Upper Arlington,,https://www.indoordogpark.org/parks/pet-supplies-plus-upper-arlington,https://www.petsuppliesplus.com/Store/OH/Upper-Arlington/Upper-Arlington/158,(614) 487-1274,Columbus,OH,false
Hollywood Feed,,https://www.indoordogpark.org/parks/hollywood-feed,https://locations.hollywoodfeed.com/ohio/dublin/6415-perimeter-dr/,(614) 760-7600,Columbus,OH,false
Petland Gahanna,,https://www.indoordogpark.org/parks/petland-gahanna,https://petlandgahanna.com/?utm_source=GMBlisting&utm_medium=organic,(614) 665-2001,Columbus,OH,false
Mutts & Co.,,https://www.indoordogpark.org/parks/mutts-co,https://www.muttsandco.com/,(740) 200-4066,Columbus,OH,false
Pet Supplies Plus Grove City,,https://www.indoordogpark.org/parks/pet-supplies-plus-grove-city,https://www.petsuppliesplus.com/Store/OH/Grove-City/Grove-City/211,(614) 801-9426,Columbus,OH,false
Pet Supplies Plus Reynoldsburg,,https://www.indoordogpark.org/parks/pet-supplies-plus-reynoldsburg,https://www.petsuppliesplus.com/Store/OH/Reynoldsburg/Reynoldsburg/168,(614) 892-2300,Columbus,OH,false
Pet Supplies Plus Powell,,https://www.indoordogpark.org/parks/pet-supplies-plus-powell,https://www.petsuppliesplus.com/Store/OH/Powell/Powell/225,(614) 336-3258,Columbus,OH,false
Mutts & Co.,,https://www.indoordogpark.org/parks/mutts-co,https://muttsandco.com/,(614) 792-6888,Columbus,OH,false
Aquarium Adventure Columbus,,https://www.indoordogpark.org/parks/aquarium-adventure-columbus,http://www.aquariumadventurecolumbus.com/,(614) 792-0884,Columbus,OH,false
The Paw Pad,,https://www.indoordogpark.org/parks/the-paw-pad,,(614) 881-0388,Columbus,OH,false
D.K. Reptiles and More,,https://www.indoordogpark.org/parks/dk-reptiles-and-more,,(614) 327-0661,Columbus,OH,false
Hollywood Feed,,https://www.indoordogpark.org/parks/hollywood-feed,https://locations.hollywoodfeed.com/ohio/bexley/2656-e-main-st/,(614) 947-7966,Columbus,OH,false
Rivers to Reefs Aquariums,,https://www.indoordogpark.org/parks/rivers-to-reefs-aquariums,http://www.riverstoreefsaquariums.com/,(614) 934-5155,Columbus,OH,false
Mutts & Co.,,https://www.indoordogpark.org/parks/mutts-co,http://www.muttsandco.com/,(614) 512-5107,Columbus,OH,false
CLE Unleashed,,https://www.indoordogpark.org/parks/cle-unleashed,http://www.cle-unleashed.com/,(440) 455-1904,Cleveland,OH,false
Pet's General Store,,https://www.indoordogpark.org/parks/pets-general-store,https://petsgeneral.com/,(216) 226-0886,Cleveland,OH,false
Lake Erie Pet Food Co.,,https://www.indoordogpark.org/parks/lake-erie-pet-food-co,http://www.lakeeriepet.com/,(216) 505-1738,Cleveland,OH,false
Pet Supplies Plus Fairview Park,,https://www.indoordogpark.org/parks/pet-supplies-plus-fairview-park,https://www.petsuppliesplus.com/Store/OH/Fairview-Park/Fairview-Park/27,(440) 979-9933,Cleveland,OH,false
Pet Supplies Plus Brooklyn,,https://www.indoordogpark.org/parks/pet-supplies-plus-brooklyn,https://www.petsuppliesplus.com/Store/OH/Brooklyn/Brooklyn/195,(216) 482-3721,Cleveland,OH,false
Pet Supplies Plus Lakewood,,https://www.indoordogpark.org/parks/pet-supplies-plus-lakewood,https://www.petsuppliesplus.com/Store/OH/Lakewood/Lakewood/128,(216) 226-6827,Cleveland,OH,false
Pet Supplies Plus Westlake,,https://www.indoordogpark.org/parks/pet-supplies-plus-westlake,https://www.petsuppliesplus.com/Store/OH/Westlake/Westlake/114,(440) 899-7552,Cleveland,OH,false
SATOO Reptiles and Aquatics,,https://www.indoordogpark.org/parks/satoo-reptiles-and-aquatics,https://satooreptilesandaquatics.com/,(216) 862-4973,Cleveland,OH,false
Pet Supplies Plus Lyndhurst,,https://www.indoordogpark.org/parks/pet-supplies-plus-lyndhurst,https://www.petsuppliesplus.com/Store/OH/Lyndhurst/Lyndhurst/83,(440) 473-9998,Cleveland,OH,false
Pet Paradise,,https://www.indoordogpark.org/parks/pet-paradise,http://www.petparadiseohio.com/,(440) 942-9016,Cleveland,OH,false
Petland Strongsville,,https://www.indoordogpark.org/parks/petland-strongsville,https://www.petlandcleveland.com/,(440) 846-2277,Cleveland,OH,false
Fluff N Stuff Pet Resort,,https://www.indoordogpark.org/parks/fluff-n-stuff-pet-resort,http://www.fluffnstuffpetservices.com/,(216) 971-7297,Cleveland,OH,false
Best In Pets,,https://www.indoordogpark.org/parks/best-in-pets,https://www.bestinpets.net/,(440) 739-6949,Cleveland,OH,false
Persiansconnect,,https://www.indoordogpark.org/parks/persiansconnect,,(216) 538-9545,Cleveland,OH,false
Cleveland Animal Protective League: Adoption Center,,https://www.indoordogpark.org/parks/cleveland-animal-protective-league-adoption-center,http://www.clevelandapl.org/,(216) 771-4616,Cleveland,OH,false
Pet Supplies Plus Garfield Heights,,https://www.indoordogpark.org/parks/pet-supplies-plus-garfield-heights,https://www.petsuppliesplus.com/Store/OH/Garfield-Heights/Garfield-Heights/112,(216) 587-5003,Cleveland,OH,false
Pet Supplies Plus Middleburg Heights,,https://www.indoordogpark.org/parks/pet-supplies-plus-middleburg-heights,https://www.petsuppliesplus.com/Store/OH/MIDDLEBURG-HEIGHTS/Middleburg-Heights/28,(440) 891-9779,Cleveland,OH,false
Petland Parma,,https://www.indoordogpark.org/parks/petland-parma,http://petlandcleveland.com/,(440) 340-3235,Cleveland,OH,false
Pet Supplies Plus Parma,,https://www.indoordogpark.org/parks/pet-supplies-plus-parma,https://www.petsuppliesplus.com/Store/OH/Parma/Parma/120,(440) 888-6203,Cleveland,OH,false
Cleveland's Aquatics Reptiles Exotics L.L.C.,,https://www.indoordogpark.org/parks/clevelands-aquatics-reptiles-exotics-llc,,(216) 307-5397,Cleveland,OH,false
FiFi-S PUPS,,https://www.indoordogpark.org/parks/fifi-s-pups,,(216) 302-8377,Cleveland,OH,false
Dogtown West Chester,,https://www.indoordogpark.org/parks/dogtown-west-chester,https://dogtowncentral.com/locations/ohio/cincinnati/west-chester-township,(513) 480-3647,Cincinnati,OH,false
Animal House,,https://www.indoordogpark.org/parks/animal-house,http://animalhousecincinnati.com/,(513) 931-6139,Cincinnati,OH,false
Anderson Township Family Pet Center,,https://www.indoordogpark.org/parks/anderson-township-family-pet-center,https://www.familypetcenter.com/,(513) 231-7387,Cincinnati,OH,false
Paws & Play LLC,,https://www.indoordogpark.org/parks/paws-play-llc,,(937) 474-7234,Cincinnati,OH,false
Pet Wants Cincy Kitchen on Vine St.,,https://www.indoordogpark.org/parks/pet-wants-cincy-kitchen-on-vine-st,http://www.petwantscincy.com/,(513) 621-3647,Cincinnati,OH,false
Argos Pet Food & Supply- East Walnut Hills,,https://www.indoordogpark.org/parks/argos-pet-food-supply-east-walnut-hills,http://argospet.com/,(513) 221-4451,Cincinnati,OH,false
Pet Wants Cincy at Findlay Market,,https://www.indoordogpark.org/parks/pet-wants-cincy-at-findlay-market,http://www.petwantscincy.com/,(513) 721-8696,Cincinnati,OH,false
Delhi Pet Center,,https://www.indoordogpark.org/parks/delhi-pet-center,http://www.delhipetcenter.com/,(513) 451-4015,Cincinnati,OH,false
Hollywood Feed,,https://www.indoordogpark.org/parks/hollywood-feed,https://locations.hollywoodfeed.com/ohio/cincinnati/3663-michigan-ave/,(513) 871-5800,Cincinnati,OH,false
Puppy Country LLC,,https://www.indoordogpark.org/parks/puppy-country-llc,http://www.puppycountry.net/,(513) 348-0384,Cincinnati,OH,false
Pet Wants Cincy West,,https://www.indoordogpark.org/parks/pet-wants-cincy-west,http://www.petwantscincywest.com/,(513) 872-1188,Cincinnati,OH,false
Your New Puppy,,https://www.indoordogpark.org/parks/your-new-puppy,https://yournewpuppyllc.com/,(513) 755-7576,Cincinnati,OH,false
LuLu's Pet Pantry,,https://www.indoordogpark.org/parks/lulus-pet-pantry,http://www.luluspetpantry.com/,(859) 918-1468,Cincinnati,OH,false
Aquatics & Exotics,,https://www.indoordogpark.org/parks/aquatics-exotics,http://www.aquaticsandexotics.com/,(513) 521-5500,Cincinnati,OH,false
World of Pets LLC,,https://www.indoordogpark.org/parks/world-of-pets-llc,http://www.worldofpetsflorence.com/,(859) 525-1400,Cincinnati,OH,false
Harrison Pet Center,,https://www.indoordogpark.org/parks/harrison-pet-center,http://www.delhipetcenter.com/,(513) 367-1115,Cincinnati,OH,false
Petland Fairfield,,https://www.indoordogpark.org/parks/petland-fairfield,https://www.petlandfairfield.com/?utm_source=GMBlisting&utm_medium=organic,(513) 847-9292,Cincinnati,OH,false
Pet Wants Fort Thomas,,https://www.indoordogpark.org/parks/pet-wants-fort-thomas,https://petwantsftthomas.com/shop_home/203288,(859) 307-8400,Cincinnati,OH,false
Pet Stores,,https://www.indoordogpark.org/parks/pet-stores,,(888) 300-5139,Cincinnati,OH,false
Pet Supplies Plus Blue Ash,,https://www.indoordogpark.org/parks/pet-supplies-plus-blue-ash,https://www.petsuppliesplus.com/Store/OH/Blue-Ash/Blue-Ash/218,(513) 745-0756,Cincinnati,OH,false
Newtown Feed and Supply,,https://www.indoordogpark.org/parks/newtown-feed-and-supply,https://www.newtownfeed.com/,(513) 271-3446,Cincinnati,OH,false
Pet Supplies Plus Symmes,,https://www.indoordogpark.org/parks/pet-supplies-plus-symmes,https://www.petsuppliesplus.com/Store/OH/Cincinnati/Symmes/234,(513) 247-0232,Cincinnati,OH,false
Pet Supplies Plus Cincinnati-Beechmont,,https://www.indoordogpark.org/parks/pet-supplies-plus-cincinnati-beechmont,https://www.petsuppliesplus.com/,(513) 834-5891,Cincinnati,OH,false
Pet Supplies Plus Delhi,,https://www.indoordogpark.org/parks/pet-supplies-plus-delhi,https://www.petsuppliesplus.com/Store/OH/Cincinnati/Delhi/233,(513) 347-0580,Cincinnati,OH,false
Feeders Pet Supply,,https://www.indoordogpark.org/parks/feeders-pet-supply,https://feederspetsupply.com/deer-park-cincinnati-oh/,(513) 370-5162,Cincinnati,OH,false
Petland Eastgate,,https://www.indoordogpark.org/parks/petland-eastgate,https://petlandeastgate.com/?utm_source=GMBlisting&utm_medium=organic,(513) 540-1190,Cincinnati,OH,false
Hollywood Feed,,https://www.indoordogpark.org/parks/hollywood-feed,https://locations.hollywoodfeed.com/ohio/cincinnati/9867-montgomery-rd/,(513) 984-4200,Cincinnati,OH,false
Feeders Pet Supply,,https://www.indoordogpark.org/parks/feeders-pet-supply,https://feederspetsupply.com/east-gate-cincinnati-oh/,(513) 401-7800,Cincinnati,OH,false
Petland Mason,,https://www.indoordogpark.org/parks/petland-mason,https://petlandmason.com/?utm_source=GMBlisting&utm_medium=organic,(513) 270-2844,Cincinnati,OH,false
Riverside Pets & Supplies,,https://www.indoordogpark.org/parks/riverside-pets-supplies,,(513) 512-5774,Cincinnati,OH,false
Argos Pet Food & Supply - Madeira,,https://www.indoordogpark.org/parks/argos-pet-food-supply-madeira,http://argospet.com/,(513) 561-7966,Cincinnati,OH,false
Daniel's Dog Treats LLC,,https://www.indoordogpark.org/parks/daniels-dog-treats-llc,https://www.danielsdogtreats.com/,(513) 477-0736,Cincinnati,OH,false
Everything for Pets,,https://www.indoordogpark.org/parks/everything-for-pets,http://www.condosandtrees.com/?fbclid=IwY2xjawK-yepleHRuA2FlbQIxMABicmlkETFDd24xWkZEa2txT1dBZkZsAR69TVYq3L7Hep6AZEkz4TSSBe3MWjWOKc1A4v2Zrh6uv2g6Q8AWp-0jRKAIFg_aem_dFDRGYF5-t5r195bpxY0Ag,(419) 214-0738,Toledo,OH,false
Endless Pets and Supplies,,https://www.indoordogpark.org/parks/endless-pets-and-supplies,,(419) 214-9041,Toledo,OH,false
Scally Waggs Doggy Bakery & Pet Supplies,,https://www.indoordogpark.org/parks/scally-waggs-doggy-bakery-pet-supplies,http://scallywaggspets.com/,(734) 457-0085,Toledo,OH,false
Pet Finatics,,https://www.indoordogpark.org/parks/pet-finatics,,(419) 724-2277,Toledo,OH,false
Pet Supplies Plus Talmadge,,https://www.indoordogpark.org/parks/pet-supplies-plus-talmadge,https://www.petsuppliesplus.com/Store/OH/Toledo/Talmadge/14,(419) 472-5505,Toledo,OH,false
Pet Supplies Plus W. Alexis,,https://www.indoordogpark.org/parks/pet-supplies-plus-w-alexis,https://www.petsuppliesplus.com/Store/OH/Toledo/W.-Alexis/29,(419) 269-1622,Toledo,OH,false
Pet Supplies Plus Airport,,https://www.indoordogpark.org/parks/pet-supplies-plus-airport,https://www.petsuppliesplus.com/Store/OH/Toledo/Airport/20,(419) 382-9202,Toledo,OH,false
Hollywood Feed,,https://www.indoordogpark.org/parks/hollywood-feed,https://locations.hollywoodfeed.com/ohio/toledo/3504-secor-rd/,(419) 720-6671,Toledo,OH,false
Petco,,https://www.indoordogpark.org/parks/petco,https://stores.petco.com/oh/wooster/pet-supplies-wooster-oh-1953.html,(330) 345-2085,Mansfield,OH,false
Pet Supplies Plus Sylvania,,https://www.indoordogpark.org/parks/pet-supplies-plus-sylvania,https://www.petsuppliesplus.com/Store/OH/Sylvania-Twp/Sylvania/148,(419) 843-1000,Toledo,OH,false
Three Dog Bakery Perrysburg,,https://www.indoordogpark.org/parks/three-dog-bakery-perrysburg,https://perrysburg-toledo-oh.threedogstores.com/,(419) 931-9913,Toledo,OH,false
Paws & Remember of Northwest Ohio,,https://www.indoordogpark.org/parks/paws-remember-of-northwest-ohio,http://www.pawsandremember.com/,(419) 578-7387,Toledo,OH,false
Talk Dog Toledo Dog Training,,https://www.indoordogpark.org/parks/talk-dog-toledo-dog-training,http://www.talkdogtoledo.com/,(419) 849-3605,Toledo,OH,false
Oak Harbor Pet Haven,,https://www.indoordogpark.org/parks/oak-harbor-pet-haven,http://oakharborpethaven.com/,(419) 898-2466,Toledo,OH,false
Pet Supplies Plus Perrysburg,,https://www.indoordogpark.org/parks/pet-supplies-plus-perrysburg,https://www.petsuppliesplus.com/store/oh/perrysburg/4465-perrysburg/4465,(419) 500-3111,Toledo,OH,false
Glass City Exotics Expo,,https://www.indoordogpark.org/parks/glass-city-exotics-expo,https://glasscityexoticsexpo.com/,(419) 377-8341,Toledo,OH,false
The Fish Guys,,https://www.indoordogpark.org/parks/the-fish-guys,http://www.fishyguy.com/,(419) 842-4272,Toledo,OH,false
Pet Supplies Plus Akron - Manchester,,https://www.indoordogpark.org/parks/pet-supplies-plus-akron-manchester,https://www.petsuppliesplus.com/Store/OH/Akron/Akron/141,(330) 644-9850,Akron,OH,false
Pet Supplies Plus Cuyahoga Falls,,https://www.indoordogpark.org/parks/pet-supplies-plus-cuyahoga-falls,https://www.petsuppliesplus.com/Store/OH/Cuyahoga-Falls/Cuyahoga-Falls/206,(330) 923-8172,Akron,OH,false
Pet Supplies Plus Springfield Township,,https://www.indoordogpark.org/parks/pet-supplies-plus-springfield-township,https://www.petsuppliesplus.com/Store/OH/Akron/Springfield-Township/115,(330) 628-3304,Akron,OH,false
Pet Supplies Plus Akron - Akron,,https://www.indoordogpark.org/parks/pet-supplies-plus-akron-akron,https://www.petsuppliesplus.com/Store/OH/Akron/Akron/182,(330) 644-4036,Akron,OH,false
Pet Supplies Plus Fairlawn,,https://www.indoordogpark.org/parks/pet-supplies-plus-fairlawn,https://www.petsuppliesplus.com/Store/OH/Fairlawn/Fairlawn/124,(330) 867-8454,Akron,OH,false
Animal Jungle Pet Shop,,https://www.indoordogpark.org/parks/animal-jungle-pet-shop,,(330) 501-6208,Akron,OH,false
Royal Union Pets Co.,,https://www.indoordogpark.org/parks/royal-union-pets-co,http://www.royalunionpets.com/,(330) 552-7327,Akron,OH,false
One of A Kind Pet Rescue,,https://www.indoordogpark.org/parks/one-of-a-kind-pet-rescue,https://www.oneofakindpets.com/,(330) 865-6200,Akron,OH,false
Hollywood Feed,,https://www.indoordogpark.org/parks/hollywood-feed,https://locations.hollywoodfeed.com/ohio/akron/34-n-hawkins-ave/,(234) 334-4319,Akron,OH,false
One Lucky Dog Bakery,,https://www.indoordogpark.org/parks/one-lucky-dog-bakery,https://www.facebook.com/oneluckydogbakery/,(330) 952-0900,Akron,OH,false
Pet Connection,,https://www.indoordogpark.org/parks/pet-connection,https://petconnection.top/,(330) 823-7387,Akron,OH,false
Pet Supplies Plus Twinsburg,,https://www.indoordogpark.org/parks/pet-supplies-plus-twinsburg,https://www.petsuppliesplus.com/store/oh/twinsburg/4375-twinsburg/4375,(234) 212-3900,Akron,OH,false
Hollywood Feed,,https://www.indoordogpark.org/parks/hollywood-feed,https://locations.hollywoodfeed.com/ohio/canton/4631-everhard-rd-nw/,(330) 494-0369,Akron,OH,false
Michelle's Canine Emporium,,https://www.indoordogpark.org/parks/michelles-canine-emporium,https://www.michellescanineemporium.com/,(330) 825-9349,Akron,OH,false
Fish City Pets,,https://www.indoordogpark.org/parks/fish-city-pets,,(330) 745-3059,Akron,OH,false
Pet Supplies Plus North Canton,,https://www.indoordogpark.org/parks/pet-supplies-plus-north-canton,https://www.petsuppliesplus.com/Store/OH/North-Canton/North-Canton/117,(330) 244-1554,Akron,OH,false
Morrison's Pets,,https://www.indoordogpark.org/parks/morrisons-pets,,(330) 854-4164,Akron,OH,false
Pet Supplies Plus Stow,,https://www.indoordogpark.org/parks/pet-supplies-plus-stow,https://www.petsuppliesplus.com/Store/OH/Stow/Stow/68,(330) 686-0055,Akron,OH,false
Whiskers Wings And Wild Things,,https://www.indoordogpark.org/parks/whiskers-wings-and-wild-things,http://www.whiskerswingswildthings.com/,(330) 491-8369,Akron,OH,false
Pet Supplies Plus Wooster,,https://www.indoordogpark.org/parks/pet-supplies-plus-wooster,https://www.petsuppliesplus.com/Store/OH/Wooster/Wooster/102,(330) 345-9763,Akron,OH,false
Pet Supplies Plus Hartville,,https://www.indoordogpark.org/parks/pet-supplies-plus-hartville,http://www.petsuppliesplus.com/,(234) 978-2160,Akron,OH,false
Pet Supplies Plus Medina,,https://www.indoordogpark.org/parks/pet-supplies-plus-medina,https://www.petsuppliesplus.com/Store/OH/Medina/Medina/92,(330) 723-7666,Akron,OH,false
Tractor Supply Co.,,https://www.indoordogpark.org/parks/tractor-supply-co,https://www.tractorsupply.com/tsc/store_Akron-OH-44310_2658?utm_source=localgmblisting&utm_medium=organic,(234) 706-2062,Akron,OH,false
Pet Supplies Plus Streetsboro,,https://www.indoordogpark.org/parks/pet-supplies-plus-streetsboro,https://www.petsuppliesplus.com/store/oh/streetsboro/131-streetsboro/131,(330) 626-3511,Akron,OH,false
Petland Dayton,,https://www.indoordogpark.org/parks/petland-dayton,https://www.petlanddayton.com/?utm_source=GMBlisting&utm_medium=organic,(937) 915-3692,Dayton,OH,false
Fetch Puppies,,https://www.indoordogpark.org/parks/fetch-puppies,https://fetchpuppiesdayton.com/?utm_source=GMBlisting&utm_medium=organic,(937) 500-5094,Dayton,OH,false
Petland Smithville,,https://www.indoordogpark.org/parks/petland-smithville,https://petlandsmithville.com/?utm_source=GMBlisting&utm_medium=organic,(937) 588-6829,Dayton,OH,false
Petland Beavercreek,,https://www.indoordogpark.org/parks/petland-beavercreek,https://petlandbeavercreek.com/?utm_source=GMBlisting&utm_medium=organic,(937) 863-9688,Dayton,OH,false
Hollywood Feed,,https://www.indoordogpark.org/parks/hollywood-feed,https://locations.hollywoodfeed.com/ohio/dayton/6221-far-hills-ave/,(937) 952-5618,Dayton,OH,false
Petco,,https://www.indoordogpark.org/parks/petco,https://stores.petco.com/oh/dayton/pet-supplies-dayton-oh-3823.html,(937) 269-0092,Dayton,OH,false
Pet Valu,,https://www.indoordogpark.org/parks/pet-valu,https://www.petvalu.ca/,(937) 253-2153,Dayton,OH,false
Francis Kennels,,https://www.indoordogpark.org/parks/francis-kennels,http://www.franciskennels.com/,(937) 374-1636,Dayton,OH,false
Pawsome Pet Supplies & Grooming,,https://www.indoordogpark.org/parks/pawsome-pet-supplies-grooming,,(937) 530-2548,Dayton,OH,false
Pet Supplies Plus Centerville,,https://www.indoordogpark.org/parks/pet-supplies-plus-centerville,https://www.petsuppliesplus.com/store/oh/centerville/143-centerville/143,(937) 438-8825,Dayton,OH,false
Petland Austin Landing,,https://www.indoordogpark.org/parks/petland-austin-landing,https://petlandaustinlanding.com/?utm_source=GMBlisting&utm_medium=organic,(937) 714-7776,Dayton,OH,false
Pet Supplies Plus Kettering,,https://www.indoordogpark.org/parks/pet-supplies-plus-kettering,https://www.petsuppliesplus.com/Store/OH/Kettering/Kettering/88,(937) 294-7655,Dayton,OH,false
Fetch Fresh Dayton,,https://www.indoordogpark.org/parks/fetch-fresh-dayton,https://fetchfreshdayton.com/,(937) 503-8181,Dayton,OH,false
Waggles Dayton,,https://www.indoordogpark.org/parks/waggles-dayton,https://www.wagglesdayton.com/,(937) 226-9634,Dayton,OH,false
Pet Supplies Plus Beavercreek,,https://www.indoordogpark.org/parks/pet-supplies-plus-beavercreek,https://www.petsuppliesplus.com/store/oh/beavercreek/221-beavercreek/221,(937) 429-2830,Dayton,OH,false
Miracle pet,,https://www.indoordogpark.org/parks/miracle-pet,https://miraclecarepet.com/,(800) 635-2044,Dayton,OH,false
Gerber's Tropical Fish,,https://www.indoordogpark.org/parks/gerbers-tropical-fish,https://www.gerberstropicalfish.com/,(937) 297-0515,Dayton,OH,false
Madhouse Serpents and Supplies LLC,,https://www.indoordogpark.org/parks/madhouse-serpents-and-supplies-llc,,(567) 213-2730,Dayton,OH,false
Hollywood Feed,,https://www.indoordogpark.org/parks/hollywood-feed,https://locations.hollywoodfeed.com/ohio/brecksville/8249-chippewa-rd/,(440) 630-9403,Parma,OH,false
Hollywood Feed,,https://www.indoordogpark.org/parks/hollywood-feed,https://locations.hollywoodfeed.com/ohio/strongsville/18360-royalton-rd/,(440) 238-2125,Parma,OH,false
Petco,,https://www.indoordogpark.org/parks/petco,https://stores.petco.com/oh/middleburgheights/pet-supplies-middleburgheights-oh-3822.html,(440) 788-2625,Parma,OH,false
Oliver & Henry's Boutique Grooming,,https://www.indoordogpark.org/parks/oliver-henrys-boutique-grooming,https://www.facebook.com/Oliver-and-Henrys-Retail-Dog-Shop-528218597193033/,(440) 892-3647,Parma,OH,false
Pet Supplies Plus Berea,,https://www.indoordogpark.org/parks/pet-supplies-plus-berea,https://www.petsuppliesplus.com/store/oh/berea/4409-berea/4409,(440) 403-9010,Parma,OH,false
The Paw Pad Pet Boutique,,https://www.indoordogpark.org/parks/the-paw-pad-pet-boutique,http://thepawpad.square.site/,(330) 526-8044,Canton,OH,false
Pet Supplies Plus Canton - Tuscarawas,,https://www.indoordogpark.org/parks/pet-supplies-plus-canton-tuscarawas,https://www.petsuppliesplus.com/Store/OH/Canton/Canton/86,(330) 477-6880,Canton,OH,false
Pet Supplies Plus Canton - Cromer,,https://www.indoordogpark.org/parks/pet-supplies-plus-canton-cromer,https://www.petsuppliesplus.com/Store/OH/Canton/Canton/49,(330) 493-8818,Canton,OH,false
Barkly and Meows,,https://www.indoordogpark.org/parks/barkly-and-meows,https://barklyandmeows.com/,(330) 408-7050,Canton,OH,false
Petz Place,,https://www.indoordogpark.org/parks/petz-place,http://www.petzplaceohio.com/,(330) 339-0661,Canton,OH,false
Swiss Village Furry Pals,,https://www.indoordogpark.org/parks/swiss-village-furry-pals,http://www.swissvillagefurrypals.com/,(330) 204-3628,Canton,OH,false
Berlin Pet Shoppe,,https://www.indoordogpark.org/parks/berlin-pet-shoppe,http://berlinpetshop.com/,(330) 893-7038,Canton,OH,false
Skyline Puppies LLC,,https://www.indoordogpark.org/parks/skyline-puppies-llc,https://skylinepuppies.com/?utm_source=google&utm_medium=organic&utm_campaign=gbp-listing&utm_id=gbp,(330) 275-2353,Canton,OH,false
We Lov Pets,,https://www.indoordogpark.org/parks/we-lov-pets,https://www.welovpets.com/,(330) 365-9602,Canton,OH,false
Pet Supplies Plus Alliance,,https://www.indoordogpark.org/parks/pet-supplies-plus-alliance,https://www.petsuppliesplus.com/store/oh/alliance/67-alliance/67,(330) 821-6999,Canton,OH,false
Tropical Paradise Pet Center,,https://www.indoordogpark.org/parks/tropical-paradise-pet-center,,(330) 868-6265,Canton,OH,false
Ocean Rift Aquatics,,https://www.indoordogpark.org/parks/ocean-rift-aquatics,http://oceanriftaquatics.com/,(330) 244-9785,Canton,OH,false
Calm My Pet,,https://www.indoordogpark.org/parks/calm-my-pet,https://www.calmmypet.com/contactus,(330) 266-2500,Canton,OH,false
Pet Supplies Plus Lorain,,https://www.indoordogpark.org/parks/pet-supplies-plus-lorain,https://www.petsuppliesplus.com/Store/OH/Lorain/Lorain/219,(440) 960-0340,Lorain,OH,false
Rocky & Lela's Barkery and Boutique,,https://www.indoordogpark.org/parks/rocky-lelas-barkery-and-boutique,https://rockyandlelasbarkery.wixsite.com/dog-boutique,(440) 822-5645,Lorain,OH,false
Pet Supplies Plus Elyria,,https://www.indoordogpark.org/parks/pet-supplies-plus-elyria,https://www.petsuppliesplus.com/Store/OH/Elyria/Elyria/123,(440) 324-7221,Lorain,OH,false
The Canine Club,,https://www.indoordogpark.org/parks/the-canine-club,https://vetj.net/explore/the-canine-club/,(440) 324-2005,Lorain,OH,false
Pet Depot,,https://www.indoordogpark.org/parks/pet-depot,,(440) 967-3034,Lorain,OH,false
Dunkin' Doggies LLC Pet Bakery,,https://www.indoordogpark.org/parks/dunkin-doggies-llc-pet-bakery,http://dunkindoggies1.square.site/,(440) 277-9872,Lorain,OH,false
The Bird Loft,,https://www.indoordogpark.org/parks/the-bird-loft,http://www.thebirdloft.com/,(440) 988-2473,Lorain,OH,false
Moose and Lulu's,,https://www.indoordogpark.org/parks/moose-and-lulus,http://www.mooseandlulus.com/,(440) 340-1514,Lorain,OH,false
Petco,,https://www.indoordogpark.org/parks/petco,https://stores.petco.com/oh/elyria/pet-supplies-elyria-oh-3831.html,(440) 406-5048,Lorain,OH,false
Salty Critter,,https://www.indoordogpark.org/parks/salty-critter,http://www.saltycritter.com/,(440) 967-1634,Lorain,OH,false
Petco,,https://www.indoordogpark.org/parks/petco,https://stores.petco.com/oh/avon/pet-supplies-avon-oh-2807.html,(440) 937-0680,Lorain,OH,false
Hollywood Feed,,https://www.indoordogpark.org/parks/hollywood-feed,https://locations.hollywoodfeed.com/ohio/avon/35901-detroit-rd/,(440) 937-0868,Lorain,OH,false
Pet Wants Hamilton,,https://www.indoordogpark.org/parks/pet-wants-hamilton,http://www.petwantshamilton.com/,(513) 502-0407,Hamilton,OH,false
Pet Supplies Plus Hamilton,,https://www.indoordogpark.org/parks/pet-supplies-plus-hamilton,https://www.petsuppliesplus.com/,(513) 805-7431,Hamilton,OH,false
pets,,https://www.indoordogpark.org/parks/pets,,(513) 498-1565,Hamilton,OH,false
Petco,,https://www.indoordogpark.org/parks/petco,https://stores.petco.com/oh/fairfield/pet-supplies-fairfield-oh-2888.html,(513) 829-3200,Hamilton,OH,false
Mandy's Dog-O-Mat,,https://www.indoordogpark.org/parks/mandys-dog-o-mat,http://mandysdogomat.com/,(513) 847-1240,Hamilton,OH,false
Paws n Wagging Tales,,https://www.indoordogpark.org/parks/paws-n-wagging-tales,https://pawsnwaggingtales.com/,(513) 997-7003,Hamilton,OH,false
Pawsitive Flow,,https://www.indoordogpark.org/parks/pawsitive-flow,https://pawsitiveflow.com/,(513) 601-9597,Hamilton,OH,false
The Bird Shoppe,,https://www.indoordogpark.org/parks/the-bird-shoppe,http://www.thebirdshoppe.com/,(513) 874-4405,Hamilton,OH,false
Hollywood Feed,,https://www.indoordogpark.org/parks/hollywood-feed,https://locations.hollywoodfeed.com/ohio/west-chester/7996-princeton-glendale-rd/,(513) 682-5344,Hamilton,OH,false
"Paws , Claws and More",,https://www.indoordogpark.org/parks/paws-claws-and-more,,(513) 737-0783,Hamilton,OH,false
EarthWise Pet / Harper's Point,,https://www.indoordogpark.org/parks/earthwise-pet-harpers-point,https://harperspoint.earthwisepet.com/,(513) 469-7387,Hamilton,OH,false
Pet Supplies Plus Springfield-Tuttle,,https://www.indoordogpark.org/parks/pet-supplies-plus-springfield-tuttle,https://www.petsuppliesplus.com/store/oh/springfield/4387-springfield-tuttle/4387,(937) 504-5440,Springfield,OH,false
Pet Valu,,https://www.indoordogpark.org/parks/pet-valu,https://www.petvalu.ca/,,Springfield,OH,false
Captain Spish dog behavior,,https://www.indoordogpark.org/parks/captain-spish-dog-behavior,http://www.captain-spish-dog-behavior.com/,(937) 245-0656,Springfield,OH,false
Tizwhiz feed and Supply,,https://www.indoordogpark.org/parks/tizwhiz-feed-and-supply,http://www.tizwhizfeeds.com/,(937) 325-4667,Springfield,OH,false
Tractor Supply Co.,,https://www.indoordogpark.org/parks/tractor-supply-co,https://www.tractorsupply.com/tsc/store_Springfield-OH-45502_214?utm_source=localgmblisting&utm_medium=organic,(937) 399-8664,Springfield,OH,false
Feeders Pet Supply,,https://www.indoordogpark.org/parks/feeders-pet-supply,https://feederspetsupply.com/fairborn-oh/,(937) 412-0003,Springfield,OH,false
R Pets,,https://www.indoordogpark.org/parks/r-pets,https://r-pets.com/,(937) 877-3155,Springfield,OH,false
Feeders Pet Supply,,https://www.indoordogpark.org/parks/feeders-pet-supply,https://feederspetsupply.com/xenia-oh/,(937) 502-1572,Kettering,OH,false
Sugarcreek Bird Farm,,https://www.indoordogpark.org/parks/sugarcreek-bird-farm,http://www.sugarcreekbirdfarm.com/,(937) 848-4819,Kettering,OH,false
Ash Hill Reptiles / Matt's Underwater Journey,,https://www.indoordogpark.org/parks/ash-hill-reptiles-matts-underwater-journey,,(567) 267-0534,Elyria,OH,false
Hollywood Feed,,https://www.indoordogpark.org/parks/hollywood-feed,https://locations.hollywoodfeed.com/ohio/rocky-river/19565-detroit-rd/,(440) 333-1026,Lakewood,OH,false
Boggs Aquatics,,https://www.indoordogpark.org/parks/boggs-aquatics,https://www.facebook.com/BoggsAquatics/?view_public_for=2164258697155999,(330) 858-5814,Cuyahoga Falls,OH,false
Petco,,https://www.indoordogpark.org/parks/petco,https://stores.petco.com/oh/kent/pet-supplies-kent-oh-2872.html,(330) 677-1134,Cuyahoga Falls,OH,false
Bilby's BallRoom Middletown,,https://www.indoordogpark.org/parks/bilbys-ballroom-middletown,https://bilbysballroom.com/,(513) 915-7111,Middletown,OH,false
Petco,,https://www.indoordogpark.org/parks/petco,https://stores.petco.com/oh/franklin/pet-supplies-franklin-oh-2846.html,(513) 422-7641,Middletown,OH,false
Hollywood Feed,,https://www.indoordogpark.org/parks/hollywood-feed,https://locations.hollywoodfeed.com/ohio/springboro/756-n-main-st/,(937) 550-4701,Middletown,OH,false
1214 Central Store,,https://www.indoordogpark.org/parks/1214-central-store,,,Middletown,OH,false
Jack´s Pets,,https://www.indoordogpark.org/parks/jacks-pets,,,Middletown,OH,false
Pet Valu,,https://www.indoordogpark.org/parks/pet-valu,https://www.petvalu.ca/,(513) 727-8277,Middletown,OH,false
Tractor Supply Co.,,https://www.indoordogpark.org/parks/tractor-supply-co,https://www.tractorsupply.com/tsc/store_Hamilton-OH-45011_672?utm_source=localgmblisting&utm_medium=organic,(513) 895-8500,Middletown,OH,false
Tractor Supply Co.,,https://www.indoordogpark.org/parks/tractor-supply-co,https://www.tractorsupply.com/tsc/store_Middletown-OH-45044_1748?utm_source=localgmblisting&utm_medium=organic,(513) 422-3019,Middletown,OH,false
Pet Supplies Plus Newark,,https://www.indoordogpark.org/parks/pet-supplies-plus-newark,https://www.petsuppliesplus.com/Store/OH/Newark/Newark/151,(740) 364-1593,Newark,OH,false
Village Pet Market,,https://www.indoordogpark.org/parks/village-pet-market,http://villagepetmarket.com/,(740) 587-3656,Newark,OH,false
Petco,,https://www.indoordogpark.org/parks/petco,https://stores.petco.com/oh/heath/pet-supplies-heath-oh-2835.html,(740) 522-1602,Newark,OH,false
Bath & Biscuits,,https://www.indoordogpark.org/parks/bath-biscuits,http://www.mybathandbiscuits.com/,(740) 587-0011,Newark,OH,false
RJ's Aquarium,,https://www.indoordogpark.org/parks/rjs-aquarium,https://rjs-aquarium.edan.io/,(740) 928-2913,Newark,OH,false
Lindsays Doggy Day Spa,,https://www.indoordogpark.org/parks/lindsays-doggy-day-spa,,(740) 694-1885,Newark,OH,false
We Lov Pets - Mt Vernon,,https://www.indoordogpark.org/parks/we-lov-pets-mt-vernon,https://www.welovpets.com/stores/mount-vernon/,(740) 392-0059,Newark,OH,false
Pet Supplies Plus Westerville,,https://www.indoordogpark.org/parks/pet-supplies-plus-westerville,https://www.petsuppliesplus.com/Store/OH/Westerville/Westerville/159,(614) 794-9677,Newark,OH,false
Granville Milling Co - Newark,,https://www.indoordogpark.org/parks/granville-milling-co-newark,http://granvillemilling.net/,(740) 345-1305,Newark,OH,false
Tractor Supply Co.,,https://www.indoordogpark.org/parks/tractor-supply-co,https://www.tractorsupply.com/tsc/store_Newark-OH-43055_290?utm_source=localgmblisting&utm_medium=organic,(740) 366-2316,Newark,OH,false
We Lov Pets,,https://www.indoordogpark.org/parks/we-lov-pets,http://www.welovpets.com/,(740) 453-2145,Newark,OH,false
Pet Supplies Plus Lancaster,,https://www.indoordogpark.org/parks/pet-supplies-plus-lancaster,https://www.petsuppliesplus.com/Store/OH/Lancaster/Lancaster/190,(740) 654-5154,Newark,OH,false
Mutts & Co.,,https://www.indoordogpark.org/parks/mutts-co,https://muttsandco.com/,(614) 775-5555,Newark,OH,false
Ohio Pet Depot,,https://www.indoordogpark.org/parks/ohio-pet-depot,http://ohiopetdepot.com/,(419) 973-4632,Mansfield,OH,false
Exotic Pet Paradise,,https://www.indoordogpark.org/parks/exotic-pet-paradise,http://exoticpetparadise.com/,(567) 333-6160,Mansfield,OH,false
Pet Supplies Plus Mansfield,,https://www.indoordogpark.org/parks/pet-supplies-plus-mansfield,https://www.petsuppliesplus.com/Store/OH/Mansfield/Mansfield/106,(419) 747-1930,Mansfield,OH,false
Pet Shop,,https://www.indoordogpark.org/parks/pet-shop,,,Mansfield,OH,false
Feeders Pet Supply,,https://www.indoordogpark.org/parks/feeders-pet-supply,https://feederspetsupply.com/ashland-oh/,(419) 496-0909,Mansfield,OH,false
K C's Aquaworld,,https://www.indoordogpark.org/parks/k-cs-aquaworld,,(419) 462-5257,Mansfield,OH,false
Petco,,https://www.indoordogpark.org/parks/petco,https://stores.petco.com/oh/wooster/pet-supplies-wooster-oh-1953.html,(330) 345-2085,Mansfield,OH,false
Pet Valu,,https://www.indoordogpark.org/parks/pet-valu,https://www.petvalu.ca/,(567) 307-7128,Mansfield,OH,false
Gordon’s Aquatics LLC,,https://www.indoordogpark.org/parks/gordons-aquatics-llc,https://gordons-aquatics.shoplightspeed.com/,(419) 687-1049,Mansfield,OH,false
Four Paws Fins Feathers Tails,,https://www.indoordogpark.org/parks/four-paws-fins-feathers-tails,,(419) 563-0227,Mansfield,OH,false
Little Puppies Online,,https://www.indoordogpark.org/parks/little-puppies-online,https://www.littlepuppiesonline.com/?utm_source=google&utm_medium=organic&utm_campaign=gmb,(740) 501-8774,Mansfield,OH,false
Tractor Supply Co.,,https://www.indoordogpark.org/parks/tractor-supply-co,https://www.tractorsupply.com/tsc/store_Mansfield-OH-44906_675?utm_source=localgmblisting&utm_medium=organic,(419) 529-8590,Mansfield,OH,false
Pet Zone,,https://www.indoordogpark.org/parks/pet-zone,,(740) 389-6119,Mansfield,OH,false
Daily Doggy News,,https://www.indoordogpark.org/parks/daily-doggy-news,,,Mansfield,OH,false
Pet Supplies Plus Mentor,,https://www.indoordogpark.org/parks/pet-supplies-plus-mentor,https://www.petsuppliesplus.com/Store/OH/Mentor/Mentor/59,(440) 918-9480,Mentor,OH,false
Back Yard Feeding Station,,https://www.indoordogpark.org/parks/back-yard-feeding-station,https://www.backyardfeeding.com/,(440) 974-8600,Mentor,OH,false
Pet Wants Lake County,,https://www.indoordogpark.org/parks/pet-wants-lake-county,http://www.petwants.com/lakecounty,(216) 202-4080,Mentor,OH,false
Pet Supplies Plus Painesville,,https://www.indoordogpark.org/parks/pet-supplies-plus-painesville,https://www.petsuppliesplus.com/Store/OH/Painesville/Painesville/240,(440) 350-3778,Mentor,OH,false
Tractor Supply Co.,,https://www.indoordogpark.org/parks/tractor-supply-co,https://www.tractorsupply.com/tsc/store_Painesville-OH-44077_2485?utm_source=localgmblisting&utm_medium=organic,(440) 350-4630,Mentor,OH,false
Barktown Willoughby,,https://www.indoordogpark.org/parks/barktown-willoughby,https://www.barktownwilloughby.com/,(440) 510-8646,Mentor,OH,false
Pet Supplies Plus Willowick,,https://www.indoordogpark.org/parks/pet-supplies-plus-willowick,https://www.petsuppliesplus.com/Store/OH/Willowick/Willowick/191,(440) 295-0255,Mentor,OH,false
Plush Paws Products,,https://www.indoordogpark.org/parks/plush-paws-products,https://plushpawsproducts.com/,(440) 290-4155,Mentor,OH,false
Pet Supplies Plus Chardon,,https://www.indoordogpark.org/parks/pet-supplies-plus-chardon,https://www.petsuppliesplus.com/Store/OH/Chardon/Chardon/119,(440) 286-5442,Mentor,OH,false
Pet Wants Madison Village,,https://www.indoordogpark.org/parks/pet-wants-madison-village,https://www.petwantschardon.com/,(440) 307-4282,Mentor,OH,false
Family Farm & Home,,https://www.indoordogpark.org/parks/family-farm-home,http://www.familyfarmandhome.com/,(440) 307-1030,Mentor,OH,false
Pet Supplies Plus Beavercreek South,,https://www.indoordogpark.org/parks/pet-supplies-plus-beavercreek-south,https://www.petsuppliesplus.com/,(937) 317-4455,Beavercreek,OH,false
Friends Puppy Store,,https://www.indoordogpark.org/parks/friends-puppy-store,https://myweb8.site/explore/friends-puppy-store,(937) 306-8686,Beavercreek,OH,false
R Pets,,https://www.indoordogpark.org/parks/r-pets,http://r-pets.com/,(937) 773-7738,Beavercreek,OH,false
Healthy Hounds Bakery,,https://www.indoordogpark.org/parks/healthy-hounds-bakery,https://healthyhoundsohio.com/,(937) 701-5913,Beavercreek,OH,false
PawsCLE,,https://www.indoordogpark.org/parks/pawscle,http://www.pawscle.com/,(216) 713-0585,Cleveland Heights,OH,false
Pet Friendly Dog Bakery,,https://www.indoordogpark.org/parks/pet-friendly-dog-bakery,http://www.petfriendlydogbakery.com/,(215) 483-7387,Philadelphia,PA,false
Salty Paws Rittenhouse Square,,https://www.indoordogpark.org/parks/salty-paws-rittenhouse-square,http://www.saltypawsrittenhousesquare.com/,(304) 780-9037,Philadelphia,PA,false
Oggie's Doggies,,https://www.indoordogpark.org/parks/oggie-s-doggies,http://www.oggies-doggies.com/,(215) 869-2580,Philadelphia,PA,false
Monster Pets,,https://www.indoordogpark.org/parks/monster-pets,http://www.monsterpetsonline.com/,(215) 336-9000,Philadelphia,PA,false
Fairmount Pet Shoppe,,https://www.indoordogpark.org/parks/fairmount-pet-shoppe,http://www.fairmountpetshoppe.com/,(215) 236-6080,Philadelphia,PA,false
Perk Valley Pet Eatery,,https://www.indoordogpark.org/parks/perk-valley-pet-eatery,https://pvpeteatery.com/,(610) 454-0045,Philadelphia,PA,false
Baltimore Pet Shoppe,,https://www.indoordogpark.org/parks/baltimore-pet-shoppe,http://www.baltimorepetshoppe.com/,(215) 222-7387,Philadelphia,PA,false
Queenie's Pets,,https://www.indoordogpark.org/parks/queenie-s-pets,http://queeniespets.com/,(215) 248-9999,Philadelphia,PA,false
Litterpaw Pet Supply - Washington Square West,,https://www.indoordogpark.org/parks/litterpaw-pet-supply-washington-square-west,http://www.litterpawpetsupply.com/,(215) 825-5625,Philadelphia,PA,false
Pabby's Pet Resort,,https://www.indoordogpark.org/parks/pabby-s-pet-resort,http://www.pabbys.com/pabbys-pet-resort.html,(215) 997-7888,Philadelphia,PA,false
World Wide Aquarium & Pets,,https://www.indoordogpark.org/parks/world-wide-aquarium-pets,https://worldwideridge.wixsite.com/worldwideaquarium/about-us,(215) 482-8700,Philadelphia,PA,false
ham + bone Queen Village,,https://www.indoordogpark.org/parks/ham-bone-queen-village,http://www.hamnbone.com/,(267) 549-0077,Philadelphia,PA,false
Playful Pets,,https://www.indoordogpark.org/parks/playful-pets,http://www.playful-pets.net/,(610) 834-9951,Philadelphia,PA,false
WOW Pets,,https://www.indoordogpark.org/parks/wow-pets,http://www.wowpets.store/,(267) 684-6625,Philadelphia,PA,false
Jay's Exotic Reptiles & Plants,,https://www.indoordogpark.org/parks/jay-s-exotic-reptiles-plants,http://www.jaysexotics.com/,(267) 702-5294,Philadelphia,PA,false
Value Pet Center,,https://www.indoordogpark.org/parks/value-pet-center,http://www.valuepetcenter.com/,(856) 662-3666,Philadelphia,PA,false
ANIMA NATURAL PET PRODUCTS (BONeJOUR),,https://www.indoordogpark.org/parks/anima-natural-pet-products-bonejour,http://www.animapets.com/,(215) 800-1103,Philadelphia,PA,false
juicys Dog Boutique,,https://www.indoordogpark.org/parks/juicys-dog-boutique,https://juicysdogboutique.com/,(267) 756-3591,Philadelphia,PA,false
"Stay and Play Indoor Dog Park, LLC",,https://www.indoordogpark.org/parks/stay-and-play-indoor-dog-park-llc,https://stayandplayindoordogpark.com/,(878) 232-1980,New Castle,PA,false
Petagogy,,https://www.indoordogpark.org/parks/petagogy,https://petagogy.com/cranberry-twp/,(724) 776-5700,Butler,PA,false
Aqua World Pet Super Center,,https://www.indoordogpark.org/parks/aqua-world-pet-super-center,http://aquaworldpsc.com/,(412) 732-9100,Pittsburgh,PA,false
Petagogy,,https://www.indoordogpark.org/parks/petagogy,https://petagogy.com/,(412) 366-0700,Pittsburgh,PA,false
The Enclosure,,https://www.indoordogpark.org/parks/the-enclosure,https://theenclosure.top/,(724) 325-2363,Pittsburgh,PA,false
Pets In the Park,,https://www.indoordogpark.org/parks/pets-in-the-park,https://www.facebook.com/Petsintheparkk,(724) 285-7387,Pittsburgh,PA,false
See Spot Run Doggie Daycare,,https://www.indoordogpark.org/parks/see-spot-run-doggie-daycare,http://www.seespotrundoggiedaycare.com/,(724) 836-7768,Pittsburgh,PA,false
Pet Supplies Plus Allison Park,,https://www.indoordogpark.org/parks/pet-supplies-plus-allison-park,https://www.petsuppliesplus.com/store/pa/allison-park/4370-allison-park/4370,(724) 939-7006,Pittsburgh,PA,false
Pet Wants - South Hills,,https://www.indoordogpark.org/parks/pet-wants-south-hills,https://www.petwantssouthhills.com/,(412) 925-4542,Pittsburgh,PA,false
Petland Robinson,,https://www.indoordogpark.org/parks/petland-robinson,https://petlandrobinson.com/?utm_source=GMBlisting&utm_medium=organic,(412) 312-3463,Pittsburgh,PA,false
Petland Village of Eastside,,https://www.indoordogpark.org/parks/petland-village-of-eastside,http://www.petlandvillageofeastside.com/,(412) 363-7387,Pittsburgh,PA,false
The Dog Stop,,https://www.indoordogpark.org/parks/the-dog-stop,https://thedogstop.com/pa-pittsburgh-monroeville/,(412) 373-3355,Pittsburgh,PA,false
Wet Pets And Friends,,https://www.indoordogpark.org/parks/wet-pets-and-friends,http://wetpetsandfriends.com/,(724) 942-4442,Pittsburgh,PA,false
My Little Dog Shoppe,,https://www.indoordogpark.org/parks/my-little-dog-shoppe,,(412) 302-1337,Pittsburgh,PA,false
Petagogy,,https://www.indoordogpark.org/parks/petagogy,https://petagogy.com/south-hills/,(412) 599-1400,Pittsburgh,PA,false
Centurion Canine,,https://www.indoordogpark.org/parks/centurion-canine,https://www.centurioncanine.com/?utm_source=google&utm_medium=wix_google_business_profile&utm_campaign=17295817694681481672,(724) 762-8326,Pittsburgh,PA,false
Bowes & Bones,,https://www.indoordogpark.org/parks/bowes-bones,https://bowesandbones.com/,(717) 918-0199,Pittsburgh,PA,false
Pet Supplies Plus Edgewood Towne Center,,https://www.indoordogpark.org/parks/pet-supplies-plus-edgewood-towne-center,https://www.petsuppliesplus.com/Store/PA/Swissvale/Edgewood-Towne-Center/4053,(412) 242-0538,Pittsburgh,PA,false
Pet Supplies Plus Robinson Township,,https://www.indoordogpark.org/parks/pet-supplies-plus-robinson-township,https://www.petsuppliesplus.com/store/pa/robinson-township/4647-robinson-township/4647,(412) 788-4213,Pittsburgh,PA,false
Hollywood Feed,,https://www.indoordogpark.org/parks/hollywood-feed,https://locations.hollywoodfeed.com/pennsylvania/2738-sidney-st/,(412) 586-5093,Pittsburgh,PA,false
Hollywood Feed,,https://www.indoordogpark.org/parks/hollywood-feed,https://locations.hollywoodfeed.com/pennsylvania/1948-greentree-rd/,(412) 207-7580,Pittsburgh,PA,false
Paw De Deux,,https://www.indoordogpark.org/parks/paw-de-deux,https://pawdedeux.com/,,Pittsburgh,PA,false
Petland Monroeville,,https://www.indoordogpark.org/parks/petland-monroeville,https://www.petlandmonroeville.com/?utm_source=google&utm_medium=organic&utm_campaign=google_my_business,(412) 380-2522,Pittsburgh,PA,false
Off The Hook Exotics Pet Shop,,https://www.indoordogpark.org/parks/off-the-hook-exotics-pet-shop,,(724) 810-3519,Pittsburgh,PA,false
Pet Supplies Plus Bethel Park,,https://www.indoordogpark.org/parks/pet-supplies-plus-bethel-park,https://www.petsuppliesplus.com/Store/PA/Bethel-Park/Bethel-Park/87,(412) 831-8986,Pittsburgh,PA,false
Living Things,,https://www.indoordogpark.org/parks/living-things,https://www.facebook.com/profile.php?id=100095192463250&mibextid=LQQJ4d,(610) 841-7775,Allentown,PA,false
Doggy Dao & Cat's Meow,,https://www.indoordogpark.org/parks/doggy-dao-cat-s-meow,https://www.facebook.com/DoggyDaoCatsMeow/,(610) 838-1900,Allentown,PA,false
Canines-N-Critters,,https://www.indoordogpark.org/parks/canines-n-critters,https://caninesncritters.com/,(610) 266-8200,Allentown,PA,false
"AfFORDable Pet Center, Inc.",,https://www.indoordogpark.org/parks/affordable-pet-center-inc,https://affordablepetcenterinc.com/,(610) 440-0245,Allentown,PA,false
Pet Supplies Plus Whitehall,,https://www.indoordogpark.org/parks/pet-supplies-plus-whitehall,https://www.petsuppliesplus.com/Store/PA/Whitehall/Whitehall/9026,(610) 432-2199,Allentown,PA,false
Dart Frogs To Dogs,,https://www.indoordogpark.org/parks/dart-frogs-to-dogs,,(484) 281-3675,Allentown,PA,false
Petco,,https://www.indoordogpark.org/parks/petco,https://stores.petco.com/pa/easton/pet-supplies-easton-pa-2864.html,(610) 515-9725,Easton,PA,false
The Pet Shop,,https://www.indoordogpark.org/parks/the-pet-shop,http://www.thepetshopinc.com/,(610) 258-8200,Allentown,PA,false
EarthWise Pet Easton,,https://www.indoordogpark.org/parks/earthwise-pet-easton,http://easton.earthwisepet.com/,(610) 829-9809,Allentown,PA,false
Petco,,https://www.indoordogpark.org/parks/petco,https://stores.petco.com/pa/whitehall/pet-supplies-whitehall-pa-1845.html,(610) 266-4212,Allentown,PA,false
Trifecta K9,,https://www.indoordogpark.org/parks/trifecta-k9,http://trifectak9.com/,(484) 548-0788,Allentown,PA,false
Bird Mania,,https://www.indoordogpark.org/parks/bird-mania,http://www.birdmania.net/,(610) 798-7799,Allentown,PA,false
Duke's Delites,,https://www.indoordogpark.org/parks/duke-s-delites,https://dukesdelites.org/?utm_source=google&utm_medium=organic&utm_campaign=google_my_business&utm_content=website_button,(484) 894-7697,Allentown,PA,false
Pets Plus - Quakertown,,https://www.indoordogpark.org/parks/pets-plus-quakertown,http://www.petsplusnatural.com/,(215) 536-8777,Allentown,PA,false
Pet Supplies Plus Easton,,https://www.indoordogpark.org/parks/pet-supplies-plus-easton,https://www.petsuppliesplus.com/Store/PA/Easton/Easton/9041,(610) 258-5945,Allentown,PA,false
Sassy Dog Fashions,,https://www.indoordogpark.org/parks/sassy-dog-fashions,https://www.sassydogfashions.com/,(610) 262-5806,Allentown,PA,false
Heartland Pets,,https://www.indoordogpark.org/parks/heartland-pets,https://www.heartlandpets.net/,(814) 866-6407,Erie,PA,false
Buzz n B's Aquarium & Pet Shop,,https://www.indoordogpark.org/parks/buzz-n-b-s-aquarium-pet-shop,http://www.buzznbs.com/,(814) 616-0065,Erie,PA,false
Pet Supplies Plus Erie,,https://www.indoordogpark.org/parks/pet-supplies-plus-erie,https://www.petsuppliesplus.com/Store/PA/Erie/Erie/4103,(814) 651-0738,Erie,PA,false
Pet Supplies Plus Harborcreek,,https://www.indoordogpark.org/parks/pet-supplies-plus-harborcreek,https://www.petsuppliesplus.com/Store/PA/Erie/Harborcreek/4074,(814) 962-0123,Erie,PA,false
Petco,,https://www.indoordogpark.org/parks/petco,https://stores.petco.com/pa/erie/pet-supplies-erie-pa-1810.html,(814) 864-9256,Erie,PA,false
Bingo's Barkery & Pampered Pups Salon LLC,,https://www.indoordogpark.org/parks/bingo-s-barkery-pampered-pups-salon-llc,http://www.bingosbarkery.com/,(814) 840-0019,Erie,PA,false
Sea Cave,,https://www.indoordogpark.org/parks/sea-cave,https://www.seacaveinc.com/,(814) 456-9445,Erie,PA,false
Tractor Supply Co.,,https://www.indoordogpark.org/parks/tractor-supply-co,https://www.tractorsupply.com/tsc/store_Erie-PA-16510_2673?utm_source=localgmblisting&utm_medium=organic,(814) 528-5143,Erie,PA,false
Pine Grove Doxies,,https://www.indoordogpark.org/parks/pine-grove-doxies,,(814) 882-2322,Erie,PA,false
Exotic Fish & Pets,,https://www.indoordogpark.org/parks/exotic-fish-pets,https://www.facebook.com/FishPets22,(610) 921-9090,Reading,PA,false
Perfect Match Pet Shop,,https://www.indoordogpark.org/parks/perfect-match-pet-shop,http://perfectmatchpetshop.com/,(610) 376-5421,Reading,PA,false
Alpha Pet Stop,,https://www.indoordogpark.org/parks/alpha-pet-stop,,(484) 513-3168,Reading,PA,false
Pet Supplies Plus Shillington,,https://www.indoordogpark.org/parks/pet-supplies-plus-shillington,https://www.petsuppliesplus.com/Store/PA/SHILLINGTON/Shillington/9025,(610) 796-2292,Reading,PA,false
Oasis Dog Spa & Shoppe,,https://www.indoordogpark.org/parks/oasis-dog-spa-shoppe,http://www.oasisdogspaandshoppe.com/,(610) 816-5492,Reading,PA,false
Robin Zimmers Pets,,https://www.indoordogpark.org/parks/robin-zimmers-pets,http://robinzimmerspets.com/,(610) 367-5572,Reading,PA,false
Petco,,https://www.indoordogpark.org/parks/petco,https://stores.petco.com/pa/reading/pet-supplies-reading-pa-1734.html,(610) 376-3203,Reading,PA,false
Petco,,https://www.indoordogpark.org/parks/petco,https://stores.petco.com/pa/reading/pet-supplies-reading-pa-1895.html,(610) 779-6176,Reading,PA,false
Pretty paws grooming salon,,https://www.indoordogpark.org/parks/pretty-paws-grooming-salon,,(484) 772-0946,Reading,PA,false
Bokoo Pets,,https://www.indoordogpark.org/parks/bokoo-pets,https://www.bokoopets.com/,(610) 621-3313,Reading,PA,false
Ultimate Doggie Destination,,https://www.indoordogpark.org/parks/ultimate-doggie-destination,http://www.doggied.ecwid.com/,(267) 408-4099,Reading,PA,false
Patriot Pet Supply,,https://www.indoordogpark.org/parks/patriot-pet-supply,https://www.patriotpetsupply.com/,(610) 901-8332,Reading,PA,false
The Pet & Equine Shop,,https://www.indoordogpark.org/parks/the-pet-equine-shop,,(717) 445-5323,Reading,PA,false
Pet Supplies Plus Hamburg,,https://www.indoordogpark.org/parks/pet-supplies-plus-hamburg,https://www.petsuppliesplus.com/Store/PA/Hamburg/Hamburg/9048,(610) 562-7075,Reading,PA,false
Walk the Line Pet Care LLC,,https://www.indoordogpark.org/parks/walk-the-line-pet-care-llc,,(610) 927-7776,Reading,PA,false
Canine Acres Bakery and Deli,,https://www.indoordogpark.org/parks/canine-acres-bakery-and-deli,http://www.canineacresbakery.com/,(484) 415-5856,Reading,PA,false
Pet Supplies Plus Ephrata,,https://www.indoordogpark.org/parks/pet-supplies-plus-ephrata,https://www.petsuppliesplus.com/store/pa/ephrata/4389-ephrata/4389,(717) 447-5230,Reading,PA,false
Pet Palace Inc,,https://www.indoordogpark.org/parks/pet-palace-inc,http://papuppy.com/,(570) 347-5808,Scranton,PA,false
Pet Supplies Plus Scranton,,https://www.indoordogpark.org/parks/pet-supplies-plus-scranton,https://www.petsuppliesplus.com/Store/PA/Scranton/Scranton/9022,(570) 383-7180,Scranton,PA,false
The Pet Zone,,https://www.indoordogpark.org/parks/the-pet-zone,http://www.thepetzonepittston.com/,(570) 655-3260,Scranton,PA,false
Pet Wonderland Inc,,https://www.indoordogpark.org/parks/pet-wonderland-inc,https://nepapuppies.com/,(570) 823-3331,Scranton,PA,false
Puppies & More,,https://www.indoordogpark.org/parks/puppies-more,http://papuppy.com/,(570) 714-3101,Scranton,PA,false
Green Dog Barkery,,https://www.indoordogpark.org/parks/green-dog-barkery,https://greendogbarkery.com/,(570) 613-8003,Scranton,PA,false
Tropic Pet Center Inc,,https://www.indoordogpark.org/parks/tropic-pet-center-inc,http://www.papuppy.com/,(570) 829-0567,Scranton,PA,false
Pet Supplies Plus Pittston,,https://www.indoordogpark.org/parks/pet-supplies-plus-pittston,https://www.petsuppliesplus.com/Store/PA/Pittston/Pittston/4165,(570) 655-1527,Scranton,PA,false
Petables Puppy Boutique,,https://www.indoordogpark.org/parks/petables-puppy-boutique,https://nepapuppies.com/,(570) 861-8411,Scranton,PA,false
Paw Pack Doggy Daycare,,https://www.indoordogpark.org/parks/paw-pack-doggy-daycare,http://pawpack.net/,(570) 630-2812,Scranton,PA,false
Valley Dog,,https://www.indoordogpark.org/parks/valley-dog,,(570) 714-6239,Scranton,PA,false
The Puppy Burrow,,https://www.indoordogpark.org/parks/the-puppy-burrow,https://thepuppyburrow.com/,(570) 580-0405,Scranton,PA,false
Petfection Exotic Pet Specialist,,https://www.indoordogpark.org/parks/petfection-exotic-pet-specialist,http://www.facebook.com/pages/petfection-exotic-pet-specialist/287717128067304,(570) 872-9475,Scranton,PA,false
P & D Pet Supply,,https://www.indoordogpark.org/parks/p-d-pet-supply,http://pdpetsupply.com/,(570) 474-2822,Scranton,PA,false
Whiting’s Pet Supplies,,https://www.indoordogpark.org/parks/whiting-s-pet-supplies,http://www.whitingsonline.com/,(570) 733-2011,Scranton,PA,false
Tractor Supply Co.,,https://www.indoordogpark.org/parks/tractor-supply-co,https://www.tractorsupply.com/tsc/store_Scranton-PA-18504_1902?utm_source=localgmblisting&utm_medium=organic,(570) 344-3714,Scranton,PA,false
Petco,,https://www.indoordogpark.org/parks/petco,https://stores.petco.com/pa/wilkes-barre/pet-supplies-wilkes-barre-pa-1759.html,(570) 820-5973,Scranton,PA,false
Pet Supplies Plus Wilkes Barre,,https://www.indoordogpark.org/parks/pet-supplies-plus-wilkes-barre,https://www.petsuppliesplus.com/Store/PA/Wilkes-Barre/Wilkes-Barre/9012,(570) 829-3446,Scranton,PA,false
Yuppy Puppy Pet Shop,,https://www.indoordogpark.org/parks/yuppy-puppy-pet-shop,https://www.yuppypuppypet.com/,(570) 426-1800,Bethlehem,PA,false
The Reptile Depot,,https://www.indoordogpark.org/parks/the-reptile-depot,,(484) 358-5059,Bethlehem,PA,false
Dogs Are People Too,,https://www.indoordogpark.org/parks/dogs-are-people-too,,,Bethlehem,PA,false
Petco,,https://www.indoordogpark.org/parks/petco,https://stores.petco.com/pa/bethlehem/pet-supplies-bethlehem-pa-2853.html,(610) 861-8040,Bethlehem,PA,false
Mid-Atlantic K9 Services,,https://www.indoordogpark.org/parks/mid-atlantic-k9-services,http://www.midatlantick9.com/,(267) 685-6259,Bethlehem,PA,false
Keystone Pet Place Mount Joy,,https://www.indoordogpark.org/parks/keystone-pet-place-mount-joy,http://www.keystonepetplace.com/,(717) 492-0027,Lancaster,PA,false
Basset and Lab,,https://www.indoordogpark.org/parks/basset-and-lab,http://bassetandlab.com/,(717) 288-1200,Lancaster,PA,false
That Fish Place - That Pet Place,,https://www.indoordogpark.org/parks/that-fish-place-that-pet-place,https://www.thatpetplace.com/visit-our-retail-store?utm_source=google&utm_medium=googlemybusiness&utm_campaign=gmbprofilelink,(717) 299-5691,Lancaster,PA,false
Pet Supplies Plus Lancaster,,https://www.indoordogpark.org/parks/pet-supplies-plus-lancaster,https://www.petsuppliesplus.com/Store/PA/Lancaster/Lancaster/9037,(717) 392-1699,Lancaster,PA,false
Petco,,https://www.indoordogpark.org/parks/petco,https://stores.petco.com/pa/lancaster/pet-supplies-lancaster-pa-2817.html,(717) 393-2033,Lancaster,PA,false
Pet Supplies Plus Lititz,,https://www.indoordogpark.org/parks/pet-supplies-plus-lititz,https://www.petsuppliesplus.com/store/pa/lititz/4403-lititz/4403,(717) 568-2080,Lancaster,PA,false
AA Ridgewood Kennels II,,https://www.indoordogpark.org/parks/aa-ridgewood-kennels-ii,https://www.ridgewoodpuppies.com/,(610) 873-7045,Lancaster,PA,false
Morgan's Paws Pet Care Center,,https://www.indoordogpark.org/parks/morgan-s-paws-pet-care-center,http://www.morganspaws.com/,(717) 755-9544,Lancaster,PA,false
Finnegan Farms LLC,,https://www.indoordogpark.org/parks/finnegan-farms-llc,http://www.finneganfarmsllc.com/,(717) 863-8999,Lancaster,PA,false
Doggie Ready To Wear,,https://www.indoordogpark.org/parks/doggie-ready-to-wear,,(717) 824-3314,Lancaster,PA,false
Pet Supplies Plus Willow Street,,https://www.indoordogpark.org/parks/pet-supplies-plus-willow-street,https://www.petsuppliesplus.com/store/pa/willow-street/4394-willow-street/4394,(717) 301-8010,Lancaster,PA,false
Cape Horn Incredible Pets,,https://www.indoordogpark.org/parks/cape-horn-incredible-pets,http://www.capehornpets.com/,(717) 246-1981,Lancaster,PA,false
Howls and Meows Barkery,,https://www.indoordogpark.org/parks/howls-and-meows-barkery,,(717) 568-8228,Lancaster,PA,false
Zoomania,,https://www.indoordogpark.org/parks/zoomania,,(717) 695-7396,Harrisburg,PA,false
Blue Dog Pet Shop,,https://www.indoordogpark.org/parks/blue-dog-pet-shop,http://www.bluedogpetstore.com/,(717) 737-6465,Harrisburg,PA,false
Doggie Delights at The Broad Street Market,,https://www.indoordogpark.org/parks/doggie-delights-at-the-broad-street-market,http://doggiedelightsbakery.com/,(717) 761-6419,Harrisburg,PA,false
Just Four Dogs,,https://www.indoordogpark.org/parks/just-four-dogs,https://www.justfourdogs.com/,(717) 756-7519,Harrisburg,PA,false
Doggie Delights Bakery,,https://www.indoordogpark.org/parks/doggie-delights-bakery,http://doggiedelights.net/,(717) 761-6419,Harrisburg,PA,false
Pet Supplies Plus Lemoyne,,https://www.indoordogpark.org/parks/pet-supplies-plus-lemoyne,https://www.petsuppliesplus.com/Store/PA/Lemoyne/Lemoyne/4393,(717) 447-5227,Harrisburg,PA,false
Petco,,https://www.indoordogpark.org/parks/petco,https://stores.petco.com/pa/harrisburg/pet-supplies-harrisburg-pa-1887.html,(717) 652-1791,Harrisburg,PA,false
Petco,,https://www.indoordogpark.org/parks/petco,https://stores.petco.com/pa/harrisburg/pet-supplies-harrisburg-pa-3826.html,(717) 603-4314,Harrisburg,PA,false
Musselman's Pet Paradise Inc,,https://www.indoordogpark.org/parks/musselman-s-pet-paradise-inc,,(717) 528-8123,Harrisburg,PA,false
Little Paws Dog Shop LLC,,https://www.indoordogpark.org/parks/little-paws-dog-shop-llc,http://www.littlepawsdogshop.com/,(717) 832-7297,Harrisburg,PA,false
Pet Supplies Plus Etters,,https://www.indoordogpark.org/parks/pet-supplies-plus-etters,https://www.petsuppliesplus.com/store/pa/etters/4395-etters/4395,(717) 466-2078,Harrisburg,PA,false
Zoomania,,https://www.indoordogpark.org/parks/zoomania,,(717) 695-7396,Harrisburg,PA,false
Just Four Dogs,,https://www.indoordogpark.org/parks/just-four-dogs,https://www.justfourdogs.com/,(717) 756-7519,Harrisburg,PA,false
Knisely's Pet & Farm Center,,https://www.indoordogpark.org/parks/knisely-s-pet-farm-center,http://kniselys.com/,(717) 243-2233,Harrisburg,PA,false
Petco,,https://www.indoordogpark.org/parks/petco,https://stores.petco.com/pa/harrisburg/pet-supplies-harrisburg-pa-1887.html,(717) 652-1791,Harrisburg,PA,false
Petco,,https://www.indoordogpark.org/parks/petco,https://stores.petco.com/pa/harrisburg/pet-supplies-harrisburg-pa-3826.html,(717) 603-4314,Harrisburg,PA,false
Just For Pets,,https://www.indoordogpark.org/parks/just-for-pets,https://justforpetsyorkpa.com/,(717) 292-4329,Harrisburg,PA,false
A & S Dog Treats,,https://www.indoordogpark.org/parks/a-s-dog-treats,http://www.asdogtreats.com/,(717) 919-4957,Harrisburg,PA,false
Petco,,https://www.indoordogpark.org/parks/petco,https://stores.petco.com/pa/mechanicsburg/pet-supplies-mechanicsburg-pa-1891.html,(717) 796-3604,Harrisburg,PA,false
Uncle Ben's Pets,,https://www.indoordogpark.org/parks/uncle-ben-s-pets,,(814) 695-9598,Altoona,PA,false
J S K's Fish & More,,https://www.indoordogpark.org/parks/j-s-k-s-fish-more,,(814) 886-9522,Altoona,PA,false
SALTWATER SHACK,,https://www.indoordogpark.org/parks/saltwater-shack,https://www.facebook.com/Saltwater-Shack-183284665371497/,(814) 934-9606,Altoona,PA,false
Qscapes,,https://www.indoordogpark.org/parks/qscapes,http://qscapes.fish/,(814) 600-9614,Altoona,PA,false
Petco,,https://www.indoordogpark.org/parks/petco,https://stores.petco.com/pa/altoona/pet-supplies-altoona-pa-1765.html,(814) 942-4983,Altoona,PA,false
Pet Supplies Plus Altoona,,https://www.indoordogpark.org/parks/pet-supplies-plus-altoona,https://www.petsuppliesplus.com/store/ia/altoona/4146-altoona/4146,(515) 967-0482,Altoona,PA,false
Petco,,https://www.indoordogpark.org/parks/petco,https://stores.petco.com/pa/altoona/pet-supplies-altoona-pa-3814.html,(814) 946-0953,Altoona,PA,false
Just Food For Dogs,,https://www.indoordogpark.org/parks/just-food-for-dogs,https://www.justfoodfordogs.com/store/760-butler-crossings-butler-pa-16001.html?utm_source=local&utm_medium=organic&utm_campaign=GMB&utm_content=petshop,(724) 284-0062,Butler,PA,false
Pampered Pooch Bakery & Salon,,https://www.indoordogpark.org/parks/pampered-pooch-bakery-salon,https://www.pamperedpoochaltoona.com/,(515) 957-0005,Altoona,PA,false
Tangled Tails,,https://www.indoordogpark.org/parks/tangled-tails,http://tangledtailspetgrooming.com/,(515) 381-0511,Altoona,PA,false
Little Whiskers Rattery & Co,,https://www.indoordogpark.org/parks/little-whiskers-rattery-co,https://littlewhiskersratteryco.com/,(814) 482-1583,Altoona,PA,false
Pet Valu,,https://www.indoordogpark.org/parks/pet-valu,https://www.petvalu.ca/,(814) 201-2165,Altoona,PA,false
Pet Supplies Plus Shrewsbury,,https://www.indoordogpark.org/parks/pet-supplies-plus-shrewsbury,https://www.petsuppliesplus.com/Store/PA/Shrewsbury/Shrewsbury/4400,(717) 739-0160,York,PA,false
Jocelyn's Puppies & Pet Supplies,,https://www.indoordogpark.org/parks/jocelyn-s-puppies-pet-supplies,http://www.jocelynspuppiesandpetsupplies.com/,(717) 632-0550,York,PA,false
Vinnie's Bow Wow Shoppe,,https://www.indoordogpark.org/parks/vinnie-s-bow-wow-shoppe,https://oakmans.wixsite.com/website3/available-pomeranians,(717) 793-9466,York,PA,false
Your Puppy Store,,https://www.indoordogpark.org/parks/your-puppy-store,https://yourpuppystore.com/,(717) 793-9466,York,PA,false
Petco,,https://www.indoordogpark.org/parks/petco,https://stores.petco.com/pa/york/pet-supplies-york-pa-2814.html,(717) 840-1755,York,PA,false
Petco,,https://www.indoordogpark.org/parks/petco,https://stores.petco.com/pa/york/pet-supplies-york-pa-2891.html,(717) 767-4972,York,PA,false
Nature's Pet Place - Nature's Pet Place,,https://www.indoordogpark.org/parks/nature-s-pet-place-nature-s-pet-place,https://www.naturespetplace.com/products/shop/,(717) 632-2000,York,PA,false
Agway West York,,https://www.indoordogpark.org/parks/agway-west-york,http://www.westyorkagway.com,(717) 668-8258,York,PA,false
Tractor Supply Co.,,https://www.indoordogpark.org/parks/tractor-supply-co,https://www.tractorsupply.com/tsc/store_York-PA-17404_234?utm_source=localgmblisting&utm_medium=organic,(717) 845-8200,York,PA,false
Just Food For Dogs,,https://www.indoordogpark.org/parks/just-food-for-dogs,https://www.justfoodfordogs.com/store/630-town-center-dr-york-pa-17408.html?utm_source=local&utm_medium=organic&utm_campaign=GMB&utm_content=petshop,(717) 767-4972,York,PA,false
Lucy's Dog Dudds,,https://www.indoordogpark.org/parks/lucy-s-dog-dudds,,(717) 681-4427,York,PA,false
Village Pet Shoppe,,https://www.indoordogpark.org/parks/village-pet-shoppe,https://villagepetshoppe.net/,(717) 637-1734,York,PA,false
Pet Supplies Plus State College,,https://www.indoordogpark.org/parks/pet-supplies-plus-state-college,https://www.petsuppliesplus.com/store/pa/state-college/4263-state-college/4263,(814) 996-4912,State College,PA,false
Petco,,https://www.indoordogpark.org/parks/petco,https://stores.petco.com/pa/statecollege/pet-supplies-statecollege-pa-1827.html,(814) 235-9890,State College,PA,false
Tractor Supply Co.,,https://www.indoordogpark.org/parks/tractor-supply-co,https://www.tractorsupply.com/tsc/store_Statecollege-PA-16801_708?utm_source=localgmblisting&utm_medium=organic,(814) 867-3337,State College,PA,false
Brookside Pups - Wilksbarre,,https://www.indoordogpark.org/parks/brookside-pups-wilksbarre,http://www.brooksidepups.com/available-pups,(570) 762-9466,Wilkes-Barre,PA,false
Petco,,https://www.indoordogpark.org/parks/petco,https://stores.petco.com/pa/edwardsville/pet-supplies-edwardsville-pa-2854.html,(570) 288-0207,Wilkes-Barre,PA,false
Siobhans desire,,https://www.indoordogpark.org/parks/siobhans-desire,,,Wilkes-Barre,PA,false
All the Dogs,,https://www.indoordogpark.org/parks/all-the-dogs,http://www.allthedogslove.com/,(484) 887-0282,Chester,PA,false
Pet Supplies Plus West Chester,,https://www.indoordogpark.org/parks/pet-supplies-plus-west-chester,https://www.petsuppliesplus.com/Store/PA/West-Chester/West-Chester/9059,(610) 696-8042,Chester,PA,false
Salty Paws Doggie Ice Cream Shop and Bakery,,https://www.indoordogpark.org/parks/salty-paws-doggie-ice-cream-shop-and-bakery,https://www.facebook.com/saltypawswestchesterpa,(484) 667-7122,Chester,PA,false
Concord Pet Foods & Supplies,,https://www.indoordogpark.org/parks/concord-pet-foods-supplies,https://concordpetfoods.com/,(610) 701-9111,Chester,PA,false
Patience's Puppies,,https://www.indoordogpark.org/parks/patience-s-puppies,http://patiencespuppies.com/,(302) 834-4137,Chester,PA,false
Petco,,https://www.indoordogpark.org/parks/petco,https://stores.petco.com/pa/westchester/pet-supplies-westchester-pa-2863.html,(610) 344-0156,Chester,PA,false
Abel Pet Supply,,https://www.indoordogpark.org/parks/abel-pet-supply,http://www.abelpetsupply.com/,(610) 380-2036,Chester,PA,false
Earthwise Pet Supply,,https://www.indoordogpark.org/parks/earthwise-pet-supply,https://exton.earthwisepet.com/products/shop/,(484) 873-3901,Chester,PA,false
Pet Supplies Plus Thorndale,,https://www.indoordogpark.org/parks/pet-supplies-plus-thorndale,https://www.petsuppliesplus.com/store/pa/thorndale/4377-thorndale/4377,(484) 378-7180,Chester,PA,false
Pets and Friends JV,,https://www.indoordogpark.org/parks/pets-and-friends-jv,,(610) 345-1145,Chester,PA,false
PV Pets,,https://www.indoordogpark.org/parks/pv-pets,http://pvpetshop.com/,(856) 678-8600,Chester,PA,false
GiggyBites Bakery for Dogs,,https://www.indoordogpark.org/parks/giggybites-bakery-for-dogs,https://giggybites.com/,(610) 358-3647,Chester,PA,false
Pet Supplies Plus Woodlyn,,https://www.indoordogpark.org/parks/pet-supplies-plus-woodlyn,https://www.petsuppliesplus.com/store/pa/woodlyn/4009-woodlyn/4009,(484) 480-5456,Chester,PA,false
Pet Supplies Plus Wilmington,,https://www.indoordogpark.org/parks/pet-supplies-plus-wilmington,https://www.petsuppliesplus.com/Store/DE/Wilmington/Wilmington/9073,(302) 654-8901,Chester,PA,false
Pickering Valley Feed & Farm Store,,https://www.indoordogpark.org/parks/pickering-valley-feed-farm-store,http://www.pickeringvalleyfeed.com/,(610) 363-8810,Chester,PA,false
Petco,,https://www.indoordogpark.org/parks/petco,https://stores.petco.com/pa/muncy/pet-supplies-muncy-pa-2782.html,(570) 546-0710,Williamsport,PA,false
Paw Print Kennel,,https://www.indoordogpark.org/parks/paw-print-kennel,http://www.pawprintpuppy.com/,(570) 452-7366,Williamsport,PA,false
Pet World,,https://www.indoordogpark.org/parks/pet-world,,(570) 286-7170,Williamsport,PA,false
River City Farm and Pet Supply,,https://www.indoordogpark.org/parks/river-city-farm-and-pet-supply,http://www.rivercityfarmandpetsupply.com/,(301) 223-8988,Williamsport,PA,false
Pet Supplies Plus Lewisburg,,https://www.indoordogpark.org/parks/pet-supplies-plus-lewisburg,https://www.petsuppliesplus.com/store/pa/lewisburg/4401-lewisburg/4401,(570) 551-6418,Williamsport,PA,false
Scales & Tails Pet Store LLC,,https://www.indoordogpark.org/parks/scales-tails-pet-store-llc,https://www.facebook.com/profile.php?id=61567940336586&mibextid=ZbWKwL,(570) 637-8430,Williamsport,PA,false
Gittler's Aquarium & Aviary,,https://www.indoordogpark.org/parks/gittler-s-aquarium-aviary,https://gittlersaquarium.com/,(814) 536-2525,Johnstown,PA,false
Petco,,https://www.indoordogpark.org/parks/petco,https://stores.petco.com/pa/johnstown/pet-supplies-johnstown-pa-1842.html,(814) 266-0820,Johnstown,PA,false
Johnstown Pet Services,,https://www.indoordogpark.org/parks/johnstown-pet-services,,(814) 254-4021,Johnstown,PA,false
Just Food For Dogs,,https://www.indoordogpark.org/parks/just-food-for-dogs,https://www.justfoodfordogs.com/store/410-town-centre-dr-johnstown-pa-15904.html?utm_source=local&utm_medium=organic&utm_campaign=GMB&utm_content=petshop,(814) 266-0820,Johnstown,PA,false
Makin' Tracks,,https://www.indoordogpark.org/parks/makin-tracks,http://www.makintrx.com/,(724) 459-0593,Johnstown,PA,false
Ligonier Paws on Main,,https://www.indoordogpark.org/parks/ligonier-paws-on-main,http://www.ligonierpawsonmain.com/,(878) 238-1729,Johnstown,PA,false
Pet Supplies Plus Latrobe,,https://www.indoordogpark.org/parks/pet-supplies-plus-latrobe,https://www.petsuppliesplus.com/Store/PA/Latrobe/Latrobe/4097,(724) 539-1909,Johnstown,PA,false
Pearce's Pet Place,,https://www.indoordogpark.org/parks/pearce-s-pet-place,https://m.facebook.com/PearcesPetPlace/,(724) 349-6016,Johnstown,PA,false
Tractor Supply Co.,,https://www.indoordogpark.org/parks/tractor-supply-co,https://www.tractorsupply.com/tsc/store_Johnstown-PA-15904_732?utm_source=localgmblisting&utm_medium=organic,(814) 269-9515,Johnstown,PA,false
Thomas Feed Mill,,https://www.indoordogpark.org/parks/thomas-feed-mill,http://www.thomasfeedmill.com/,(814) 479-4426,Johnstown,PA,false
Critter Corner,,https://www.indoordogpark.org/parks/critter-corner,,(724) 652-4488,New Castle,PA,false
Pet Parlor,,https://www.indoordogpark.org/parks/pet-parlor,https://www.facebook.com/PetParlorPA/,(724) 652-0655,New Castle,PA,false
New Castle Agway,,https://www.indoordogpark.org/parks/new-castle-agway,https://pittsburghagway.com/,(724) 654-3841,New Castle,PA,false
Precious Paws Pet Grooming,,https://www.indoordogpark.org/parks/precious-paws-pet-grooming,,(724) 530-9914,New Castle,PA,false
Pet Supplies Plus Chippewa Center,,https://www.indoordogpark.org/parks/pet-supplies-plus-chippewa-center,https://www.petsuppliesplus.com/store/pa/beaver-falls/4123-beaver-falls/4123,(724) 624-7592,New Castle,PA,false
Pet Supplies Plus Hermitage,,https://www.indoordogpark.org/parks/pet-supplies-plus-hermitage,https://www.petsuppliesplus.com/Store/PA/Hermitage/Hermitage/111,(724) 347-2292,New Castle,PA,false
Hermitage Agway,,https://www.indoordogpark.org/parks/hermitage-agway,http://www.hermitageagway.com/,(724) 347-3031,New Castle,PA,false
Grove City Agway & Pets,,https://www.indoordogpark.org/parks/grove-city-agway-pets,https://grovecityagway.com/,(724) 458-9830,New Castle,PA,false
Tractor Supply Co.,,https://www.indoordogpark.org/parks/tractor-supply-co,https://www.tractorsupply.com/tsc/store_Newcastle-PA-16101_1191?utm_source=localgmblisting&utm_medium=organic,(724) 657-2856,New Castle,PA,false
Grand Paws Pet Salon & Boutique,,https://www.indoordogpark.org/parks/grand-paws-pet-salon-boutique,https://zvet.net/explore/grand-paws-pet-salon-boutique/,(724) 766-5092,New Castle,PA,false
Butler Agway,,https://www.indoordogpark.org/parks/butler-agway,http://www.pittsburghagway.com/,(724) 482-2194,Butler,PA,false
Petco,,https://www.indoordogpark.org/parks/petco,https://stores.petco.com/pa/butler/pet-supplies-butler-pa-1888.html,(724) 284-0062,Butler,PA,false
Petco,,https://www.indoordogpark.org/parks/petco,https://stores.petco.com/pa/gibsonia/pet-supplies-gibsonia-pa-2869.html,(724) 443-3400,Butler,PA,false
Just Food For Dogs,,https://www.indoordogpark.org/parks/just-food-for-dogs,https://www.justfoodfordogs.com/store/760-butler-crossings-butler-pa-16001.html?utm_source=local&utm_medium=organic&utm_campaign=GMB&utm_content=petshop,(724) 284-0062,Butler,PA,false
Oberst Pet Paradise,,https://www.indoordogpark.org/parks/oberst-pet-paradise,,(724) 763-7929,Butler,PA,false
Petagogy,,https://www.indoordogpark.org/parks/petagogy,https://petagogy.com/cranberry-twp/,(724) 776-5700,Butler,PA,false
Petco,,https://www.indoordogpark.org/parks/petco,https://stores.petco.com/pa/easton/pet-supplies-easton-pa-887.html,(610) 330-0740,Easton,PA,false
Petco,,https://www.indoordogpark.org/parks/petco,https://stores.petco.com/pa/easton/pet-supplies-easton-pa-2864.html,(610) 515-9725,Easton,PA,false
Saint Rocco's Treats,,https://www.indoordogpark.org/parks/saint-rocco-s-treats,http://www.saintroccostreats.shop/,(267) 360-6115,Easton,PA,false
"Furrylicious, LLC",,https://www.indoordogpark.org/parks/furrylicious-llc,https://www.furrylicious.com/?utm_source=GMBlisting&utm_medium=organic,(908) 747-4417,Easton,PA,false
The Purrfect Pet,,https://www.indoordogpark.org/parks/the-purrfect-pet,https://www.thepurrfectpet.com/,(908) 268-9389,Easton,PA,false
PFWH.COM Discount Dog & Horse Supplies,,https://www.indoordogpark.org/parks/pfwh-com-discount-dog-horse-supplies,http://www.pfwh.com/,(800) 869-8225,Easton,PA,false
Jack's Dog Farm,,https://www.indoordogpark.org/parks/jack-s-dog-farm,https://jacksdogfarm.org/,(215) 766-8802,Easton,PA,false
WaggingWalks,,https://www.indoordogpark.org/parks/waggingwalks,,(484) 635-8184,Easton,PA,false
Brandt's Mill,,https://www.indoordogpark.org/parks/brandt-s-mill,https://www.brandtsmill.com/,(717) 272-6781,Lebanon,PA,false
Tractor Supply Co.,,https://www.indoordogpark.org/parks/tractor-supply-co,https://www.tractorsupply.com/tsc/store_Lebanon-PA-17042_268?utm_source=localgmblisting&utm_medium=organic,(717) 274-2106,Lebanon,PA,false
Urban Dog Bar,,https://www.indoordogpark.org/parks/urban-dog-bar,https://urbandogbar.com/,(615) 678-8861,Nashville,TN,false
Centennial Dog Park,,https://www.indoordogpark.org/parks/centennial-dog-park,http://www.nashville.gov/Parks-and-Recreation/Parks/Dog-Parks.aspx,(615) 862-8400,Nashville,TN,false
Two Rivers Dog Park,,https://www.indoordogpark.org/parks/two-rivers-dog-park,http://www.nashville.gov/Parks-and-Recreation/Parks/Dog-Parks.aspx,(615) 862-8400,Nashville,TN,false
Shelby Dog Park,,https://www.indoordogpark.org/parks/shelby-dog-park,http://www.nashville.gov/Parks-and-Recreation/Parks/Dog-Parks.aspx,(615) 862-8400,Nashville,TN,false
Downtown Dog Park,,https://www.indoordogpark.org/parks/downtown-dog-park,,,Nashville,TN,false
Dogtopia of Hickory Plaza Nashville,,https://www.indoordogpark.org/parks/dogtopia-of-hickory-plaza-nashville,https://www.dogtopia.com/hickory-plaza-nashville/,(615) 257-0222,Nashville,TN,false
Edwin Warner Dog Park,,https://www.indoordogpark.org/parks/edwin-warner-dog-park,http://www.nashville.gov/Parks-and-Recreation/Parks/Dog-Parks.aspx,(615) 862-8400,Nashville,TN,false
Fair Park Dog Park,,https://www.indoordogpark.org/parks/fair-park-dog-park,https://www.nashville.gov/departments/parks/parks/dog-parks,,Nashville,TN,false
Pitts Dog Park,,https://www.indoordogpark.org/parks/pitts-dog-park,http://pitts-dog-park.edan.io/,,Antioch,TN,false
Bark Public House,,https://www.indoordogpark.org/parks/bark-public-house,https://barkpublic.com/,(615) 669-0814,Nashville,TN,false
The Village Unleashed,,https://www.indoordogpark.org/parks/the-village-unleashed,http://thevillageunleashed.com/,(808) 865-3274,Nashville,TN,false
Stones River Dog Park,,https://www.indoordogpark.org/parks/stones-river-dog-park,,(615) 862-8400,Nashville,TN,false
Dogtopia of 8th Avenue - Nashville,,https://www.indoordogpark.org/parks/dogtopia-of-8th-avenue-nashville,https://www.dogtopia.com/8thave-nashville/,(615) 486-2626,Nashville,TN,false
K-9 Korral Dog Park,,https://www.indoordogpark.org/parks/k-9-korral-dog-park,https://www.franklintn.gov/government/departments-k-z/parks/park-locations/dog-parks,(615) 794-2103,Franklin,TN,false
Gulch Dog Park,,https://www.indoordogpark.org/parks/gulch-dog-park,http://gulchevents.com/gulch-dog-park,,Nashville,TN,false
LaLa Land aka Pups Paradise Private Dog Park,,https://www.indoordogpark.org/parks/lala-land-aka-pups-paradise-private-dog-park,https://www.sniffspot.com/to/g6w8j,(615) 414-0298,Pleasant View,TN,false
Bark Springs Dog Park Smyrna TN,,https://www.indoordogpark.org/parks/bark-springs-dog-park-smyrna-tn,https://www.townofsmyrna.org/parks_business_detail_T55_R27.php,(615) 459-9773,Smyrna,TN,false
Yardstick Dog Hotel - West Nashville,,https://www.indoordogpark.org/parks/yardstick-dog-hotel-west-nashville,https://yardstick.dog/nashville/west-nashville?UTM_source=GMB_listing&UTM_medium=organic,(615) 203-8293,Nashville,TN,false
Hounds Town,,https://www.indoordogpark.org/parks/hounds-town,https://houndstownusa.com/locations/nashville/?utm_source=google&utm_medium=map&utm_id=nashville-tn,(615) 880-8696,Nashville,TN,false
Camp Bow Wow Nashville - Downtown,,https://www.indoordogpark.org/parks/camp-bow-wow-nashville-downtown,https://www.campbowwow.com/nashville-downtown/,(629) 265-0873,Berry Hill,TN,false
Yardstick Dog Hotel - Berry Hill,,https://www.indoordogpark.org/parks/yardstick-dog-hotel-berry-hill,https://yardstick.dog/nashville/berry-hill?UTM_source=GMB_listing&UTM_medium=organic,(615) 203-8287,Nashville,TN,false
SouthPaws Nashville,,https://www.indoordogpark.org/parks/southpaws-nashville,https://www.southpawdog.com/,(615) 736-5700,Nashville,TN,false
Pet Resorts Dog Daycare,,https://www.indoordogpark.org/parks/pet-resorts-dog-daycare,https://www.petresortsofamerica.com/,(615) 915-3062,Nashville,TN,false
Miss Kitty's Dog Resort,,https://www.indoordogpark.org/parks/miss-kitty-s-dog-resort,https://www.misskittysnashville.com/,(615) 292-1900,Nashville,TN,false
The Belmont Pet Resort and Daycare,,https://www.indoordogpark.org/parks/the-belmont-pet-resort-and-daycare,http://www.thebelmontpetresort.com/,(615) 292-7529,Nashville,TN,false
Dogville,,https://www.indoordogpark.org/parks/dogville,https://dogville-nashville.com/,(615) 645-9931,Nashville,TN,false
Yardstick Dog Hotel - East Nashville,,https://www.indoordogpark.org/parks/yardstick-dog-hotel-east-nashville,https://yardstick.dog/nashville/east-nashville?UTM_source=GMB_listing&UTM_medium=organic,(615) 622-4143,Nashville,TN,false
Nashville Pet Spa,,https://www.indoordogpark.org/parks/nashville-pet-spa,http://www.nashvillepetspa.com/,(615) 939-5757,Mt. Juliet,TN,false
GoDog West Nashville,,https://www.indoordogpark.org/parks/godog-west-nashville,https://godoghq.com/,(615) 891-2536,Nashville,TN,false
The Dog Spot,,https://www.indoordogpark.org/parks/the-dog-spot,http://thedogspot.com/,(615) 334-0000,Nashville,TN,false
Pet Resorts of America,,https://www.indoordogpark.org/parks/pet-resorts-of-america,http://petresortsofamerica.com/,(615) 356-6996,Nashville,TN,false
Peace Love and Paws,,https://www.indoordogpark.org/parks/peace-love-and-paws,https://peacelovepawsnashville.com/,(615) 933-7297,Nashville,TN,false
Camp Bow Wow Smyrna,,https://www.indoordogpark.org/parks/camp-bow-wow-smyrna,https://www.campbowwow.com/smyrna/,(615) 625-6230,Smyrna,TN,false
Hilltop Pet Resort,,https://www.indoordogpark.org/parks/hilltop-pet-resort,http://www.hilltoppetresorts.com/,(615) 758-3842,Mt. Juliet,TN,false
Greymont Kennel,,https://www.indoordogpark.org/parks/greymont-kennel,https://www.greymontkennel.com/?utm_source=gmb&utm_medium=Yext&cp=6292057641&y_source=1_MTU3OTA0NTMtNzE1LWxvY2F0aW9uLndlYnNpdGU%3D,(615) 799-9155,Fairview,TN,false
Tiny Paws Resort. LLC,,https://www.indoordogpark.org/parks/tiny-paws-resort-llc,http://www.tinypawsresort.com/,(615) 581-0051,White House,TN,false
Tip Top K9 Dog Training,,https://www.indoordogpark.org/parks/tip-top-k9-dog-training,http://www.tiptopk9.com/,(615) 270-2200,Nashville,TN,false
The Dog Wizard Nashville,,https://www.indoordogpark.org/parks/the-dog-wizard-nashville,https://thedogwizard.com/locations/us/tn/nashville/dog-training-24.html?utm_source=google&utm_medium=organic&utm_campaign=google+business+profile,(615) 314-8437,Nashville,TN,false
All Dogs Unleashed,,https://www.indoordogpark.org/parks/all-dogs-unleashed,http://alldogsunleashed.com/Nashville?utm_source=GMBlisting&utm_medium=organic,(615) 953-7177,Nashville,TN,false
Nashville K-9,,https://www.indoordogpark.org/parks/nashville-k-9,http://www.nashvillek9.com/,(615) 283-7100,Franklin,TN,false
Nashville Dog Training Club,,https://www.indoordogpark.org/parks/nashville-dog-training-club,http://www.nashvilledog.org/,,Nashville,TN,false
Tip Top K9 Franklin Dog Training,,https://www.indoordogpark.org/parks/tip-top-k9-franklin-dog-training,http://www.tiptopk9.com/,(833) 484-7867,Franklin,TN,false
Dogs and Kat,,https://www.indoordogpark.org/parks/dogs-and-kat,https://dogsandkat.com/,(615) 712-6083,Nashville,TN,false
Advanced Canine,,https://www.indoordogpark.org/parks/advanced-canine,https://www.advancedcanine.com/?utm_medium=organic&utm_source=google_local,(615) 866-1365,Madison,TN,false
Fresh Canine Training Academy,,https://www.indoordogpark.org/parks/fresh-canine-training-academy,http://freshcanine.com/,(615) 569-0429,Franklin,TN,false
Snell's Innovative Training,,https://www.indoordogpark.org/parks/snell-s-innovative-training,https://www.sitfordogs.com/,(629) 888-3856,Nashville,TN,false
Off Leash K9 Training Tennessee,,https://www.indoordogpark.org/parks/off-leash-k9-training-tennessee,http://www.olk9tn.dog/,(615) 905-6559,Murfreesboro,TN,false
Good Dogs Training,,https://www.indoordogpark.org/parks/good-dogs-training,,(781) 266-8667,Nashville,TN,false
Fairy Tail K9,,https://www.indoordogpark.org/parks/fairy-tail-k9,https://fairytailk9.com/,(615) 626-5364,Nashville,TN,false
K-9 Companions Nashville,,https://www.indoordogpark.org/parks/k-9-companions-nashville,https://k-9companionsnashville.com/,(615) 939-4877,Mt. Juliet,TN,false
The Homeschooled Hound,,https://www.indoordogpark.org/parks/the-homeschooled-hound,https://www.thehomeschooledhound.com/,(615) 933-8567,Nashville,TN,false
Agoge K9 Dog Training Nashville,,https://www.indoordogpark.org/parks/agoge-k9-dog-training-nashville,https://www.agogek9llc.com/?utm_source=google-gmb-maps&utm_medium=gmb-website-button&utm_campaign=locl.io&utm_content=279035bb-3228-499c-9ffd-93c56fa2821f,(629) 468-2711,Hartsville,TN,false
Zoom Room Nashville-East Dog Training,,https://www.indoordogpark.org/parks/zoom-room-nashville-east-dog-training,https://zoomroom.com/location/nashville-east/,(615) 852-7477,Madison,TN,false
Furvana Pet Salon,,https://www.indoordogpark.org/parks/furvana-pet-salon,http://furvanapets.com/,(615) 750-5578,Nashville,TN,false
Furry Land Nashville,,https://www.indoordogpark.org/parks/furry-land-nashville,https://furryland.us/locations/nashville-mobile-pet-groomers/,(629) 777-5331,Nashville,TN,false
TidyDog Donelson,,https://www.indoordogpark.org/parks/tidydog-donelson,https://www.tidydog.pet/,(615) 885-0622,Nashville,TN,false
The Dog Groomery,,https://www.indoordogpark.org/parks/the-dog-groomery,,(615) 353-9311,Nashville,TN,false
Izzy Pop Pet Salon,,https://www.indoordogpark.org/parks/izzy-pop-pet-salon,http://izzypoppetsalon.com/,(615) 891-2981,Nashville,TN,false
Pawsitively Purrfect,,https://www.indoordogpark.org/parks/pawsitively-purrfect,http://www.pawsitivegrooming.com/,(615) 837-6765,Nashville,TN,false
Chawnecy's Pet Grooming,,https://www.indoordogpark.org/parks/chawnecy-s-pet-grooming,https://petsu.net/explore/chawnecys-pet-grooming/,(615) 360-2205,Nashville,TN,false
Nashville Pet Salon,,https://www.indoordogpark.org/parks/nashville-pet-salon,http://www.nashvillepetsalon.com/,(615) 730-6500,Nashville,TN,false
The Pampered Pooch Pet Spa & Resort,,https://www.indoordogpark.org/parks/the-pampered-pooch-pet-spa-resort,http://thepamperedpooch.info/,(615) 604-0052,Nashville,TN,false
Pampered Pets of Donelson,,https://www.indoordogpark.org/parks/pampered-pets-of-donelson,https://pamperedpetsnashville.com/,(615) 889-1500,Nashville,TN,false
Spot's Pet Supply & Dog Wash,,https://www.indoordogpark.org/parks/spot-s-pet-supply-dog-wash,http://spotspetsupply.com/,(615) 208-9900,Nashville,TN,false
Wags & Whiskers - East Nashville,,https://www.indoordogpark.org/parks/wags-whiskers-east-nashville,http://www.wagsandwhiskersnashville.com/,(615) 228-9249,Nashville,TN,false
WashPaw,,https://www.indoordogpark.org/parks/washpaw,http://www.washpaw.com/,(615) 781-9544,Nashville,TN,false
Gabby The Groomer,,https://www.indoordogpark.org/parks/gabby-the-groomer,https://gabbythegroomer.com/,(615) 364-2306,Madison,TN,false
Crossroads Pets,,https://www.indoordogpark.org/parks/crossroads-pets,https://crossroadscampus.org/crossroads-pets/,(615) 712-9758,Nashville,TN,false
Mount Juliet Bark Park,,https://www.indoordogpark.org/parks/mount-juliet-bark-park,https://www.mtjuliet-tn.gov/181/Parks-Facilities,(615) 758-6522,Mt. Juliet,TN,false
Freedom Run Dog Park,,https://www.indoordogpark.org/parks/freedom-run-dog-park,https://www.franklintn.gov/home/showdocument?id=12577,(615) 791-3217,Franklin,TN,false
Miss Peggy's Bark Park (formerly Barkwood Dog Park),,https://www.indoordogpark.org/parks/miss-peggy-s-bark-park-formerly-barkwood-dog-park,http://www.brentwoodtn.gov/departments/parks-recreation/parks-trails-greenways/barkwood-dog-park,(615) 371-0080,Brentwood,TN,false
Fenway's Dog Park,,https://www.indoordogpark.org/parks/fenway-s-dog-park,,(615) 859-0362,Goodlettsville,TN,false
Central Dog Park,,https://www.indoordogpark.org/parks/central-dog-park,,,Nashville,TN,false
The Farm At Natchez Trace,,https://www.indoordogpark.org/parks/the-farm-at-natchez-trace,http://www.thefarmatnatcheztrace.com/,(615) 662-6628,Franklin,TN,false
Overton Bark,,https://www.indoordogpark.org/parks/overton-bark,https://overtonpark.org/category/overton-bark/,(901) 214-5450,Memphis,TN,false
Mud Island Dog Park,,https://www.indoordogpark.org/parks/mud-island-dog-park,,,Memphis,TN,false
Shelby Farms Dog Park,,https://www.indoordogpark.org/parks/shelby-farms-dog-park,http://www.shelbyfarmspark.org/for-dogs,(901) 222-7275,Memphis,TN,false
The Barking Lot Dog Park,,https://www.indoordogpark.org/parks/the-barking-lot-dog-park,https://www.facebook.com/thebarkinglotdogpark,(901) 575-0540,Memphis,TN,false
Bartlett Dog Park,,https://www.indoordogpark.org/parks/bartlett-dog-park,http://www.cityofbartlett.org/,(901) 385-6484,Memphis,TN,false
Sea Isle Dog Park,,https://www.indoordogpark.org/parks/sea-isle-dog-park,,(901) 424-5739,Memphis,TN,false
Central Bark,,https://www.indoordogpark.org/parks/central-bark,,(901) 575-0540,Memphis,TN,false
Dogtopia of Carriage Crossing,,https://www.indoordogpark.org/parks/dogtopia-of-carriage-crossing,https://www.dogtopia.com/carriage-crossing,(901) 443-1880,Collierville,TN,false
Tobey Dog Park,,https://www.indoordogpark.org/parks/tobey-dog-park,,,Memphis,TN,false
"Mutt Island Dog Daycare, Grooming, Extended Stay & Training",,https://www.indoordogpark.org/parks/mutt-island-dog-daycare-grooming-extended-stay-training,http://muttisland.com/,(901) 275-8311,Memphis,TN,false
Sea Isle Park,,https://www.indoordogpark.org/parks/sea-isle-park,http://sea-isle-park.poi.place/,(901) 636-4200,Memphis,TN,false
Mid Century Pup Retreat,,https://www.indoordogpark.org/parks/mid-century-pup-retreat,,(901) 767-8883,Memphis,TN,false
The Bark,,https://www.indoordogpark.org/parks/the-bark,http://thebarkknoxville.com/,(865) 444-3894,Knoxville,TN,false
Edge Triangle Hound Dog Dog Park,,https://www.indoordogpark.org/parks/edge-triangle-hound-dog-dog-park,,,Memphis,TN,false
Suggs Dog Park,,https://www.indoordogpark.org/parks/suggs-dog-park,https://www.colliervilletn.gov/Home/Components/FacilityDirectory/FacilityDirectory/12/446,(901) 457-2770,Collierville,TN,false
Barks and Recreation,,https://www.indoordogpark.org/parks/barks-and-recreation,http://www.barksandrecreationtn.com/,(423) 464-4945,Cleveland,TN,false
Overton Park,,https://www.indoordogpark.org/parks/overton-park,https://www.overtonpark.org/,(901) 214-5450,Memphis,TN,false
Off Leash K9 Training Memphis,,https://www.indoordogpark.org/parks/off-leash-k9-training-memphis,http://www.memphisdogtrainers.com/,(901) 641-0995,Cordova,TN,false
Camp Bow Wow Memphis Balmoral,,https://www.indoordogpark.org/parks/camp-bow-wow-memphis-balmoral,https://www.campbowwow.com/memphis-balmoral/,(901) 675-7587,Memphis,TN,false
Dogs Rule Day Care & School,,https://www.indoordogpark.org/parks/dogs-rule-day-care-school,http://www.dogsrulememphis.com/,(901) 276-3210,Memphis,TN,false
BrownDog Lodge - Memphis,,https://www.indoordogpark.org/parks/browndog-lodge-memphis,https://www.browndoglodge.com/?utm_source=gmb&utm_medium=Yext&cp=9014378907&y_source=1_MTU3OTA0NDEtNzE1LWxvY2F0aW9uLndlYnNpdGU%3D,(901) 437-8907,Memphis,TN,false
The Doghouse School,,https://www.indoordogpark.org/parks/the-doghouse-school,http://www.thedoghouseschool.com/,(901) 254-4125,Memphis,TN,false
Camp Bow Wow Memphis East,,https://www.indoordogpark.org/parks/camp-bow-wow-memphis-east,https://www.campbowwow.com/memphis-east/,(901) 675-6489,Memphis,TN,false
BrownDog Lodge - Germantown,,https://www.indoordogpark.org/parks/browndog-lodge-germantown,https://www.browndoglodge.com/?utm_source=gmb&utm_medium=Yext&cp=9014461543&y_source=1_MTU3OTA0NDItNzE1LWxvY2F0aW9uLndlYnNpdGU%3D,(901) 446-1543,Cordova,TN,false
River Dog Inn,,https://www.indoordogpark.org/parks/river-dog-inn,http://riverdoginn.com/,(901) 748-5934,Memphis,TN,false
Taming the Wild,,https://www.indoordogpark.org/parks/taming-the-wild,https://www.tamingthewild.com/?utm_source=gmb&utm_medium=Yext&y_source=1_MTAzMTg3Nzc1OS03MTUtbG9jYXRpb24ud2Vic2l0ZQ%3D%3D,(901) 848-2373,Memphis,TN,false
"Magikal Hands Grooming, Boarding, & Doggie Daycare,LLC",,https://www.indoordogpark.org/parks/magikal-hands-grooming-boarding-doggie-daycare-llc,https://magikalhandspics.wixsite.com/magikal-hands-,(901) 323-0767,Memphis,TN,false
Paw Paw's Pets,,https://www.indoordogpark.org/parks/paw-paw-s-pets,http://pawpawspets.com/,(901) 286-5488,Memphis,TN,false
Claridge Spa Pet Resort,,https://www.indoordogpark.org/parks/claridge-spa-pet-resort,https://www.theclaridgepetresort.com/,(901) 853-6551,Collierville,TN,false
Collierville Canine Club,,https://www.indoordogpark.org/parks/collierville-canine-club,https://www.colliervillecanineclub.com/?utm_source=gmb&utm_medium=Yext&cp=9015826695&y_source=1_MjU3NDUzNjctNzE1LWxvY2F0aW9uLndlYnNpdGU%3D,(901) 582-6695,Collierville,TN,false
PetSuites Collierville,,https://www.indoordogpark.org/parks/petsuites-collierville,https://collierville.petsuitesofamerica.com/?utm_source=gmb&utm_medium=organic&y_source=1_MTIzMjIyMTUtNzE1LWxvY2F0aW9uLndlYnNpdGU%3D,(901) 457-5920,Memphis,TN,false
PetSuites Cordova,,https://www.indoordogpark.org/parks/petsuites-cordova,https://cordova.petsuitesofamerica.com/?utm_source=gmb&utm_medium=organic&y_source=1_MzAxMzIzOTItNzE1LWxvY2F0aW9uLndlYnNpdGU%3D,(901) 565-5845,Arlington,TN,false
No Bad Dogs,,https://www.indoordogpark.org/parks/no-bad-dogs,https://nobaddogs1015.com/,(901) 315-1726,Memphis,TN,false
Ruff Country Dog Resort LLC,,https://www.indoordogpark.org/parks/ruff-country-dog-resort-llc,http://www.ruffcountryresort.com/,(901) 334-8898,Eads,TN,false
Pleasant View Pet Resorts,,https://www.indoordogpark.org/parks/pleasant-view-pet-resorts,http://www.pleasantviewpet.com/,(901) 386-3232,Memphis,TN,false
Perk's Boarding Kennels,,https://www.indoordogpark.org/parks/perk-s-boarding-kennels,http://www.perkskennels.com/,(901) 754-5956,Cordova,TN,false
East Memphis Pet Hospital & Resort,,https://www.indoordogpark.org/parks/east-memphis-pet-hospital-resort,http://www.eastmemphispethospital.org/,(901) 317-4414,Memphis,TN,false
West Tennessee K9,,https://www.indoordogpark.org/parks/west-tennessee-k9,https://wtnk9.com/,(901) 283-2323,Cordova,TN,false
Wonder Dog Training & Games,,https://www.indoordogpark.org/parks/wonder-dog-training-games,http://wonderdogtraining.com/,(901) 248-9282,Cordova,TN,false
Dog Woods Training Center,,https://www.indoordogpark.org/parks/dog-woods-training-center,http://www.dogwoods4dogs.com/,(901) 386-9900,Memphis,TN,false
Allegiance Canine,,https://www.indoordogpark.org/parks/allegiance-canine,http://allegiancecanine.com/,(901) 582-6016,Collierville,TN,false
Canine Connection LLC,,https://www.indoordogpark.org/parks/canine-connection-llc,http://www.deedscanineconnection.com/,(817) 874-3647,Memphis,TN,false
Shelby County Obedience Club,,https://www.indoordogpark.org/parks/shelby-county-obedience-club,https://shelbycountyobedienceclub.com/,(901) 458-6556,Memphis,TN,false
Petco Dog Training,,https://www.indoordogpark.org/parks/petco-dog-training,https://stores.petco.com/tn/lebanon/dog-training-lebanon-tn-1574.html,(615) 547-1533,Lebanon,TN,false
Bark Spot Grooming,,https://www.indoordogpark.org/parks/bark-spot-grooming,https://barkspot.wixsite.com/website,(901) 761-0033,Memphis,TN,false
Daphne's Pet Grooming & Boarding,,https://www.indoordogpark.org/parks/daphne-s-pet-grooming-boarding,,(901) 452-5000,Memphis,TN,false
Bartlett Pet Grooming,,https://www.indoordogpark.org/parks/bartlett-pet-grooming,http://bartlettpetgrooming.com/?utm_source=gmb&utm_medium=referral,(901) 427-2746,Memphis,TN,false
Dawg Team Apparel USA,,https://www.indoordogpark.org/parks/dawg-team-apparel-usa,https://www.dawgteamproducts.com/,(901) 310-4773,Memphis,TN,false
Memphiz Muttz Grooming,,https://www.indoordogpark.org/parks/memphiz-muttz-grooming,http://www.facebook.com/memphizmuttz,(810) 535-6537,Memphis,TN,false
Fluffy Pawz Pet Center,,https://www.indoordogpark.org/parks/fluffy-pawz-pet-center,http://www.fluffypawzshops.com/,(901) 310-4906,Bartlett,TN,false
My Pet Groomer,,https://www.indoordogpark.org/parks/my-pet-groomer,,(901) 365-0013,Memphis,TN,false
The Groom Den,,https://www.indoordogpark.org/parks/the-groom-den,,(901) 220-5850,Memphis,TN,false
Hollywood Feed,,https://www.indoordogpark.org/parks/hollywood-feed,https://locations.hollywoodfeed.com/tennessee/memphis/2015-union-ave/,(901) 591-1795,Memphis,TN,false
Hollywood Feed,,https://www.indoordogpark.org/parks/hollywood-feed,https://locations.hollywoodfeed.com/tennessee/memphis/434-collins-st/,(901) 452-2474,Memphis,TN,false
Glamour Grooming & Boarding,,https://www.indoordogpark.org/parks/glamour-grooming-boarding,http://www.glamourgroomingandboarding.com/,(901) 591-6867,Memphis,TN,false
Pawsh Pet Parlor,,https://www.indoordogpark.org/parks/pawsh-pet-parlor,http://pawshpetparlor.com/,(901) 567-4999,Germantown,TN,false
Grooming By Amanda,,https://www.indoordogpark.org/parks/grooming-by-amanda,http://groomingbyamanda.com/,(901) 737-7985,Germantown,TN,false
Memphis Grooming Academy,,https://www.indoordogpark.org/parks/memphis-grooming-academy,,(901) 206-2920,Memphis,TN,false
Pet Resorts,,https://www.indoordogpark.org/parks/pet-resorts,http://www.petresorts.com/,(865) 777-3647,Knoxville,TN,false
Camp 4 Paws,,https://www.indoordogpark.org/parks/camp-4-paws,http://camp-4-paws.com/,(901) 372-9774,Memphis,TN,false
Waggles stay 'n play,,https://www.indoordogpark.org/parks/waggles-stay-n-play,https://www.wagglestn.com/,(901) 672-2887,Cordova,TN,false
Shelby Farms Park,,https://www.indoordogpark.org/parks/shelby-farms-park,http://www.shelbyfarmspark.org/,(901) 222-7275,Memphis,TN,false
We Rock the Spectrum - Memphis,,https://www.indoordogpark.org/parks/we-rock-the-spectrum-memphis,https://werockthespectrummemphis.com/,(901) 730-0475,Cordova,TN,false
The Pet Hospitals Downtown,,https://www.indoordogpark.org/parks/the-pet-hospitals-downtown,https://thepethospitals.com/locations/downtown/,(901) 577-9801,Memphis,TN,false
Royal Bark Social Club,,https://www.indoordogpark.org/parks/royal-bark-social-club,https://www.royalbarksocialclub.com/,(865) 328-7272,Knoxville,TN,false
Pets R People 2 - Doggie Daycare & Boarding,,https://www.indoordogpark.org/parks/pets-r-people-2-doggie-daycare-boarding,http://www.petsrpeople2.us/,(865) 675-3647,Knoxville,TN,false
PAWZ Dog Services,,https://www.indoordogpark.org/parks/pawz-dog-services,http://pawzdogservices.com/,(865) 771-8557,Knoxville,TN,false
All Kreatures Pet Care,,https://www.indoordogpark.org/parks/all-kreatures-pet-care,https://www.allkreatures.com/,(865) 675-0799,Knoxville,TN,false
The Dog Stop - Knoxville,,https://www.indoordogpark.org/parks/the-dog-stop-knoxville,https://thedogstop.com/locations/tennessee/knoxville/,(865) 226-9363,Knoxville,TN,false
Dog Days Canine Playschool,,https://www.indoordogpark.org/parks/dog-days-canine-playschool,http://www.dogdsyscanineplayschool.com/,(865) 966-7432,Knoxville,TN,false
Ultimutt Knoxville Inc,,https://www.indoordogpark.org/parks/ultimutt-knoxville-inc,http://www.ultimuttknoxville.com/,(865) 640-2865,Knoxville,TN,false
Lavish Dog Life,,https://www.indoordogpark.org/parks/lavish-dog-life,https://www.instagram.com/lavishdoglife/,(865) 910-1200,Knoxville,TN,false
Dogtopia of Bearden-Knoxville,,https://www.indoordogpark.org/parks/dogtopia-of-bearden-knoxville,https://www.dogtopia.com/bearden-knoxville/,(865) 622-2599,Knoxville,TN,false
Happy Yap,,https://www.indoordogpark.org/parks/happy-yap,http://www.happyyap.com/,(865) 385-3413,Knoxville,TN,false
Meadowbrooke Kennels,,https://www.indoordogpark.org/parks/meadowbrooke-kennels,http://www.mbkennel.com/,(865) 523-9282,Knoxville,TN,false
The Spot 4 Dogs,,https://www.indoordogpark.org/parks/the-spot-4-dogs,http://thespot4dogs.com/,(865) 437-3920,Powell,TN,false
Smoky Dog Lodge,,https://www.indoordogpark.org/parks/smoky-dog-lodge,https://www.smokydoglodge.com/,(865) 774-3140,Sevierville,TN,false
The Dog House Knoxville,,https://www.indoordogpark.org/parks/the-dog-house-knoxville,http://www.thedoghouseknoxville.com/,(865) 888-6422,Knoxville,TN,false
"Just Dogs And Friends, Inc.",,https://www.indoordogpark.org/parks/just-dogs-and-friends-inc,,(865) 769-7690,Knoxville,TN,false
Hilltop Dog Hotel,,https://www.indoordogpark.org/parks/hilltop-dog-hotel,http://hilltopdoghotel.com/,(865) 694-3232,Knoxville,TN,false
Ridgeside K9 Knoxville,,https://www.indoordogpark.org/parks/ridgeside-k9-knoxville,https://ridgesidek9tn.com/,(865) 658-8772,Alcoa,TN,false
The Veteran Kennel,,https://www.indoordogpark.org/parks/the-veteran-kennel,http://theveterankennel.com/,(865) 696-1670,Knoxville,TN,false
Dream Katcher Lodge,,https://www.indoordogpark.org/parks/dream-katcher-lodge,http://www.dreamkatcherlodge.com/,(865) 777-9777,Knoxville,TN,false
Little Lake Pet Lodge,,https://www.indoordogpark.org/parks/little-lake-pet-lodge,https://www.littlelakepetlodge.com/,(865) 435-4487,Clinton,TN,false
Ravenwood Boarding Kennels,,https://www.indoordogpark.org/parks/ravenwood-boarding-kennels,http://www.facebook.com/pages/Ravenwood-Boarding-Kennels/96247202888,(865) 922-9641,Knoxville,TN,false
Linsmoor Boarding and Grooming,,https://www.indoordogpark.org/parks/linsmoor-boarding-and-grooming,https://linsmoor.com/,(865) 982-5408,Maryville,TN,false
Smoky Mountain Pet Resort,,https://www.indoordogpark.org/parks/smoky-mountain-pet-resort,http://smokymtnpetsresort.com/,(865) 428-7099,Sevierville,TN,false
Cedar Bend Kennels,,https://www.indoordogpark.org/parks/cedar-bend-kennels,http://cedarbendkennels.com/,(865) 933-6222,Knoxville,TN,false
Birchwood Kennels,,https://www.indoordogpark.org/parks/birchwood-kennels,http://www.birchwoodkennels.com/,(865) 938-3201,Powell,TN,false
Bell's Pet Resort,,https://www.indoordogpark.org/parks/bell-s-pet-resort,https://bellspetresort.com/,(865) 922-7748,Knoxville,TN,false
The Dog Wizard Knoxville,,https://www.indoordogpark.org/parks/the-dog-wizard-knoxville,https://thedogwizard.com/locations/us/tn/knoxville/dog-training-22.html?utm_source=google&utm_medium=organic&utm_campaign=google+business+profile,(865) 302-3679,Knoxville,TN,false
"Off Leash K9 Training, LLC",,https://www.indoordogpark.org/parks/off-leash-k9-training-llc,http://www.olk9knox.dog/,(865) 383-3647,Knoxville,TN,false
North Star K9 Training,,https://www.indoordogpark.org/parks/north-star-k9-training,http://www.northstark9training.com/,(865) 500-6759,Knoxville,TN,false
Balanced Paws K9 Training,,https://www.indoordogpark.org/parks/balanced-paws-k9-training,http://www.balancedpawsk9training.com/,(865) 657-7297,Knoxville,TN,false
Zoom Room Dog Training,,https://www.indoordogpark.org/parks/zoom-room-dog-training,https://zoomroom.com/location/knoxville/,(865) 378-7200,Knoxville,TN,false
Sit Means Sit Dog Training Knoxville,,https://www.indoordogpark.org/parks/sit-means-sit-dog-training-knoxville,https://sitmeanssit.com/dog-training-mu/knoxville-dog-training/?utm_source=google&utm_medium=gmb&utm_campaign=google_listing,(865) 730-0364,Knoxville,TN,false
Appalachian K9 Training Center,,https://www.indoordogpark.org/parks/appalachian-k9-training-center,,(865) 922-7929,Knoxville,TN,false
MLK9 Dog Training,,https://www.indoordogpark.org/parks/mlk9-dog-training,https://www.mlk9.com/,(865) 213-7775,Alcoa,TN,false
Back to Balance Canine,,https://www.indoordogpark.org/parks/back-to-balance-canine,,(408) 256-2882,Knoxville,TN,false
Troubled to Trained,,https://www.indoordogpark.org/parks/troubled-to-trained,https://troubledtotrained.com/,(865) 336-0000,Walland,TN,false
Rocky Top K9 LLC,,https://www.indoordogpark.org/parks/rocky-top-k9-llc,https://rockytopk9.com/,(865) 276-6004,Sevierville,TN,false
K9 Camp Pet Sitting and Training,,https://www.indoordogpark.org/parks/k9-camp-pet-sitting-and-training,,(865) 705-5515,Knoxville,TN,false
The Canine Clubhaus,,https://www.indoordogpark.org/parks/the-canine-clubhaus,http://thecanineclubhaus.com/,(865) 287-5804,Powell,TN,false
Agility Center of East Tennessee,,https://www.indoordogpark.org/parks/agility-center-of-east-tennessee,http://www.mbkennel.com/,(865) 523-7125,Knoxville,TN,false
Sunshine K9s,,https://www.indoordogpark.org/parks/sunshine-k9s,https://www.sunshinek9s.com/,(845) 750-7036,Knoxville,TN,false
PAWS Pet Supply & Grooming,,https://www.indoordogpark.org/parks/paws-pet-supply-grooming,http://www.pawspetsupply.com/,(865) 938-7297,Knoxville,TN,false
It's a R-R-Ruff Life,,https://www.indoordogpark.org/parks/it-s-a-r-r-ruff-life,http://itsarrrufflife.net/,(865) 577-2810,Knoxville,TN,false
Loving Hands Pet Grooming,,https://www.indoordogpark.org/parks/loving-hands-pet-grooming,https://petsu.net/explore/loving-hands-pet-grooming/,(865) 545-4481,Knoxville,TN,false
"Kloud-9, Pet Salon & Spa",,https://www.indoordogpark.org/parks/kloud-9-pet-salon-spa,,(865) 947-4477,Knoxville,TN,false
Kat's Dog House Grooming,,https://www.indoordogpark.org/parks/kat-s-dog-house-grooming,https://www.facebook.com/katsdoghousegrooming/,(865) 254-9043,Knoxville,TN,false
Dogwood Grooming Spa LLC,,https://www.indoordogpark.org/parks/dogwood-grooming-spa-llc,https://dogwoodgroomingspa.com/,(865) 307-0306,Knoxville,TN,false
Foxy Locks Pet Grooming & Doggie Daycare,,https://www.indoordogpark.org/parks/foxy-locks-pet-grooming-doggie-daycare,http://foxylockspetgrooming.com/,(865) 247-7712,Knoxville,TN,false
Broadway Dog Salon,,https://www.indoordogpark.org/parks/broadway-dog-salon,,(865) 687-0730,Knoxville,TN,false
Wags & Whiskers Pet Grooming & Whiskers A-Go-Go Mobile Grooming,,https://www.indoordogpark.org/parks/wags-whiskers-pet-grooming-whiskers-a-go-go-mobile-grooming,http://www.wwpetgrooming.com/,(865) 745-9550,Knoxville,TN,false
Doggone Pretty Inc,,https://www.indoordogpark.org/parks/doggone-pretty-inc,https://doggoneprettyinc.com/,(865) 531-4977,Knoxville,TN,false
Joy's Pet Salon & Spaw,,https://www.indoordogpark.org/parks/joy-s-pet-salon-spaw,https://dogh.net/explore/joys-pet-salon-spaw/,(865) 602-3000,Knoxville,TN,false
Dirty Dawgs Dogwash,,https://www.indoordogpark.org/parks/dirty-dawgs-dogwash,https://dirtydawgsdogwash.com/,(865) 214-7057,Knoxville,TN,false
Adorable Pets Grooming,,https://www.indoordogpark.org/parks/adorable-pets-grooming,https://m.facebook.com/Apgrooming/,(865) 691-9236,Knoxville,TN,false
K9 Clips,,https://www.indoordogpark.org/parks/k9-clips,https://k-9clips.com/,(865) 272-4662,Knoxville,TN,false
BarkBerry Salon and Spa,,https://www.indoordogpark.org/parks/barkberry-salon-and-spa,http://www.barkberrysalon.com/,(865) 766-2891,Knoxville,TN,false
A Ruff Joint,,https://www.indoordogpark.org/parks/a-ruff-joint,,(865) 661-5313,Knoxville,TN,false
Fabulous Fido,,https://www.indoordogpark.org/parks/fabulous-fido,https://dogh.net/explore/fabulous-fido/,(865) 675-1100,Farragut,TN,false
Dog Grooming by Crystal,,https://www.indoordogpark.org/parks/dog-grooming-by-crystal,http://www.doggroomingbycrystal.com/,(865) 258-8682,Knoxville,TN,false
Barkside Lodge,,https://www.indoordogpark.org/parks/barkside-lodge,http://www.barksidelodge.com/,(865) 986-9500,Lenoir City,TN,false
Concord Dog Park,,https://www.indoordogpark.org/parks/concord-dog-park,,(865) 215-6600,Knoxville,TN,false
Petsafe Downtown Dog Park,,https://www.indoordogpark.org/parks/petsafe-downtown-dog-park,,(865) 215-4311,Knoxville,TN,false
Dogwood Park,,https://www.indoordogpark.org/parks/dogwood-park,,(865) 215-4311,Knoxville,TN,false
Public Dog Park at Pet Safe Village,,https://www.indoordogpark.org/parks/public-dog-park-at-pet-safe-village,,,Knoxville,TN,false
Tommy Schumpert Park Dog Park,,https://www.indoordogpark.org/parks/tommy-schumpert-park-dog-park,,,Knoxville,TN,false
Plumb Creek Park,,https://www.indoordogpark.org/parks/plumb-creek-park,https://www.knoxcounty.org/parks/,(865) 215-6600,Knoxville,TN,false
Carden Farm Dog Park,,https://www.indoordogpark.org/parks/carden-farm-dog-park,http://www.clintontn.net/recreation/index.html,,Clinton,TN,false
New Harvest dog park,,https://www.indoordogpark.org/parks/new-harvest-dog-park,,,Knoxville,TN,false
PetSafe Pistol Creek Dog Park,,https://www.indoordogpark.org/parks/petsafe-pistol-creek-dog-park,http://parksrec.com/parks/petsafe-dog-park,(865) 983-9244,Maryville,TN,false
Holston-Chilhowee Dog Park,,https://www.indoordogpark.org/parks/holston-chilhowee-dog-park,,,Knoxville,TN,false
Fountain City Dog Park,,https://www.indoordogpark.org/parks/fountain-city-dog-park,,(865) 215-4311,Knoxville,TN,false
Charter E. Doyle Park,,https://www.indoordogpark.org/parks/charter-e-doyle-park,http://www.knoxvilletn.gov/cms/one.aspx?portalId=109562&pageId=208532,(423) 609-9853,Knoxville,TN,false
First Creek Park,,https://www.indoordogpark.org/parks/first-creek-park,https://www.knoxvilletn.gov/government/city_departments_offices/parks_and_recreation/parks/first_creek_park,(865) 215-4311,Knoxville,TN,false
John Tarleton Park,,https://www.indoordogpark.org/parks/john-tarleton-park,http://www.knoxcounty.org/parks/park_directions.php,(865) 215-6600,Knoxville,TN,false
Maloney Road Park,,https://www.indoordogpark.org/parks/maloney-road-park,,,Knoxville,TN,false
"Dog Gone Rite, LLC",,https://www.indoordogpark.org/parks/dog-gone-rite-llc,,(865) 539-0778,Knoxville,TN,false
Play Wash Pint,,https://www.indoordogpark.org/parks/play-wash-pint,http://playwashpint.com/?UTM_source=GMB_listing&UTM_medium=organic,(423) 643-2275,Chattanooga,TN,false
Heritage Park Dog Park Off-Leash,,https://www.indoordogpark.org/parks/heritage-park-dog-park-off-leash,https://chattanooga.gov/parks,,Chattanooga,TN,false
Play Wash Stay,,https://www.indoordogpark.org/parks/play-wash-stay,http://playwashstay.com/?UTM_source=GMB_listing&UTM_medium=organic,(423) 702-7529,Chattanooga,TN,false
Camp Bow Wow Chattanooga,,https://www.indoordogpark.org/parks/camp-bow-wow-chattanooga,https://www.campbowwow.com/chattanooga/,(423) 382-2690,Chattanooga,TN,false
PetQuest Spa & Hotel,,https://www.indoordogpark.org/parks/petquest-spa-hotel,http://www.petquest.pet/,(423) 498-2700,Chattanooga,TN,false
The Ark Pet Spa & Hotel - Southside,,https://www.indoordogpark.org/parks/the-ark-pet-spa-hotel-southside,https://www.thearkspa.com/southside-home,(423) 602-5222,Chattanooga,TN,false
Play Dog Excellent,,https://www.indoordogpark.org/parks/play-dog-excellent,http://www.pdxdogs.com/,(423) 870-7740,Chattanooga,TN,false
The Ark Pet Spa & Hotel - East Brainerd,,https://www.indoordogpark.org/parks/the-ark-pet-spa-hotel-east-brainerd,https://www.thearkspa.com/east-brainerd-home,(423) 521-8888,Chattanooga,TN,false
"Barkmore In The Country, LLC",,https://www.indoordogpark.org/parks/barkmore-in-the-country-llc,http://www.barkmoretn.com/,(423) 475-5147,Ooltewah,TN,false
Billie Pet Care Professional,,https://www.indoordogpark.org/parks/billie-pet-care-professional,https://www.billiespetcare.com/,(423) 800-4007,Chattanooga,TN,false
Pet Paradise Chattanooga,,https://www.indoordogpark.org/parks/pet-paradise-chattanooga,https://www.petparadise.com/chattanooga.htm,(423) 671-7071,Collegedale,TN,false
EdenThistle Dog Co.,,https://www.indoordogpark.org/parks/edenthistle-dog-co,http://www.edenthistledog.com/,(423) 503-6218,Lookout Mountain,TN,false
"The Uptown Hound Dog Day Play, Resort & Ranch",,https://www.indoordogpark.org/parks/the-uptown-hound-dog-day-play-resort-ranch,http://www.myuptownhound.com/,(423) 478-0555,Cleveland,TN,false
"Furry Tales Boarding, Indoor Daycare, and Grooming",,https://www.indoordogpark.org/parks/furry-tales-boarding-indoor-daycare-and-grooming,http://www.furrytalesonline.com/,(423) 206-5513,Ooltewah,TN,false
The Dog Wizard Chattanooga,,https://www.indoordogpark.org/parks/the-dog-wizard-chattanooga,https://thedogwizard.com/locations/us/tn/chattanooga/dog-training-19.html?utm_source=google&utm_medium=organic&utm_campaign=google+business+profile,(423) 651-9720,Chattanooga,TN,false
The Ranch at Bonny Oaks,,https://www.indoordogpark.org/parks/the-ranch-at-bonny-oaks,https://www.theranchpets.com/,(423) 892-6725,Chattanooga,TN,false
The Ark Pet Spa & Hotel - Red Bank,,https://www.indoordogpark.org/parks/the-ark-pet-spa-hotel-red-bank,https://www.thearkspa.com/red-bank-home,(423) 634-0466,Chattanooga,TN,false
"Pawz N' Clawz, LLC",,https://www.indoordogpark.org/parks/pawz-n-clawz-llc,http://www.pawznclawzclevelandtn.com/,(423) 790-5190,Cleveland,TN,false
The Ark Pet Spa & Hotel - Hixson,,https://www.indoordogpark.org/parks/the-ark-pet-spa-hotel-hixson,https://www.thearkspa.com/hixson-home,(423) 803-6063,Hixson,TN,false
Val's Pals Pet Sitting,,https://www.indoordogpark.org/parks/val-s-pals-pet-sitting,,(423) 313-0483,Signal Mountain,TN,false
Labby Lane Kennel,,https://www.indoordogpark.org/parks/labby-lane-kennel,https://www.labbylanekennel.com/,(423) 316-5038,Harrison,TN,false
Meg's Gentle Loving Pet Care,,https://www.indoordogpark.org/parks/meg-s-gentle-loving-pet-care,,(423) 260-4259,Ooltewah,TN,false
Tails Up Pet Resort & Spaw,,https://www.indoordogpark.org/parks/tails-up-pet-resort-spaw,https://www.tailsuppetresortspaw.com/,(423) 837-3799,South Pittsburg,TN,false
Wolftever Pet Wellness Group | Chattanooga,,https://www.indoordogpark.org/parks/wolftever-pet-wellness-group-chattanooga,https://www.wolftever.com/?utm_source=GMBlisting&utm_medium=organic&utm_campaign=gmb,(423) 556-9339,Chattanooga,TN,false
Doghouse Chattanooga,,https://www.indoordogpark.org/parks/doghouse-chattanooga,https://www.doghousechattanooga.com/,(801) 999-0874,Signal Mountain,TN,false
Happy Tails Bed And Biscuit,,https://www.indoordogpark.org/parks/happy-tails-bed-and-biscuit,http://happytailsbedandbiscuit.com/,(423) 344-3901,Harrison,TN,false
"Off Leash K9 Training, Chattanooga",,https://www.indoordogpark.org/parks/off-leash-k9-training-chattanooga,http://www.olk9chatt.com/,(423) 430-6559,Chattanooga,TN,false
K9 Ambitions Dog Training,,https://www.indoordogpark.org/parks/k9-ambitions-dog-training,https://k9ambitions.com/,(423) 321-4207,Chattanooga,TN,false
Southeast Off Leash LLC,,https://www.indoordogpark.org/parks/southeast-off-leash-llc,https://southeastoffleash.com/,(423) 827-6946,Chattanooga,TN,false
Canine Movement Lab,,https://www.indoordogpark.org/parks/canine-movement-lab,https://www.caninemovementlab.com/,(423) 468-0840,Chattanooga,TN,false
Sequoyah K9 Academy,,https://www.indoordogpark.org/parks/sequoyah-k9-academy,https://sequoyahk9academy.com/,(423) 991-6222,Soddy-Daisy,TN,false
Camelot K9 Academy,,https://www.indoordogpark.org/parks/camelot-k9-academy,https://www.camelotk9academy.com/,(423) 994-2493,Soddy-Daisy,TN,false
Conyers Canines,,https://www.indoordogpark.org/parks/conyers-canines,http://www.cscanines.com/?utm_source=google&utm_medium=wix_google_business_profile&utm_campaign=8952173260222360662,(801) 999-0874,Signal Mountain,TN,false
Southern Kingdom Diving Dogs,,https://www.indoordogpark.org/parks/southern-kingdom-diving-dogs,http://www.skdivingdogs.com/,(423) 994-2493,Soddy-Daisy,TN,false
Blue Bridge Dog Training,,https://www.indoordogpark.org/parks/blue-bridge-dog-training,http://www.bluebridgedogtraining.com/,(423) 991-8655,Hixson,TN,false
Woof Gang Bakery & Grooming NorthShore,,https://www.indoordogpark.org/parks/woof-gang-bakery-grooming-northshore,http://woofgangbakery.com/northshoretn,(423) 287-3085,Chattanooga,TN,false
Barking Bubbles MOBILE Pet Salon,,https://www.indoordogpark.org/parks/barking-bubbles-mobile-pet-salon,http://www.barkingbubblespet.com/,(423) 203-0393,Chattanooga,TN,false
Aqua Dog Grooming Etc.,,https://www.indoordogpark.org/parks/aqua-dog-grooming-etc,http://aquadoggrooming.com/?utm_source=google-gmb-maps&utm_medium=gmb-website-button&utm_campaign=locl.io&utm_content=ecd29589-9e7a-4198-9a44-5ad7ddc35095,(423) 596-4748,Chattanooga,TN,false
Furry Land Chattanooga,,https://www.indoordogpark.org/parks/furry-land-chattanooga,https://furryland.us/locations/chattanooga-mobile-pet-groomers/,(423) 443-3513,Chattanooga,TN,false
Chattagroomer,,https://www.indoordogpark.org/parks/chattagroomer,https://www.chattagroomer.com/,(423) 541-1499,Chattanooga,TN,false
Sudsy Mutts,,https://www.indoordogpark.org/parks/sudsy-mutts,https://sudsymutts.com/,(423) 654-8400,Hixson,TN,false
Hairy Styles Pet Grooming,,https://www.indoordogpark.org/parks/hairy-styles-pet-grooming,https://dpet.net/explore/hairy-styles-pet-grooming/,(706) 847-0564,Chattanooga,TN,false
Urban Dog,,https://www.indoordogpark.org/parks/urban-dog,,(423) 304-9609,Chattanooga,TN,false
Pet Supplies Plus Chattanooga,,https://www.indoordogpark.org/parks/pet-supplies-plus-chattanooga,https://www.petsuppliesplus.com/,(423) 226-1016,Chattanooga,TN,false
Nooga Paws,,https://www.indoordogpark.org/parks/nooga-paws,https://noogapaws.com/?UTM_source=GMB_listing&UTM_medium=organic,(423) 531-6113,Chattanooga,TN,false
Foxy K-9,,https://www.indoordogpark.org/parks/foxy-k-9,,(423) 622-9829,Chattanooga,TN,false
Wags To Riches,,https://www.indoordogpark.org/parks/wags-to-riches,http://wagstorichesredbank.myonlineappointment.com/Home,(423) 991-7591,Chattanooga,TN,false
Slobberbones Pet Bakery & Bath,,https://www.indoordogpark.org/parks/slobberbones-pet-bakery-bath,http://www.slobberbones.com/,(423) 531-7562,Chattanooga,TN,false
Groomingdale's Pet Salon,,https://www.indoordogpark.org/parks/groomingdale-s-pet-salon,https://www.facebook.com/Groomingdales-250672768167,(423) 756-8515,Chattanooga,TN,false
The Barking Lot Pet Grooming & Boarding,,https://www.indoordogpark.org/parks/the-barking-lot-pet-grooming-boarding,http://tblhixson.com/,(423) 661-3999,Hixson,TN,false
PetSmart,,https://www.indoordogpark.org/parks/petsmart,https://www.petsmart.com/stores/us/tn/oak-ridge-store2495.html?utm_source=google&utm_medium=organic&utm_campaign=google-my-business,(865) 294-0596,Oak Ridge,TN,false
Bark of the Town Grooming,,https://www.indoordogpark.org/parks/bark-of-the-town-grooming,https://barkofthetown3.wixsite.com/barkofthetown,(423) 826-9661,McDonald,TN,false
"The Inn at Wolftever Pet Boarding, Grooming, & Daycare",,https://www.indoordogpark.org/parks/the-inn-at-wolftever-pet-boarding-grooming-daycare,http://www.wolftever.com/,(423) 344-1913,Chattanooga,TN,false
Chattanooga Chew Chew Canine Park,,https://www.indoordogpark.org/parks/chattanooga-chew-chew-canine-park,http://www.chattanooga.gov/public-works/parks/pets-policies,(423) 757-2076,Chattanooga,TN,false
Greenway Farms Dog Park,,https://www.indoordogpark.org/parks/greenway-farms-dog-park,https://www.northchick.org/adventure/greenway-farms/,(423) 643-6311,Hixson,TN,false
East Ridge Dog Park,,https://www.indoordogpark.org/parks/east-ridge-dog-park,http://www.eastridgeparksandrec.com/,(423) 867-6406,East Ridge,TN,false
White Oak Park,,https://www.indoordogpark.org/parks/white-oak-park,http://redbanktn.gov/,(423) 877-1103,Red Bank,TN,false
Milliken Park,,https://www.indoordogpark.org/parks/milliken-park,http://www.chattanooga.gov/public-works/parks,(423) 643-7866,Chattanooga,TN,false
Pioneer Frontier Park,,https://www.indoordogpark.org/parks/pioneer-frontier-park,https://www.eastridgeparksandrec.com/page/show/2351108-pioneer-frontier,,East Ridge,TN,false
Tatum Park,,https://www.indoordogpark.org/parks/tatum-park,https://chattanooga.gov/parks/community-parks,,Chattanooga,TN,false
Enterprise South Nature Park,,https://www.indoordogpark.org/parks/enterprise-south-nature-park,http://parks.hamiltontn.gov/148/Enterprise-South-Nature-Park,(423) 209-5350,Chattanooga,TN,false
Riverview Park,,https://www.indoordogpark.org/parks/riverview-park,https://chattanooga.gov/things-to-do/parks/parks-directory,(423) 643-7866,Chattanooga,TN,false
Tennessee Riverpark,,https://www.indoordogpark.org/parks/tennessee-riverpark,http://parks.hamiltontn.gov/,(423) 209-5370,Chattanooga,TN,false
Shepherd Park,,https://www.indoordogpark.org/parks/shepherd-park,https://chattanooga.gov/things-to-do/parks/parks-directory,(423) 855-2697,Chattanooga,TN,false
Coolidge Park,,https://www.indoordogpark.org/parks/coolidge-park,https://chattanooga.gov/parks/our-parks-and-trails,(423) 643-7866,Chattanooga,TN,false
Red Bank Dog Park,,https://www.indoordogpark.org/parks/red-bank-dog-park,,(423) 877-1103,Red Bank,TN,false
Soddy-Daisy Dog Park,,https://www.indoordogpark.org/parks/soddy-daisy-dog-park,https://soddy-daisy.org/,(423) 332-5323,Soddy-Daisy,TN,false
Waterdance Dog- Harrison,,https://www.indoordogpark.org/parks/waterdance-dog-harrison,http://waterdancedogs.com/,(503) 949-3097,Harrison,TN,false
King's Run Bark Park,,https://www.indoordogpark.org/parks/king-s-run-bark-park,https://www.cityofclarksville.com/Facilities/Facility/Details/Liberty-Park-Clarksville-Marina-36,(931) 645-7476,Clarksville,TN,false
Heritage Park Sports Complex,,https://www.indoordogpark.org/parks/heritage-park-sports-complex,https://www.cityofclarksville.com/Facilities/Facility/Details/Heritage-Park-Complex-24,(931) 645-7476,Clarksville,TN,false
Heritage Dog Park,,https://www.indoordogpark.org/parks/heritage-dog-park,,,Clarksville,TN,false
Liberty Park,,https://www.indoordogpark.org/parks/liberty-park,https://www.cityofclarksville.com/Facilities/Facility/Details/Liberty-Park-Clarksville-Marina-36,(931) 645-7476,Clarksville,TN,false
Liberty Park Playground and Pavilion Parking,,https://www.indoordogpark.org/parks/liberty-park-playground-and-pavilion-parking,https://www.clarksvilletn.gov/Facilities/Facility/Details/Liberty-Park-36,,Clarksville,TN,false
Civitan Park,,https://www.indoordogpark.org/parks/civitan-park,https://mcgtn.org/parks/parks-and-facilities/civitan,(931) 553-4070,Clarksville,TN,false
The Ruff Life Resort-Clarksville,,https://www.indoordogpark.org/parks/the-ruff-life-resort-clarksville,http://theruffliferesort.com/,(931) 905-4364,Clarksville,TN,false
Murfreesboro Bark Park,,https://www.indoordogpark.org/parks/murfreesboro-bark-park,http://www.murfreesborotn.gov/index.aspx?NID=183,(615) 890-5333,Murfreesboro,TN,false
Clarksville Greenway,,https://www.indoordogpark.org/parks/clarksville-greenway,https://www.cityofclarksville.com/463/Clarksville-Greenway,(931) 645-7476,Clarksville,TN,false
Johnson Playground,,https://www.indoordogpark.org/parks/johnson-playground,https://www.clarksvilletn.gov/Facilities/Facility/Details/Barbara-E-Johnson-Park-14,,Clarksville,TN,false
Fort Campbell Dog Park (Military Base),,https://www.indoordogpark.org/parks/fort-campbell-dog-park-military-base,,,Clarksville,TN,false
Kathy's Pampered Paws,,https://www.indoordogpark.org/parks/kathy-s-pampered-paws,http://www.kathyspamperedpaws.com/,(931) 647-0586,Clarksville,TN,false
Clarksville Kennels,,https://www.indoordogpark.org/parks/clarksville-kennels,,(931) 552-4160,Clarksville,TN,false
Pet Palace Doggie Day Spa & Resort,,https://www.indoordogpark.org/parks/pet-palace-doggie-day-spa-resort,https://www.petpalaceofclarksville.com/,(931) 561-2120,Clarksville,TN,false
Pet Palace Doggie Day Spa & Resort,,https://www.indoordogpark.org/parks/pet-palace-doggie-day-spa-resort,https://petpalaceofclarksville.com/,(931) 503-2284,Clarksville,TN,false
Alicia’s Pet Care/Dog & Cat Grooming and Boarding,,https://www.indoordogpark.org/parks/alicia-s-pet-care-dog-cat-grooming-and-boarding,https://alicias-petcare.com/,(931) 906-4636,Clarksville,TN,false
Paw Print Pet Resort,,https://www.indoordogpark.org/parks/paw-print-pet-resort,http://www.pawprintpetresort.com/,(931) 362-4237,Clarksville,TN,false
Pet Palace Doggie Day Spa and Resort,,https://www.indoordogpark.org/parks/pet-palace-doggie-day-spa-and-resort,https://www.petpalaceofclarksville.com/,(931) 561-2120,Clarksville,TN,false
Animal Guest House,,https://www.indoordogpark.org/parks/animal-guest-house,http://animalguesthouse.com/,(931) 920-2719,Woodlawn,TN,false
Fort Campbell Dog Kennels,,https://www.indoordogpark.org/parks/fort-campbell-dog-kennels,https://campbell.armymwr.com/programs/dog-k,(270) 798-2629,Clarksville,TN,false
Dogtopia of Clarksville,,https://www.indoordogpark.org/parks/dogtopia-of-clarksville,http://www.dogtopia.com/clarksville,(410) 531-9247,Clarksville,TN,false
Resort 4 Paws | Louisville & Indiana’s Premier Pet Facility,,https://www.indoordogpark.org/parks/resort-4-paws-louisville-indiana-s-premier-pet-facility,https://r4paws.com/,(812) 946-4998,Clarksville,TN,false
L & L Grooming & Boarding,,https://www.indoordogpark.org/parks/l-l-grooming-boarding,,(931) 645-5111,Clarksville,TN,false
Hawley’s Canine Academy,,https://www.indoordogpark.org/parks/hawley-s-canine-academy,http://hawleyscanineacademy.com/,(931) 401-4157,Clarksville,TN,false
Hatters K9 Casa,,https://www.indoordogpark.org/parks/hatters-k9-casa,https://hattersk9casa.com/,(615) 663-9405,Chapmansboro,TN,false
"Heavenly Paws at the Lodge LLC, All Breed Dog and Cat Grooming",,https://www.indoordogpark.org/parks/heavenly-paws-at-the-lodge-llc-all-breed-dog-and-cat-grooming,http://www.facebook.com/heavenlypaws,(931) 647-4111,Clarksville,TN,false
Kylo's Kennel,,https://www.indoordogpark.org/parks/kylo-s-kennel,https://kyloskennel.com/,(706) 987-9153,Clarksville,TN,false
Tink's B & B,,https://www.indoordogpark.org/parks/tink-s-b-b,,,Clarksville,TN,false
Riley's Pet Market,,https://www.indoordogpark.org/parks/riley-s-pet-market,http://rileyspetmarket.com/,(931) 208-3233,Clarksville,TN,false
K-Kuttz Pet Spa,,https://www.indoordogpark.org/parks/k-kuttz-pet-spa,https://kkuttzpetspa.myhellogroom.com/clientlogin,(931) 346-4344,Clarksville,TN,false
Aunt Darlene's Dog Boarding,,https://www.indoordogpark.org/parks/aunt-darlene-s-dog-boarding,,(615) 454-7522,Cumberland Furnace,TN,false
Off Leash K9 Training Clarksville/ Nashville,,https://www.indoordogpark.org/parks/off-leash-k9-training-clarksville-nashville,http://www.dogtrainerclarksvilletn.com/,(615) 219-5979,Woodlawn,TN,false
Tiny Town Animal Clinic,,https://www.indoordogpark.org/parks/tiny-town-animal-clinic,https://www.fphvet.com/locations/tiny-town?utm_source=gmb&utm_medium=organic&y_source=1_MTU5MzEyNzEtNzE1LWxvY2F0aW9uLndlYnNpdGU%3D,(931) 647-2800,Clarksville,TN,false
Legend Acres,,https://www.indoordogpark.org/parks/legend-acres,https://www.legend-acres.com/TN/home,(931) 516-3064,Clarksville,TN,false
D&C Dog Training,,https://www.indoordogpark.org/parks/d-c-dog-training,https://www.dandcdogtraining.com/services,(731) 924-9278,Woodlawn,TN,false
Cedar Valley Canine,,https://www.indoordogpark.org/parks/cedar-valley-canine,http://www.cedarvalleycanine.com/,(615) 922-8897,Ashland City,TN,false
PetSmart Dog Training,,https://www.indoordogpark.org/parks/petsmart-dog-training,https://stores.petsmart.com/tn/clarksville/clarksville/dog-training?utm_source=google&utm_medium=organic&utm_campaign=google-my-business,(931) 906-8069,Clarksville,TN,false
The Zensational Dog,,https://www.indoordogpark.org/parks/the-zensational-dog,http://www.facebook.com/thezensationaldog,(270) 719-1117,Trenton,TN,false
Petco Dog Training,,https://www.indoordogpark.org/parks/petco-dog-training,https://stores.petco.com/tn/clarksville/dog-training-clarksville-tn-1578.html,(931) 221-0361,Clarksville,TN,false
Discovery K9,,https://www.indoordogpark.org/parks/discovery-k9,http://www.discoveryk9.com/,(931) 703-7787,Clarksville,TN,false
Woodlawn Woofers,,https://www.indoordogpark.org/parks/woodlawn-woofers,https://woodlawnwoofers.com/,(931) 249-8973,Woodlawn,TN,false
Clarksville Canine Sports Association,,https://www.indoordogpark.org/parks/clarksville-canine-sports-association,http://www.c-c-s-a.com/,(931) 801-2154,Clarksville,TN,false
Kritter Sitters/ CCSA,,https://www.indoordogpark.org/parks/kritter-sitters-ccsa,http://www.krittersitters.biz/,(931) 801-2154,Trenton,TN,false
Waterdogs Scuba and Safety LLC,,https://www.indoordogpark.org/parks/waterdogs-scuba-and-safety-llc,https://www.waterdogs-scuba.com/,(931) 389-3483,Clarksville,TN,false
"Rise Above The Pack, LLC",,https://www.indoordogpark.org/parks/rise-above-the-pack-llc,,,Clarksville,TN,false
"Picture Perfect Grooming, Inc",,https://www.indoordogpark.org/parks/picture-perfect-grooming-inc,https://pictureperfectgroomingtn.com/,(931) 542-4700,Clarksville,TN,false
Tiny Tails Grooming,,https://www.indoordogpark.org/parks/tiny-tails-grooming,https://booking.moego.pet/ol/landing?name=TinyTailsGroomingLLC,(931) 645-9220,Clarksville,TN,false
M & M Dog Grooming,,https://www.indoordogpark.org/parks/m-m-dog-grooming,,(931) 906-6555,Clarksville,TN,false
Muttz Kuttz Grooming,,https://www.indoordogpark.org/parks/muttz-kuttz-grooming,https://www.muttzkuttz.com/,(931) 645-9220,Clarksville,TN,false
Bark Place Grooming,,https://www.indoordogpark.org/parks/bark-place-grooming,,(931) 444-5225,Clarksville,TN,false
The Pet Studio,,https://www.indoordogpark.org/parks/the-pet-studio,,(931) 494-1456,Clarksville,TN,false
Sassy Shears Grooming Spa,,https://www.indoordogpark.org/parks/sassy-shears-grooming-spa,https://www.facebook.com/sassyshearsgroomingspa/,(573) 855-8928,Clarksville,TN,false
Paw Peti's Galore & More,,https://www.indoordogpark.org/parks/paw-peti-s-galore-more,http://www.pawpetisgalore.com/,(478) 501-7206,Clarksville,TN,false
Legion Dog and Cat Supply,,https://www.indoordogpark.org/parks/legion-dog-and-cat-supply,https://legiondogandcatsupply.com/,(931) 801-2935,Clarksville,TN,false
Pet Supplies Plus Clarksville,,https://www.indoordogpark.org/parks/pet-supplies-plus-clarksville,https://www.petsuppliesplus.com/store/tn/clarksville/4248-clarksville/4248,(931) 820-1020,Clarksville,TN,false
For the Love of Dogs,,https://www.indoordogpark.org/parks/for-the-love-of-dogs,,(812) 920-2006,Clarksville,TN,false
Pleasant View Bed & Biscuit,,https://www.indoordogpark.org/parks/pleasant-view-bed-biscuit,http://www.pleasantviewbedandbiscuit.com/,(615) 598-7611,Chapmansboro,TN,false
Copyright Pet Resort,,https://www.indoordogpark.org/parks/copyright-pet-resort,https://www.copyrightpetresort.com/,(931) 528-8007,Cookeville,TN,false
Lucky Dog Pet Sitting,,https://www.indoordogpark.org/parks/lucky-dog-pet-sitting,,(615) 856-9753,Clarksville,TN,false
The Youth Academy - Industrial Park,,https://www.indoordogpark.org/parks/the-youth-academy-industrial-park,https://youthacademyclarksville.com/,(931) 245-1400,Clarksville,TN,false
Doggie's Day Out,,https://www.indoordogpark.org/parks/doggie-s-day-out,http://www.doggiesdayout.net/,(615) 624-6140,Murfreesboro,TN,false
Pet Paradise Murfreesboro,,https://www.indoordogpark.org/parks/pet-paradise-murfreesboro,https://www.petparadise.com/murfreesboro.htm,(615) 257-4250,Murfreesboro,TN,false
PetSuites Murfreesboro,,https://www.indoordogpark.org/parks/petsuites-murfreesboro,https://murfreesboro.petsuitesofamerica.com/?utm_source=gmb&utm_medium=organic&y_source=1_MTUzNzQyNjAtNzE1LWxvY2F0aW9uLndlYnNpdGU%3D,(615) 439-2046,Murfreesboro,TN,false
Safari Pet Resort,,https://www.indoordogpark.org/parks/safari-pet-resort,https://www.safaripetresort.com/,(615) 890-3732,Murfreesboro,TN,false
Nicole's Doggie Retreat; In Home Dog Boarding,,https://www.indoordogpark.org/parks/nicole-s-doggie-retreat-in-home-dog-boarding,http://www.nicolesdoggos.com/,(631) 431-4711,Murfreesboro,TN,false
Heidi’s Camp Doodle,,https://www.indoordogpark.org/parks/heidi-s-camp-doodle,,(615) 498-8405,Murfreesboro,TN,false
Kodas Playhouse,,https://www.indoordogpark.org/parks/kodas-playhouse,http://www.kodasplayhouse.com/,(629) 251-8165,Murfreesboro,TN,false
My 4 Dogs Academy & Spa,,https://www.indoordogpark.org/parks/my-4-dogs-academy-spa,https://www.my4dogs.net/,(615) 869-7343,Murfreesboro,TN,false
"Custom Kare Kennel, Inc.",,https://www.indoordogpark.org/parks/custom-kare-kennel-inc,http://www.ckkinc.com/,(615) 893-8959,Murfreesboro,TN,false
The Pet Whisperer,,https://www.indoordogpark.org/parks/the-pet-whisperer,https://m.facebook.com/kvpetwhisperer,(615) 542-8816,Murfreesboro,TN,false
Laura's Pet Care Of Middle Tennessee,,https://www.indoordogpark.org/parks/laura-s-pet-care-of-middle-tennessee,https://lauras-pet-care.square.site/,(661) 706-6682,Murfreesboro,TN,false
Hounds Town Smyrna,,https://www.indoordogpark.org/parks/hounds-town-smyrna,https://houndstownusa.com/locations/smyrna/?utm_source=google&utm_medium=map&utm_id=smyrna-fl,(615) 747-2275,Smyrna,TN,false
"Creature Comforts Kennels, LLC",,https://www.indoordogpark.org/parks/creature-comforts-kennels-llc,http://creaturecomfortskennels.co/,(615) 462-7051,Smyrna,TN,false
James Gang Canine Retreat,,https://www.indoordogpark.org/parks/james-gang-canine-retreat,http://www.jamesgangcanineretreat.com/,(615) 478-9359,Murfreesboro,TN,false
Molly's Pampered Paws at Arrington,,https://www.indoordogpark.org/parks/molly-s-pampered-paws-at-arrington,http://mollyspamperedpaws.com/,(615) 624-3914,Arrington,TN,false
Animal Care Veterinary Hospital,,https://www.indoordogpark.org/parks/animal-care-veterinary-hospital,https://animalcarevet.net/?utm_source=gmb&utm_medium=organic,(615) 896-3434,Murfreesboro,TN,false
Paws and Effect Salon and Spa,,https://www.indoordogpark.org/parks/paws-and-effect-salon-and-spa,http://www.boropawsandeffect.com/,(615) 900-3504,Murfreesboro,TN,false
"Lilah Belle Pet Spa, Boarding & Doggy Daycare",,https://www.indoordogpark.org/parks/lilah-belle-pet-spa-boarding-doggy-daycare,http://lilahbellepetspa.com/,(615) 355-5642,Smyrna,TN,false
Wag It Better Family Dog Training and Boutique,,https://www.indoordogpark.org/parks/wag-it-better-family-dog-training-and-boutique,http://www.wagitbetter.com/,(615) 410-7393,Murfreesboro,TN,false
VCA Creekside Animal Hospital,,https://www.indoordogpark.org/parks/vca-creekside-animal-hospital,https://vcahospitals.com/creekside?utm_source=maps&utm_medium=organic&utm_campaign=AU_1191,(615) 849-7387,Murfreesboro,TN,false
CreekWood Veterinary Hospital,,https://www.indoordogpark.org/parks/creekwood-veterinary-hospital,https://www.creekwoodvethospital.com/?utm_source=2060digital&utm_medium=localseo&utm_campaign=gbp,(615) 956-2525,Murfreesboro,TN,false
Sit Means Sit Dog Training Murfreesboro,,https://www.indoordogpark.org/parks/sit-means-sit-dog-training-murfreesboro,https://murfreesborodogtraining.com/,(629) 772-3647,Murfreesboro,TN,false
Murfreesboro Obedience Training Club,,https://www.indoordogpark.org/parks/murfreesboro-obedience-training-club,https://www.motcdog.org/,,Murfreesboro,TN,false
Always Training K9s,,https://www.indoordogpark.org/parks/always-training-k9s,https://www.alwaystrainingk9s.com/,(615) 648-7590,Murfreesboro,TN,false
The Dog Wizard Murfreesboro,,https://www.indoordogpark.org/parks/the-dog-wizard-murfreesboro,https://thedogwizard.com/locations/us/tn/murfreesboro/dog-training-24b.html?utm_source=google&utm_medium=organic&utm_campaign=google+business+profile,(629) 260-4532,Smyrna,TN,false
Petco Dog Training,,https://www.indoordogpark.org/parks/petco-dog-training,https://stores.petco.com/tn/murfreesboro/dog-training-murfreesboro-tn-1667.html,(615) 890-0082,Murfreesboro,TN,false
Prince K9 Training,,https://www.indoordogpark.org/parks/prince-k9-training,https://princek9training.com/,(629) 543-8311,Murfreesboro,TN,false
Fortified K9,,https://www.indoordogpark.org/parks/fortified-k9,https://fortifiedk9.com/contact-us,(615) 427-3861,Christiana,TN,false
Wag It Better Family Dog Training and Boutique,,https://www.indoordogpark.org/parks/wag-it-better-family-dog-training-and-boutique,https://wagitbetter.com/,(615) 283-3401,Nolensville,TN,false
PetSmart Dog Training,,https://www.indoordogpark.org/parks/petsmart-dog-training,https://stores.petsmart.com/tn/murfreesboro/murfreesboro/dog-training?utm_source=google&utm_medium=organic&utm_campaign=google-my-business,(615) 890-4344,Murfreesboro,TN,false
Pearly Pawz Pets,,https://www.indoordogpark.org/parks/pearly-pawz-pets,https://book.cuddlesapp.com/pearly-pawz-petz,(629) 772-5868,Murfreesboro,TN,false
Premier Paws Pet Grooming,,https://www.indoordogpark.org/parks/premier-paws-pet-grooming,https://www.premierpawstn.com/,(615) 962-8549,Murfreesboro,TN,false
Pampered Lil Paws,,https://www.indoordogpark.org/parks/pampered-lil-paws,http://pamperedlilpaws.com/,(615) 631-6175,Murfreesboro,TN,false
Precious Pooches at Willow Creek Farm,,https://www.indoordogpark.org/parks/precious-pooches-at-willow-creek-farm,http://www.preciouspoochesgrooming.com/,(615) 710-3942,Murfreesboro,TN,false
Affordable Dog Grooming,,https://www.indoordogpark.org/parks/affordable-dog-grooming,https://www.affordabledoggroomingboro.com/,(615) 692-8490,Murfreesboro,TN,false
L A Dog Grooming,,https://www.indoordogpark.org/parks/l-a-dog-grooming,,(615) 895-1448,Murfreesboro,TN,false
Pet Spa by Susan,,https://www.indoordogpark.org/parks/pet-spa-by-susan,http://www.petspabysusan.com/,(629) 252-1768,Murfreesboro,TN,false
Petco Grooming,,https://www.indoordogpark.org/parks/petco-grooming,https://stores.petco.com/tn/lebanon/full-service-grooming-lebanon-tn-1574.html,(615) 547-1533,Lebanon,TN,false
Rock n Pup Pet Salon,,https://www.indoordogpark.org/parks/rock-n-pup-pet-salon,https://rocknpup.curlypet.com/,(615) 483-4863,Smyrna,TN,false
PetSmart,,https://www.indoordogpark.org/parks/petsmart,https://www.petsmart.com/stores/us/tn/murfreesboro-store0648.html?utm_source=google&utm_medium=organic&utm_campaign=google-my-business,(615) 890-4344,Murfreesboro,TN,false
Pet Supplies Plus Murfreesboro East,,https://www.indoordogpark.org/parks/pet-supplies-plus-murfreesboro-east,https://www.petsuppliesplus.com/store/tn/murfreesboro/4477-murfreesboro/4477,(615) 612-0240,Murfreesboro,TN,false
Licker & Whine Pet Market,,https://www.indoordogpark.org/parks/licker-whine-pet-market,http://www.lickerandwhine.com/,(615) 203-5400,Murfreesboro,TN,false
BB Dog Farm Pickup Location,,https://www.indoordogpark.org/parks/bb-dog-farm-pickup-location,https://www.rover.com/sit/funatboomers,(615) 796-5969,Murfreesboro,TN,false
Brogli Lane Weaver & Alexander Animal Hospital,,https://www.indoordogpark.org/parks/brogli-lane-weaver-alexander-animal-hospital,https://broglilaneweaver.com/,(615) 893-1728,Murfreesboro,TN,false
J&M KENNELS,,https://www.indoordogpark.org/parks/j-m-kennels,,(615) 410-1182,Murfreesboro,TN,false
Canterbury Tails Private Dog Park,,https://www.indoordogpark.org/parks/canterbury-tails-private-dog-park,https://canterburytailsdogpark.com/,,Murfreesboro,TN,false
Blake's Bark Park,,https://www.indoordogpark.org/parks/blake-s-bark-park,http://www.wcparksandrec.com/facilities_and_parks/index.php,,Franklin,TN,false
The Park at Harlinsdale Farm,,https://www.indoordogpark.org/parks/the-park-at-harlinsdale-farm,https://www.franklintn.gov/government/departments-k-z/parks/park-locations/the-park-at-harlinsdale-farm,(615) 794-2103,Franklin,TN,false
Paw Pals Inc. Franklin,,https://www.indoordogpark.org/parks/paw-pals-inc-franklin,https://www.pawpalsinc.com/,(615) 599-1105,Franklin,TN,false
Nutro Dog Park,,https://www.indoordogpark.org/parks/nutro-dog-park,https://www.thompsons-station.gov/departments/parks-and-recreation/park-information-and-trail-maps/nutro-dog-park,(615) 794-4333,Thompson's Station,TN,false
Central Bark Dog Park,,https://www.indoordogpark.org/parks/central-bark-dog-park,,(615) 549-5330,Smithville,TN,false
Franklin Recreation Complex,,https://www.indoordogpark.org/parks/franklin-recreation-complex,http://www.wcparksandrec.com/,(615) 790-5719,Franklin,TN,false
My Second Home,,https://www.indoordogpark.org/parks/my-second-home,https://www.mysecondhome.com/?utm_source=gmb&utm_medium=organic&y_source=1_MTE2NjkwNDUtNzE1LWxvY2F0aW9uLndlYnNpdGU%3D,(629) 236-9058,Franklin,TN,false
Pawsh Pawradise,,https://www.indoordogpark.org/parks/pawsh-pawradise,http://www.pawshpawradise.com/,(615) 920-4321,Franklin,TN,false
Pet Pals TN,,https://www.indoordogpark.org/parks/pet-pals-tn,http://petpalstn.com/,(615) 763-5552,Franklin,TN,false
Waggy Tails Pet Center,,https://www.indoordogpark.org/parks/waggy-tails-pet-center,https://www.waggytailsfranklin.com/,(615) 472-1520,Franklin,TN,false
Stacie's Pup Palace,,https://www.indoordogpark.org/parks/stacie-s-pup-palace,https://staciespuppalace.com/,(615) 891-8060,Franklin,TN,false
Hound Haven,,https://www.indoordogpark.org/parks/hound-haven,http://www.myhoundhaven.com/?utm_source=google&utm_medium=local&utm_campaign=1&utm_content=primary,(615) 790-5071,Franklin,TN,false
Pet Village of Brentwood,,https://www.indoordogpark.org/parks/pet-village-of-brentwood,http://petvillagebrentwood.com/,(615) 953-1187,Brentwood,TN,false
Unlshd K9,,https://www.indoordogpark.org/parks/unlshd-k9,https://www.unlshdk9-tn.com/,(615) 472-1520,Franklin,TN,false
Battleground Hospital for Animals,,https://www.indoordogpark.org/parks/battleground-hospital-for-animals,http://www.battlegroundhospital.com/,(615) 261-7500,Franklin,TN,false
Dee-O-Gee,,https://www.indoordogpark.org/parks/dee-o-gee,https://franklin.dee-o-gee.com/,(615) 790-1121,Franklin,TN,false
Woof Club,,https://www.indoordogpark.org/parks/woof-club,http://thefarmatnatcheztrace.com/day-care/woof-club/,(615) 662-6628,Franklin,TN,false
Rocky Top Pet Resort,,https://www.indoordogpark.org/parks/rocky-top-pet-resort,https://rockytoppetresort.com/,(615) 614-3023,Thompson's Station,TN,false
Paw Pals Inc. Brentwood,,https://www.indoordogpark.org/parks/paw-pals-inc-brentwood,https://www.pawpalsinc.com/,(615) 953-6910,Brentwood,TN,false
Dog Gone Good Time Farm,,https://www.indoordogpark.org/parks/dog-gone-good-time-farm,http://www.doggonegoodtimefarm.com/,(931) 451-7978,Spring Hill,TN,false
The Pampered Pooch Pet Resort,,https://www.indoordogpark.org/parks/the-pampered-pooch-pet-resort,https://pamperedpoochpetresort.com/,(615) 618-9509,Brentwood,TN,false
Canine Behavior Specialists Network,,https://www.indoordogpark.org/parks/canine-behavior-specialists-network,,(615) 736-1768,Franklin,TN,false
Petco Dog Training,,https://www.indoordogpark.org/parks/petco-dog-training,https://stores.petco.com/tn/franklin/dog-training-franklin-tn-1544.html,(615) 778-1839,Franklin,TN,false
Scenthound Franklin,,https://www.indoordogpark.org/parks/scenthound-franklin,https://www.scenthound.com/franklin,(615) 909-3735,Franklin,TN,false
Angie’s Pet Spa - Franklin,,https://www.indoordogpark.org/parks/angie-s-pet-spa-franklin,,(615) 472-8986,Franklin,TN,false
Four Paws Pet Spa,,https://www.indoordogpark.org/parks/four-paws-pet-spa,http://fourpawsfranklintn.com/,(615) 431-1181,Franklin,TN,false
4 the love of Paws,,https://www.indoordogpark.org/parks/4-the-love-of-paws,https://4theloveofpawstn.com/,(615) 525-5552,Franklin,TN,false
Bubbles & Bows Dog Grooming,,https://www.indoordogpark.org/parks/bubbles-bows-dog-grooming,,(615) 794-0486,Franklin,TN,false
Dapper Dog Grooming Co,,https://www.indoordogpark.org/parks/dapper-dog-grooming-co,http://dapperdoggroomingco.com/contact-us,(615) 905-8157,Franklin,TN,false
Sarge Pet Grooming,,https://www.indoordogpark.org/parks/sarge-pet-grooming,,(615) 525-4489,Franklin,TN,false
Pet expressions,,https://www.indoordogpark.org/parks/pet-expressions,,,Franklin,TN,false
Peeps N Paws Boutique,,https://www.indoordogpark.org/parks/peeps-n-paws-boutique,,(615) 905-6320,Franklin,TN,false
Happy Retales,,https://www.indoordogpark.org/parks/happy-retales,https://happyretales.com/,(615) 309-1835,Brentwood,TN,false
Berry Farms Animal Hospital & Pet Spa,,https://www.indoordogpark.org/parks/berry-farms-animal-hospital-pet-spa,https://www.cupolaanimalhospitals.com/locations/berry-farms,(615) 224-7776,Franklin,TN,false
Petco Grooming,,https://www.indoordogpark.org/parks/petco-grooming,https://stores.petco.com/tn/franklin/full-service-grooming-franklin-tn-1544.html,(615) 778-1839,Franklin,TN,false
Petsense by Tractor Supply,,https://www.indoordogpark.org/parks/petsense-by-tractor-supply,http://www.petsense.com/,(615) 790-5038,Franklin,TN,false
South Franklin Animal Hospital,,https://www.indoordogpark.org/parks/south-franklin-animal-hospital,http://www.southfranklinanimalhospital.com/,(615) 595-2337,Franklin,TN,false
The Pet Spa & Resort,,https://www.indoordogpark.org/parks/the-pet-spa-resort,http://www.petsparesort.com/?y_source=1_MTE2NjkwOTYtNzE1LWxvY2F0aW9uLndlYnNpdGU%3D,(973) 928-7549,Franklin,TN,false
Pooch Playhouse & Boarding LLC,,https://www.indoordogpark.org/parks/pooch-playhouse-boarding-llc,,(931) 486-3200,Spring Hill,TN,false
The Wag Social,,https://www.indoordogpark.org/parks/the-wag-social,https://thewagsocial.com/,(865) 409-5533,Sevierville,TN,false
Little Loves,,https://www.indoordogpark.org/parks/little-loves,https://www.littlelovestn.com/,(731) 300-0800,Jackson,TN,false
North Park,,https://www.indoordogpark.org/parks/north-park,https://parks.jacksontn.gov/,(731) 425-8399,Jackson,TN,false
Dog Park at Love's Travel Stops,,https://www.indoordogpark.org/parks/dog-park-at-love-s-travel-stops,https://www.loves.com/dogparks,(931) 388-1217,Columbia,TN,false
Dr. Vicki Schneider Lake Dog Park,,https://www.indoordogpark.org/parks/dr-vicki-schneider-lake-dog-park,https://www.jacksontn.gov/government/departments/recreation_parks,(731) 425-8399,Jackson,TN,false
Jackson Downtown Dog Walk,,https://www.indoordogpark.org/parks/jackson-downtown-dog-walk,https://www.jacksontn.gov/government/departments/recreation_parks,,Jackson,TN,false
Daybreak Suites Extended Stay - Jackson,,https://www.indoordogpark.org/parks/daybreak-suites-extended-stay-jackson,http://www.daybreaksuites.com/jackson,(731) 668-4222,Jackson,TN,false
BattleZone Axe Throwing,,https://www.indoordogpark.org/parks/battlezone-axe-throwing,http://www.battlezonepark.com/,(731) 414-8609,Jackson,TN,false
Cypress Grove Nature Park,,https://www.indoordogpark.org/parks/cypress-grove-nature-park,https://jacksontn.gov/government/departments/recreation_parks,(731) 425-8364,Jackson,TN,false
Centennial Park,,https://www.indoordogpark.org/parks/centennial-park,http://www.jacksonrecandparks.com/,(731) 425-8399,Jackson,TN,false
Hollywood Club Canine,,https://www.indoordogpark.org/parks/hollywood-club-canine,http://doggroomingjackson.com/,(731) 660-1806,Jackson,TN,false
Wagging Tail Resort,,https://www.indoordogpark.org/parks/wagging-tail-resort,http://waggingtailresort.com/,(731) 554-1842,Jackson,TN,false
Antonia's Paw Spa & Retreat,,https://www.indoordogpark.org/parks/antonia-s-paw-spa-retreat,https://www.pawspajackson.com/,(731) 300-3197,Jackson,TN,false
Countryview Kennels,,https://www.indoordogpark.org/parks/countryview-kennels,http://www.countryview.com/,(731) 427-8585,Jackson,TN,false
Furry Friends Groom & Board,,https://www.indoordogpark.org/parks/furry-friends-groom-board,https://www.furryfriendsk9.care/,(731) 803-4449,Jackson,TN,false
Dogwood Bed 'n Biscuit,,https://www.indoordogpark.org/parks/dogwood-bed-n-biscuit,http://www.dogwoodbednbiscuit.com/,(731) 420-6011,Humboldt,TN,false
"Wet Nose Resort, LLC",,https://www.indoordogpark.org/parks/wet-nose-resort-llc,,(731) 879-9995,Henderson,TN,false
Antonia dog grooming,,https://www.indoordogpark.org/parks/antonia-dog-grooming,,,Jackson,TN,false
Sittin' Pretty LLC,,https://www.indoordogpark.org/parks/sittin-pretty-llc,,(731) 394-2468,Jackson,TN,false
Furry Friends Boarding,,https://www.indoordogpark.org/parks/furry-friends-boarding,https://furryfriends-boarding.com/,(731) 803-4449,Jackson,TN,false
Beech River kennels and Retrievers,,https://www.indoordogpark.org/parks/beech-river-kennels-and-retrievers,https://beechriverkennels.com/,(931) 265-3051,Parsons,TN,false
Critter Corral,,https://www.indoordogpark.org/parks/critter-corral,https://crittercorralnewbern.com/,(731) 676-5460,Newbern,TN,false
Beech Lake Grooming and Boarding,,https://www.indoordogpark.org/parks/beech-lake-grooming-and-boarding,https://www.facebook.com/beechlakegroomingandboarding/,(731) 393-3000,Lexington,TN,false
Jackson Animal Clinic,,https://www.indoordogpark.org/parks/jackson-animal-clinic,https://jacksonanimalvet.com/,(731) 668-1440,Jackson,TN,false
Safe Haven Pet Spa,,https://www.indoordogpark.org/parks/safe-haven-pet-spa,http://safehavenpetspa.com/,(731) 215-0576,Jackson,TN,false
The Pet Care Center of Jackson south,,https://www.indoordogpark.org/parks/the-pet-care-center-of-jackson-south,,(731) 935-0080,Jackson,TN,false
North Madison Animal Hospital,,https://www.indoordogpark.org/parks/north-madison-animal-hospital,https://northmadisonanimalvet.com/,(731) 664-6200,Jackson,TN,false
Taylor’s Canine Services,,https://www.indoordogpark.org/parks/taylor-s-canine-services,https://taylorscanineservices.com/,(731) 780-1951,Brownsville,TN,false
Dixie Street Kennels,,https://www.indoordogpark.org/parks/dixie-street-kennels,,(731) 614-1135,Lexington,TN,false
Jackson Country Kennel,,https://www.indoordogpark.org/parks/jackson-country-kennel,http://www.jacksoncountrykennel.com/,(770) 775-4004,Jackson,TN,false
Wagging Tails Resort,,https://www.indoordogpark.org/parks/wagging-tails-resort,,(731) 512-0586,Jackson,TN,false
PetSmart Dog Training,,https://www.indoordogpark.org/parks/petsmart-dog-training,https://stores.petsmart.com/tn/jackson/jackson/dog-training?utm_source=google&utm_medium=organic&utm_campaign=google-my-business,(731) 661-0049,Jackson,TN,false
Petco Dog Training,,https://www.indoordogpark.org/parks/petco-dog-training,https://stores.petco.com/tn/jackson/dog-training-jackson-tn-1604.html,(731) 660-0211,Jackson,TN,false
Angela's Pet Grooming Salon,,https://www.indoordogpark.org/parks/angela-s-pet-grooming-salon,https://dogp.net/explore/angelas-pet-grooming-salon/,(731) 256-1410,Jackson,TN,false
Nails to Tails,,https://www.indoordogpark.org/parks/nails-to-tails,http://facebook.com/nailstotailspetgrooming,(731) 300-3909,Jackson,TN,false
Missy & Co. Pet Grooming,,https://www.indoordogpark.org/parks/missy-co-pet-grooming,,(731) 256-2082,Jackson,TN,false
Bobbi's Pet Grooming,,https://www.indoordogpark.org/parks/bobbi-s-pet-grooming,,(731) 668-6680,Jackson,TN,false
Victoria Thee Pet Stylist,,https://www.indoordogpark.org/parks/victoria-thee-pet-stylist,,(731) 697-9110,Jackson,TN,false
Petco Grooming,,https://www.indoordogpark.org/parks/petco-grooming,https://stores.petco.com/tn/jackson/full-service-grooming-jackson-tn-1604.html,(731) 660-0211,Jackson,TN,false
PetSmart,,https://www.indoordogpark.org/parks/petsmart,https://www.petsmart.com/stores/us/tn/jackson-store0643.html?utm_source=google&utm_medium=organic&utm_campaign=google-my-business,(731) 661-0049,Jackson,TN,false
PetSmart Grooming,,https://www.indoordogpark.org/parks/petsmart-grooming,https://stores.petsmart.com/tn/jackson/jackson/grooming?utm_source=google&utm_medium=organic&utm_campaign=google-my-business,(731) 661-0049,Jackson,TN,false
Humboldt Grooming,,https://www.indoordogpark.org/parks/humboldt-grooming,https://www.facebook.com/Humboldt-Grooming-in-Medina-390499360978479/,(731) 784-7080,Medina,TN,false
Paws and Whiskers Pet Pantry,,https://www.indoordogpark.org/parks/paws-and-whiskers-pet-pantry,http://www.pawsandwhiskerspetpantry.com/,(731) 300-4553,Jackson,TN,false
Michelle's pet Grooming & Spa,,https://www.indoordogpark.org/parks/michelle-s-pet-grooming-spa,,(731) 388-6037,Humboldt,TN,false
Wagging Tails Pet Resort,,https://www.indoordogpark.org/parks/wagging-tails-pet-resort,http://www.waggingtailstn.com/,(423) 563-5635,Jacksboro,TN,false
Happy Pawz,,https://www.indoordogpark.org/parks/happy-pawz,,(731) 445-7806,Trenton,TN,false
University Parkway Animal Hospital,,https://www.indoordogpark.org/parks/university-parkway-animal-hospital,https://www.universityparkwayvet.com/,(731) 661-0711,Jackson,TN,false
Phoenix Farms,,https://www.indoordogpark.org/parks/phoenix-farms,http://www.phoenixfarm.net/,(731) 225-8077,Jackson,TN,false
"Pet Wellness Clinic, Inc.",,https://www.indoordogpark.org/parks/pet-wellness-clinic-inc,http://petwellnessclinic.net/,(731) 256-1455,Jackson,TN,false
UNLEASHED and lovin’ it!,,https://www.indoordogpark.org/parks/unleashed-and-lovin-it,https://www.unleashedandlovinit.com/,(517) 817-0177,Jackson,TN,false
Jackson Animal Care Center,,https://www.indoordogpark.org/parks/jackson-animal-care-center,https://jacksontn.gov/government/departments/animalservices/animal_care_center,(731) 422-7028,Jackson,TN,false
Connie's Dogtopia,,https://www.indoordogpark.org/parks/connie-s-dogtopia,https://www.conniesdogtopia.com/,(423) 218-9062,Johnson City,TN,false
Willow Springs Park,,https://www.indoordogpark.org/parks/willow-springs-park,https://www.johnsoncitytn.org/business_detail_T5_R12.php,,Johnson City,TN,false
Off Leash Social - Eat. Drink. Pet Dogs,,https://www.indoordogpark.org/parks/off-leash-social-eat-drink-pet-dogs,http://www.offleashsocial.com/,(423) 467-5566,Johnson City,TN,false
"Off Leash Boutique - grooming, daycare, dog wash, natural food",,https://www.indoordogpark.org/parks/off-leash-boutique-grooming-daycare-dog-wash-natural-food,https://offleashjc.com/,(423) 328-0475,Johnson City,TN,false
Civitan Park,,https://www.indoordogpark.org/parks/civitan-park,http://www.johnsoncitytn.org/parksrec/facilities/#civitan_park,(423) 283-5822,Johnson City,TN,false
Paradise Acres,,https://www.indoordogpark.org/parks/paradise-acres,http://paradiseacres.fun/,(423) 794-7276,Johnson City,TN,false
Founders Park,,https://www.indoordogpark.org/parks/founders-park,http://downtownjc.com/parks/,(423) 202-3510,Johnson City,TN,false
Metro-Kiwanis Park,,https://www.indoordogpark.org/parks/metro-kiwanis-park,http://www.johnsoncitytn.org/parksrec/facilities/#metro_kiwanis,(423) 434-5750,Johnson City,TN,false
Rotary Park,,https://www.indoordogpark.org/parks/rotary-park,https://www.johnsoncitytn.org/services/parks_and_recreation/index.php,(423) 461-4877,Johnson City,TN,false
Johnson City Dog Park at Willow Springs [MEMBERS ONLY],,https://www.indoordogpark.org/parks/johnson-city-dog-park-at-willow-springs-members-only,http://www.johnsoncitydogpark.org/,(423) 218-2305,Johnson City,TN,false
Camp Ruff-N-More,,https://www.indoordogpark.org/parks/camp-ruff-n-more,http://www.campruffnmore.com/,(423) 929-7833,Johnson City,TN,false
Park Your Paws,,https://www.indoordogpark.org/parks/park-your-paws,http://www.parkyourpawstn.com/,(423) 753-7297,Johnson City,TN,false
Rovers Stay Over,,https://www.indoordogpark.org/parks/rovers-stay-over,https://roversstayover.net/,(423) 930-2155,Johnson City,TN,false
Bed and Biscuit,,https://www.indoordogpark.org/parks/bed-and-biscuit,https://bcbedandbiscuit.com/?utm_source=cumulus&utm_medium=onlinepresence&utm_campaign=gbp,(423) 427-6226,Johnson City,TN,false
Styled For Pets,,https://www.indoordogpark.org/parks/styled-for-pets,https://www.styledforpets.com/,(423) 297-3075,Johnson City,TN,false
Country Club Kennels,,https://www.indoordogpark.org/parks/country-club-kennels,https://countryckennels.wixsite.com/cckjohnsoncity,(423) 929-2754,Johnson City,TN,false
Paddle Creek Pet Ranch LLC,,https://www.indoordogpark.org/parks/paddle-creek-pet-ranch-llc,https://www.facebook.com/paddlecreekpetranch/,(423) 274-4500,Johnson City,TN,false
The Prefurred Pack Pet Care Services,,https://www.indoordogpark.org/parks/the-prefurred-pack-pet-care-services,https://facebook.com/ThePrefurredPack,(423) 773-4733,Johnson City,TN,false
"FairyTails Pet Grooming, Daycare & Boarding",,https://www.indoordogpark.org/parks/fairytails-pet-grooming-daycare-boarding,http://fairytailspet.net/,(423) 328-0603,Johnson City,TN,false
"Woof Valley ~ Daycare, Boarding & Grooming",,https://www.indoordogpark.org/parks/woof-valley-daycare-boarding-grooming,https://www.woofvalleytn.com/,(423) 213-5790,Elizabethton,TN,false
Pawsitively Posh Pet Resort & Spa,,https://www.indoordogpark.org/parks/pawsitively-posh-pet-resort-spa,http://www.pawsitivelyposhpetresort.com/,(423) 426-8053,Chuckey,TN,false
Ellen's Pet Sitting and Dog Walking,,https://www.indoordogpark.org/parks/ellen-s-pet-sitting-and-dog-walking,http://sites.google.com/view/ellenspetsittinganddogwalking/home,(423) 491-9103,Johnson City,TN,false
Gray Kennels & Security,,https://www.indoordogpark.org/parks/gray-kennels-security,,(423) 477-2810,Gray,TN,false
Paws and Claws Pet Nannies,,https://www.indoordogpark.org/parks/paws-and-claws-pet-nannies,http://www.pawsandclawspetnannies.com/,(423) 946-5270,Johnson City,TN,false
The Classy Canine,,https://www.indoordogpark.org/parks/the-classy-canine,http://www.theclassycanineak.com/,(713) 898-9793,Johnson City,TN,false
Cherokee Hospital for Animals,,https://www.indoordogpark.org/parks/cherokee-hospital-for-animals,https://cherokeevet.com/,(423) 928-7272,Johnson City,TN,false
Grooming Tails Pet Spa,,https://www.indoordogpark.org/parks/grooming-tails-pet-spa,http://groomingtailsjc.wixsite.com/mysite,(423) 328-9500,Johnson City,TN,false
The Pawfect Place,,https://www.indoordogpark.org/parks/the-pawfect-place,,(423) 863-3358,Bluff City,TN,false
Pretty Paws Dog Grooming,,https://www.indoordogpark.org/parks/pretty-paws-dog-grooming,https://dogp.net/explore/pretty-paws-dog-grooming/,(423) 928-7777,Johnson City,TN,false
Koda K-9 Academy,,https://www.indoordogpark.org/parks/koda-k-9-academy,http://kodak9.com/,(423) 528-9571,Johnson City,TN,false
The Dog Wizard Tri Cities,,https://www.indoordogpark.org/parks/the-dog-wizard-tri-cities,https://thedogwizard.com/locations/us/tn/tri-cities/dog-training-58.html?utm_source=google&utm_medium=organic&utm_campaign=google+business+profile,(423) 425-9432,Johnson City,TN,false
PetSmart Dog Training,,https://www.indoordogpark.org/parks/petsmart-dog-training,https://stores.petsmart.com/tn/johnson-city/johnson-city/dog-training?utm_source=google&utm_medium=organic&utm_campaign=google-my-business,(423) 854-8833,Johnson City,TN,false
Top Dog Training,,https://www.indoordogpark.org/parks/top-dog-training,https://webstertopdogtraining.com/,(423) 673-5448,Johnson City,TN,false
NADM K-9 Performance Events,,https://www.indoordogpark.org/parks/nadm-k-9-performance-events,,(423) 292-1586,Jonesborough,TN,false
Pets in Progress LLC,,https://www.indoordogpark.org/parks/pets-in-progress-llc,https://www.petsinprogress.com/?utm_source=google&utm_medium=wix_google_business_profile&utm_campaign=5536688641807544132,(423) 480-9494,Jonesborough,TN,false
Cia Dog Training,,https://www.indoordogpark.org/parks/cia-dog-training,,,Fall Branch,TN,false
The Pawlor Luxury Grooming,,https://www.indoordogpark.org/parks/the-pawlor-luxury-grooming,,(423) 946-5123,Johnson City,TN,false
Personal Touch Dog Grooming,,https://www.indoordogpark.org/parks/personal-touch-dog-grooming,https://www.facebook.com/personaltouchdoggrooming/,(423) 928-2121,Johnson City,TN,false
Soigné Pets,,https://www.indoordogpark.org/parks/soign-pets,http://soignepets.com/,(423) 440-1679,Johnson City,TN,false
Dogwood Pet Spaw,,https://www.indoordogpark.org/parks/dogwood-pet-spaw,http://www.facebook.com/dogwoodpetspaw,(423) 202-7977,Johnson City,TN,false
Posh Paws Johnson City,,https://www.indoordogpark.org/parks/posh-paws-johnson-city,https://m.facebook.com/104615775040578/,(423) 268-2233,Johnson City,TN,false
Pitstop Pet Grooming,,https://www.indoordogpark.org/parks/pitstop-pet-grooming,,(423) 341-3555,Johnson City,TN,false
Farmhouse Grooming,,https://www.indoordogpark.org/parks/farmhouse-grooming,https://m.facebook.com/Farmhousegrooming84/,(423) 408-2815,Johnson City,TN,false
All Four Paws Pet Spa,,https://www.indoordogpark.org/parks/all-four-paws-pet-spa,,(423) 926-4874,Johnson City,TN,false
Pet Supplies Plus Johnson City,,https://www.indoordogpark.org/parks/pet-supplies-plus-johnson-city,https://www.petsuppliesplus.com/Store/TN/Johnson-City/Johnson-City/4430,(423) 430-6020,Johnson City,TN,false
Glamour Fur Grooming Salon,,https://www.indoordogpark.org/parks/glamour-fur-grooming-salon,https://booking.moego.pet/go/?name=GlamourFurGroomingSalon,(423) 530-3393,Piney Flats,TN,false
P.S. Grooming,,https://www.indoordogpark.org/parks/p-s-grooming,https://l.instagram.com/?u=http://facebook.com/PSGrooming13/&e=ATMIOQ-KCIIMo0S-6PltJJ12EAVJi_amJ_Xff57dpAsbcXjKjxitEUcvkRLJEtZtRu0H22QNdbjKgio0,(423) 833-8570,Johnson City,TN,false
PetSmart,,https://www.indoordogpark.org/parks/petsmart,https://www.petsmart.com/stores/us/tn/johnson-city-store0655.html?utm_source=google&utm_medium=organic&utm_campaign=google-my-business,(423) 854-8833,Johnson City,TN,false
Suite Life Pet Resort,,https://www.indoordogpark.org/parks/suite-life-pet-resort,http://www.suitelifepetresort.com/,(865) 253-1130,Oak Ridge,TN,false
"The ""Ruff"" Life Pet Resort",,https://www.indoordogpark.org/parks/the-ruff-life-pet-resort,http://therufflifepetresort.com/,(423) 200-7544,Morristown,TN,false
The Exotic Resort Zoo,,https://www.indoordogpark.org/parks/the-exotic-resort-zoo,http://www.zooexotics.com/,(830) 868-4357,Johnson City,TN,false
Doggie VIP Resort,,https://www.indoordogpark.org/parks/doggie-vip-resort,,(423) 391-0920,Bluff City,TN,false
Camp Ruff-N-More,,https://www.indoordogpark.org/parks/camp-ruff-n-more,http://www.campruffnmore.com/,(423) 288-7833,Kingsport,TN,false
Mollys Bed & Biscuit,,https://www.indoordogpark.org/parks/mollys-bed-biscuit,,(423) 312-4601,Morristown,TN,false
Boone Wood Kennel,,https://www.indoordogpark.org/parks/boone-wood-kennel,,(423) 538-8648,Piney Flats,TN,false
Boones Creek Animal Hospital,,https://www.indoordogpark.org/parks/boones-creek-animal-hospital,http://www.boonescreekanimalhospital.com/,(423) 282-1827,Johnson City,TN,false
Brisby’s Bed & Biscuits,,https://www.indoordogpark.org/parks/brisby-s-bed-biscuits,http://www.brisbysbnb.com/,(423) 307-0877,Morristown,TN,false
Pets of Distinction,,https://www.indoordogpark.org/parks/pets-of-distinction,https://lpet.net/explore/pets-of-distinction/,(423) 323-1441,Blountville,TN,false
smoky mountain k9,,https://www.indoordogpark.org/parks/smoky-mountain-k9,https://www.facebook.com/SmokyMtnK9,(435) 494-9049,Bluff City,TN,false
Centennial Park,,https://www.indoordogpark.org/parks/centennial-park,https://www.kingsportparksandrecreation.org/parks/centennial-park/,,Kingsport,TN,false
Kingsport Dog Park [MEMBERS ONLY],,https://www.indoordogpark.org/parks/kingsport-dog-park-members-only,https://www.kingsporttn.gov/become-a-member-of-kingsports-dogwood-park/,(423) 229-9457,Kingsport,TN,false
Indian Highland Park,,https://www.indoordogpark.org/parks/indian-highland-park,https://www.kingsportparksandrecreation.org/indian-highland-park-ballfields/,(423) 378-2100,Kingsport,TN,false
Dog park,,https://www.indoordogpark.org/parks/dog-park,,,Kingsport,TN,false
A.S. Derrick City Park,,https://www.indoordogpark.org/parks/a-s-derrick-city-park,http://www.churchhilltn.gov/residents/city_parks_pool/index.html,,Church Hill,TN,false
Bays Mountain Park & Planetarium,,https://www.indoordogpark.org/parks/bays-mountain-park-planetarium,http://www.baysmountain.com/,(423) 229-9447,Kingsport,TN,false
Hammond Park,,https://www.indoordogpark.org/parks/hammond-park,http://www.kingsportparksandrecreation.org/hammond-park/,(423) 229-9457,Kingsport,TN,false
Boundless Playground,,https://www.indoordogpark.org/parks/boundless-playground,,,Kingsport,TN,false
Bristol / Kingsport KOA Holiday,,https://www.indoordogpark.org/parks/bristol-kingsport-koa-holiday,https://koa.com/campgrounds/bristol/?utm_source=google&utm_medium=organic&utm_campaign=gbp,(423) 323-7790,Blountville,TN,false
Kingsport Parks & Recreation,,https://www.indoordogpark.org/parks/kingsport-parks-recreation,http://www.kingsportparksandrecreation.org/,(423) 229-9457,Kingsport,TN,false
Warriors' Path State Park,,https://www.indoordogpark.org/parks/warriors-path-state-park,https://tnstateparks.com/parks/warriors-path,(888) 867-2757,Kingsport,TN,false
Kingsport Aquatic Center,,https://www.indoordogpark.org/parks/kingsport-aquatic-center,http://www.swimkingsport.com/,(423) 343-9758,Kingsport,TN,false
Laurel Run Park,,https://www.indoordogpark.org/parks/laurel-run-park,https://www.hawkinscountytn.gov/parks.html,(423) 293-8140,Church Hill,TN,false
BarkBound Daycare & Boarding,,https://www.indoordogpark.org/parks/barkbound-daycare-boarding,https://barkbound.com/,(423) 765-0147,Kingsport,TN,false
Happy Paws Hotel and Grooming Salon,,https://www.indoordogpark.org/parks/happy-paws-hotel-and-grooming-salon,http://www.facebook.com/groups/HappyPawsHotelKPT,(423) 782-8402,Kingsport,TN,false
Hollybrook Farms,,https://www.indoordogpark.org/parks/hollybrook-farms,,(423) 323-1511,Blountville,TN,false
Heavenly Cuts Dog Grooming and Boarding,,https://www.indoordogpark.org/parks/heavenly-cuts-dog-grooming-and-boarding,http://heavenlycutsdoggroomingboarding.com/?utm_source=gmb&utm_medium=referral,(423) 408-9131,Kingsport,TN,false
Hund Haus Kennel,,https://www.indoordogpark.org/parks/hund-haus-kennel,http://www.hundhauskennel.com/,(423) 530-2979,Kingsport,TN,false
Solid Rock Kennels,,https://www.indoordogpark.org/parks/solid-rock-kennels,https://m.facebook.com/solidrockkennel/,(423) 357-7628,Church Hill,TN,false
Zach's Home Pet Care,,https://www.indoordogpark.org/parks/zach-s-home-pet-care,,(423) 239-7140,Kingsport,TN,false
Dynasty Kennels,,https://www.indoordogpark.org/parks/dynasty-kennels,,(423) 288-4300,Kingsport,TN,false
Kountry Kennels,,https://www.indoordogpark.org/parks/kountry-kennels,,(423) 845-3063,Bristol,TN,false
Top level k9 training center,,https://www.indoordogpark.org/parks/top-level-k9-training-center,,(423) 525-1304,Kingsport,TN,false
Royal Port K-9,,https://www.indoordogpark.org/parks/royal-port-k-9,https://www.royalportk9.com/,(423) 489-8395,Kingsport,TN,false
PetSmart Dog Training,,https://www.indoordogpark.org/parks/petsmart-dog-training,https://stores.petsmart.com/tn/kingsport/kingsport/dog-training?utm_source=google&utm_medium=organic&utm_campaign=google-my-business,(423) 343-0107,Kingsport,TN,false
Pawsitive Ambitions Dog Spa,,https://www.indoordogpark.org/parks/pawsitive-ambitions-dog-spa,https://www.facebook.com/pawsitiveambitions/,(423) 963-8329,Kingsport,TN,false
Calling All Paws,,https://www.indoordogpark.org/parks/calling-all-paws,,(423) 765-1300,Kingsport,TN,false
Puppy Love Pet Grooming,,https://www.indoordogpark.org/parks/puppy-love-pet-grooming,,(423) 247-3647,Kingsport,TN,false
Bark Avenue Grooming Co.,,https://www.indoordogpark.org/parks/bark-avenue-grooming-co,,(423) 579-8809,Kingsport,TN,false
Top Performance Grooming,,https://www.indoordogpark.org/parks/top-performance-grooming,http://www.facebook.com/topperformancegrooming,(423) 302-0066,Kingsport,TN,false
A Dogs Dream,,https://www.indoordogpark.org/parks/a-dogs-dream,,(423) 392-4299,Kingsport,TN,false
Calling All Paws,,https://www.indoordogpark.org/parks/calling-all-paws,,(423) 765-9333,Kingsport,TN,false
Pet Supplies Plus Kingsport,,https://www.indoordogpark.org/parks/pet-supplies-plus-kingsport,https://www.petsuppliesplus.com/store/tn/kingsport/4473-kingsport/4473,(423) 690-8130,Kingsport,TN,false
Dirty Paws Cottage Dog Grooming and apparel,,https://www.indoordogpark.org/parks/dirty-paws-cottage-dog-grooming-and-apparel,,(423) 292-3610,Mt Carmel,TN,false
PetSmart,,https://www.indoordogpark.org/parks/petsmart,https://www.petsmart.com/stores/us/tn/kingsport-store0654.html?utm_source=google&utm_medium=organic&utm_campaign=google-my-business,(423) 343-0107,Kingsport,TN,false
Shaggy Chic Pet Salon,,https://www.indoordogpark.org/parks/shaggy-chic-pet-salon,,(423) 863-3149,Kingsport,TN,false
PetSmart Grooming,,https://www.indoordogpark.org/parks/petsmart-grooming,https://stores.petsmart.com/tn/kingsport/kingsport/grooming?utm_source=google&utm_medium=organic&utm_campaign=google-my-business,(423) 343-0107,Kingsport,TN,false
Rocky Valley Kennels Puppy Boutique,,https://www.indoordogpark.org/parks/rocky-valley-kennels-puppy-boutique,,(423) 574-2003,Blountville,TN,false
Colonial Heights Animal Hospital,,https://www.indoordogpark.org/parks/colonial-heights-animal-hospital,https://colonialheightsvet.com/?utm_source=gmb&utm_medium=organic,(423) 239-5116,Kingsport,TN,false
"Indian Ridge Animal Hospital, Inc.",,https://www.indoordogpark.org/parks/indian-ridge-animal-hospital-inc,https://www.indianridgeanimalhospital.net/,(423) 378-4753,Kingsport,TN,false
Indoor World,,https://www.indoordogpark.org/parks/indoor-world,https://indoorworldllc.com/,(901) 721-6833,Collierville,TN,false
Suggs Park,,https://www.indoordogpark.org/parks/suggs-park,https://www.colliervilletn.gov/government/town-departments/parks-recreation-cultural-arts/parks-rentals/spray-park,(901) 457-2770,Collierville,TN,false
W.C. Johnson Park,,https://www.indoordogpark.org/parks/w-c-johnson-park,https://www.colliervilletn.gov/Home/Components/FacilityDirectory/FacilityDirectory/10/446,(901) 457-2770,Collierville,TN,false
Forgey Park,,https://www.indoordogpark.org/parks/forgey-park,http://www.germantown-tn.gov/play/parks-and-recreation/parks-and-facilities,(901) 757-7375,Germantown,TN,false
Town Square Park,,https://www.indoordogpark.org/parks/town-square-park,https://www.colliervilletn.gov/Home/Components/FacilityDirectory/FacilityDirectory/8/446,(901) 457-2770,Collierville,TN,false
H.W. Cox Park,,https://www.indoordogpark.org/parks/h-w-cox-park,https://www.colliervilletn.gov/Home/Components/FacilityDirectory/FacilityDirectory/16/446,(901) 457-2770,Collierville,TN,false
Suggs Water Spray Park,,https://www.indoordogpark.org/parks/suggs-water-spray-park,https://www.colliervilletn.gov/government/town-departments/parks-recreation-cultural-arts/parks-rentals/spray-park,(901) 457-2770,Collierville,TN,false
PetSmart Dog Training,,https://www.indoordogpark.org/parks/petsmart-dog-training,https://stores.petsmart.com/tn/collierville/collierville/dog-training?utm_source=google&utm_medium=organic&utm_campaign=google-my-business,(901) 860-2301,Collierville,TN,false
Kelsey Canine Medical Center,,https://www.indoordogpark.org/parks/kelsey-canine-medical-center,https://kelseycanine.com/,(901) 861-2275,Collierville,TN,false
Petco Dog Training,,https://www.indoordogpark.org/parks/petco-dog-training,https://stores.petco.com/tn/collierville/dog-training-collierville-tn-1670.html,(901) 854-5486,Collierville,TN,false
Muddy Paws Pet Emporium,,https://www.indoordogpark.org/parks/muddy-paws-pet-emporium,http://muddypawscollierville.com/,(901) 316-8749,Collierville,TN,false
The Pet Hospitals Collierville,,https://www.indoordogpark.org/parks/the-pet-hospitals-collierville,https://thepethospitals.com/,(901) 853-7330,Collierville,TN,false
Healing Paws Animal Hospital,,https://www.indoordogpark.org/parks/healing-paws-animal-hospital,http://www.healingpaws901.com/,(901) 446-4620,Collierville,TN,false
Ambrozia's Great Grooms,,https://www.indoordogpark.org/parks/ambrozia-s-great-grooms,https://www.ambroziasgreatgrooms.com/,(901) 292-0334,Memphis,TN,false
Hollywood Feed,,https://www.indoordogpark.org/parks/hollywood-feed,https://locations.hollywoodfeed.com/tennessee/collierville/3615-s-houston-levee-rd/,(901) 316-0362,Collierville,TN,false
Petco Grooming,,https://www.indoordogpark.org/parks/petco-grooming,https://stores.petco.com/tn/collierville/full-service-grooming-collierville-tn-1670.html,(901) 854-5486,Collierville,TN,false
"Petable Expressions, LLC",,https://www.indoordogpark.org/parks/petable-expressions-llc,https://www.petableexpressions.com/,(901) 249-8456,Germantown,TN,false
PetSmart Grooming,,https://www.indoordogpark.org/parks/petsmart-grooming,https://stores.petsmart.com/tn/collierville/collierville/grooming?utm_source=google&utm_medium=organic&utm_campaign=google-my-business,(901) 860-2301,Collierville,TN,false
Collierville Animal Clinic,,https://www.indoordogpark.org/parks/collierville-animal-clinic,https://www.colliervilleanimal.com/,(901) 853-8519,Collierville,TN,false
Hollywood Feed,,https://www.indoordogpark.org/parks/hollywood-feed,https://locations.hollywoodfeed.com/tennessee/germantown/2031-s-germantown-rd/,(901) 757-1077,Germantown,TN,false
PetSmart,,https://www.indoordogpark.org/parks/petsmart,https://www.petsmart.com/stores/us/tn/collierville-store3268.html?utm_source=google&utm_medium=organic&utm_campaign=google-my-business,(901) 860-2301,Collierville,TN,false
Three Dog Bakery,,https://www.indoordogpark.org/parks/three-dog-bakery,http://www.threedog.com/,(901) 853-5464,Collierville,TN,false
Collierville Animal Services,,https://www.indoordogpark.org/parks/collierville-animal-services,https://www.colliervilletn.gov/government/animal-services,(901) 457-2670,Collierville,TN,false
Petco,,https://www.indoordogpark.org/parks/petco,https://stores.petco.com/tn/lebanon/pet-supplies-lebanon-tn-1574.html,(615) 547-1533,Lebanon,TN,false
Tinsley Park Dog Park,,https://www.indoordogpark.org/parks/tinsley-park-dog-park,https://www.clevelandtn.gov/facilities/facility/details/Tinsley-Park-6,(423) 479-4129,Cleveland,TN,false
Bark! Luxury Pet Resort,,https://www.indoordogpark.org/parks/bark-luxury-pet-resort,,(423) 472-2275,Cleveland,TN,false
Liberty Acres Dog Lodge LLC,,https://www.indoordogpark.org/parks/liberty-acres-dog-lodge-llc,https://libertyacresdoglodge.com/,(423) 715-1282,Cleveland,TN,false
Barks and Recreation,,https://www.indoordogpark.org/parks/barks-and-recreation,http://www.barksandrecreationtn.com/,(423) 464-4945,Cleveland,TN,false
Black Fox Pet Resort,,https://www.indoordogpark.org/parks/black-fox-pet-resort,https://blackfoxpetresort.com/,(423) 472-0307,Cleveland,TN,false
Great Doggie Doos,,https://www.indoordogpark.org/parks/great-doggie-doos,,(423) 728-0420,Cleveland,TN,false
The Dog House All Breed Dog Grooming and Day Play,,https://www.indoordogpark.org/parks/the-dog-house-all-breed-dog-grooming-and-day-play,,(423) 464-5270,Cleveland,TN,false
Goin' To the Dogs,,https://www.indoordogpark.org/parks/goin-to-the-dogs,,(423) 559-9663,Cleveland,TN,false
Yankee Doodle Doo's,,https://www.indoordogpark.org/parks/yankee-doodle-doo-s,https://www.facebook.com/profile.php?id=61555754979985&mibextid=ZbWKwL,(423) 458-1481,Cleveland,TN,false
Valley Paws Boutique,,https://www.indoordogpark.org/parks/valley-paws-boutique,,(423) 432-8445,Cleveland,TN,false
Starr Dog,,https://www.indoordogpark.org/parks/starr-dog,https://starrdogtraining.com/,(423) 519-1693,Cleveland,TN,false
Max and Alayna's Paws Play - Downtown Cleveland,,https://www.indoordogpark.org/parks/max-and-alayna-s-paws-play-downtown-cleveland,https://www.pawsplaycle.com/?utm_source=google&utm_medium=organic&utm_campaign=gmb-listing,(216) 284-1729,Cleveland,TN,false
"Stay. Dog Daycare, & Boarding",,https://www.indoordogpark.org/parks/stay-dog-daycare-boarding,https://www.staydogscle.com/,(216) 346-7872,Cleveland,TN,false
Ratcliff Home Away from Home Pet Boarding,,https://www.indoordogpark.org/parks/ratcliff-home-away-from-home-pet-boarding,,(423) 339-7380,Cleveland,TN,false
Cleveland Bed & Biscuit,,https://www.indoordogpark.org/parks/cleveland-bed-biscuit,http://clevelandbedbiscuit.com/,(216) 400-7150,Cleveland,TN,false
Canine Connection llc,,https://www.indoordogpark.org/parks/canine-connection-llc,https://canineconnectionllc.com/,(423) 838-0491,Georgetown,TN,false
The Downtown Dog,,https://www.indoordogpark.org/parks/the-downtown-dog,https://thedowntowndogwash.com/,(423) 790-5252,Cleveland,TN,false
Appalachian Animal Clinic,,https://www.indoordogpark.org/parks/appalachian-animal-clinic,https://appalachiananimalclinic.com/?utm_source=gmb&utm_medium=organic,(423) 479-4760,Cleveland,TN,false
"Camp Dogwood Pet Resort, LLC",,https://www.indoordogpark.org/parks/camp-dogwood-pet-resort-llc,http://campdogwoodpr.com/,(423) 762-1583,Cleveland,TN,false
Pawsitively K9,,https://www.indoordogpark.org/parks/pawsitively-k9,http://www.pawsitivelyk9.com/,(225) 571-6637,Athens,TN,false
Cummings Training Class,,https://www.indoordogpark.org/parks/cummings-training-class,,(423) 472-1827,Cleveland,TN,false
PetSmart Dog Training,,https://www.indoordogpark.org/parks/petsmart-dog-training,https://stores.petsmart.com/tn/cleveland/cleveland/dog-training?utm_source=google&utm_medium=organic&utm_campaign=google-my-business,(423) 790-3170,Cleveland,TN,false
Petco Dog Training,,https://www.indoordogpark.org/parks/petco-dog-training,https://stores.petco.com/tn/cleveland/dog-training-cleveland-tn-291.html,(423) 478-9103,Cleveland,TN,false
Happy Tails Grooming Salon,,https://www.indoordogpark.org/parks/happy-tails-grooming-salon,http://happytailspetsalon.com/,(423) 339-5777,Cleveland,TN,false
Best Grooming,,https://www.indoordogpark.org/parks/best-grooming,https://www.bestgrooming.co/,(423) 331-8303,Cleveland,TN,false
Ruff Cuts Dog Grooming LLC,,https://www.indoordogpark.org/parks/ruff-cuts-dog-grooming-llc,https://www.ruffcutscleveland.com/contact_us,(423) 790-5228,Cleveland,TN,false
Designer Dogs,,https://www.indoordogpark.org/parks/designer-dogs,http://www.facebook.com/kimsdesignerdogs,(423) 303-0479,Cleveland,TN,false
Aussome Paws Spa,,https://www.indoordogpark.org/parks/aussome-paws-spa,,(423) 506-8838,Cleveland,TN,false
Canine Clips Dog Grooming Shop,,https://www.indoordogpark.org/parks/canine-clips-dog-grooming-shop,,(423) 479-9823,Cleveland,TN,false
Petco Grooming,,https://www.indoordogpark.org/parks/petco-grooming,https://stores.petco.com/tn/cleveland/full-service-grooming-cleveland-tn-291.html,(423) 478-9103,Cleveland,TN,false
PetSmart,,https://www.indoordogpark.org/parks/petsmart,https://www.petsmart.com/stores/us/tn/cleveland-store3086.html?utm_source=google&utm_medium=organic&utm_campaign=google-my-business,(423) 790-3170,Cleveland,TN,false
The Red Barn Pet Resort,,https://www.indoordogpark.org/parks/the-red-barn-pet-resort,https://www.theredbarnpetresort.com/?utm_source=google&utm_medium=wix_google_business_profile&utm_campaign=17268792434657631594,(423) 599-9265,Charleston,TN,false
Ocoee Dogs,,https://www.indoordogpark.org/parks/ocoee-dogs,http://ocoeedogs.com/,(423) 457-9652,Ocoee,TN,false
Collins Country Kennels,,https://www.indoordogpark.org/parks/collins-country-kennels,https://www.facebook.com/CollinsCountryKennels,(423) 271-8141,Cleveland,TN,false
Community Animal Hospital,,https://www.indoordogpark.org/parks/community-animal-hospital,https://vetcleveland.com/,(423) 472-3252,Cleveland,TN,false
Tinsley Park Playground,,https://www.indoordogpark.org/parks/tinsley-park-playground,https://www.clevelandtn.gov/Facilities/Facility/Details/Tinsley-Park-6,(423) 479-4129,Cleveland,TN,false
Deer Park,,https://www.indoordogpark.org/parks/deer-park,http://clevelandtn.gov/Facilities/Facility/Details/Deer-Park-5,(423) 479-4129,Cleveland,TN,false
Avery Johnson Park,,https://www.indoordogpark.org/parks/avery-johnson-park,https://www.clevelandtn.gov/Facilities/Facility/Details/Avery-Johnson-park-26,(423) 479-4129,Cleveland,TN,false
Fletcher Park,,https://www.indoordogpark.org/parks/fletcher-park,https://www.clevelandtn.gov/facilities/facility/details/Fletcher-Park-4,(423) 472-4551,Cleveland,TN,false
Cleveland Greenway,,https://www.indoordogpark.org/parks/cleveland-greenway,https://clevelandtn.gov/665/Greenway,(423) 472-4551,Cleveland,TN,false
Greenway Pavilion,,https://www.indoordogpark.org/parks/greenway-pavilion,https://www.clevelandtn.gov/Facilities/Facility/Details/Pavilion-and-Stage-at-Greenway-Park-7,(423) 479-4129,Cleveland,TN,false
PlayPalz Indoor Playground of Cleveland,,https://www.indoordogpark.org/parks/playpalz-indoor-playground-of-cleveland,https://www.playpalzofclevelandtn.com/,(423) 740-3669,Cleveland,TN,false
Dog park,,https://www.indoordogpark.org/parks/dog-park,,,Cleveland,TN,false
Smyrna Outdoor Adventure Center,,https://www.indoordogpark.org/parks/smyrna-outdoor-adventure-center,http://www.smyrnaoutdooradventurecenter.org/,(615) 459-9710,Smyrna,TN,false
Smyrna Dog Park,,https://www.indoordogpark.org/parks/smyrna-dog-park,,,Smyrna,TN,false
LaTrece Mekel Pet Sitting,,https://www.indoordogpark.org/parks/latrece-mekel-pet-sitting,,(615) 979-6377,Smyrna,TN,false
Puppy Haven - Smyrna,,https://www.indoordogpark.org/parks/puppy-haven-smyrna,https://www.puppyhaven.com/locations/smyrna/,(404) 885-8788,Smyrna,TN,false
"Off Leash K9 Training, Atlanta",,https://www.indoordogpark.org/parks/off-leash-k9-training-atlanta,https://atlantaoffleashdogtrainers.com/,(770) 450-0988,Smyrna,TN,false
PetSmart Dog Training,,https://www.indoordogpark.org/parks/petsmart-dog-training,https://stores.petsmart.com/tn/smyrna/smyrna/dog-training?utm_source=google&utm_medium=organic&utm_campaign=google-my-business,(615) 220-8487,Smyrna,TN,false
Grooming By Mia,,https://www.indoordogpark.org/parks/grooming-by-mia,https://m.facebook.com/groomingbymia/,(615) 275-6512,Smyrna,TN,false
Posh Pets Dog Grooming,,https://www.indoordogpark.org/parks/posh-pets-dog-grooming,,(615) 459-3020,Smyrna,TN,false
Woof Gang Bakery & Grooming Smyrna,,https://www.indoordogpark.org/parks/woof-gang-bakery-grooming-smyrna,http://woofgangbakery.com/smyrnaga,(470) 523-8523,Smyrna,TN,false
Universal Grooming,,https://www.indoordogpark.org/parks/universal-grooming,,(470) 368-4596,Smyrna,TN,false
PetSmart Grooming,,https://www.indoordogpark.org/parks/petsmart-grooming,https://stores.petsmart.com/tn/smyrna/smyrna/grooming?utm_source=google&utm_medium=organic&utm_campaign=google-my-business,(615) 220-8487,Smyrna,TN,false
Pet Wash Station at Tractor Supply,,https://www.indoordogpark.org/parks/pet-wash-station-at-tractor-supply,https://www.tractorsupply.com/tsc/store_Smyrna-TN-37167_495,(615) 459-0225,Smyrna,TN,false
PetSmart,,https://www.indoordogpark.org/parks/petsmart,https://www.petsmart.com/stores/us/tn/smyrna-store1866.html?utm_source=google&utm_medium=organic&utm_campaign=google-my-business,(615) 220-8487,Smyrna,TN,false
Happy Paws Pet Camp,,https://www.indoordogpark.org/parks/happy-paws-pet-camp,https://www.happypawspetcamp.com/,(770) 435-3647,Smyrna,TN,false
Everybody’s Tree House,,https://www.indoordogpark.org/parks/everybody-s-tree-house,https://www.germantown-tn.gov/services/parks-and-recreation/parks-and-amenities,(901) 757-7375,Germantown,TN,false
Thornwood Dog Park,,https://www.indoordogpark.org/parks/thornwood-dog-park,,,Germantown,TN,false
Homestead Howl Dog Park,,https://www.indoordogpark.org/parks/homestead-howl-dog-park,https://www.washcowisco.gov/departments/natural_resources/parks___trails/parks/homestead_hollow/homestead_howl,,Germantown,TN,false
Dogwood Park,,https://www.indoordogpark.org/parks/dogwood-park,https://www.germantown-tn.gov/services/parks-and-recreation/parks-and-amenities,(901) 757-7375,Germantown,TN,false
Farmington Park,,https://www.indoordogpark.org/parks/farmington-park,https://www.germantown-tn.gov/services/parks-and-recreation/parks-and-amenities,(901) 757-7375,Germantown,TN,false
Cameron Brown Park,,https://www.indoordogpark.org/parks/cameron-brown-park,https://www.germantown-tn.gov/services/parks-and-recreation/parks-and-amenities,(901) 757-7375,Germantown,TN,false
Germantown Station Park,,https://www.indoordogpark.org/parks/germantown-station-park,http://www.germantown-tn.gov/play/parks-and-recreation/parks-and-facilities,(901) 757-7375,Germantown,TN,false
Happy Hounds LLC,,https://www.indoordogpark.org/parks/happy-hounds-llc,https://happyhoundswi.com/,(262) 502-3647,Germantown,TN,false
Wolf River Pet Hospital,,https://www.indoordogpark.org/parks/wolf-river-pet-hospital,http://wolfriverpethospital.com/,(901) 317-4416,Germantown,TN,false
BrownDog Lodge Veterinary Clinic,,https://www.indoordogpark.org/parks/browndog-lodge-veterinary-clinic,https://www.browndoglodge.com/?utm_source=gmb&utm_medium=Yext&cp=9014602660&y_source=1_MTU3OTA0NDktNzE1LWxvY2F0aW9uLndlYnNpdGU%3D,(901) 460-2660,Arlington,TN,false
Germantown Parkway Animal Hospital,,https://www.indoordogpark.org/parks/germantown-parkway-animal-hospital,https://germantownah.com/,(901) 757-5093,Memphis,TN,false
Forest Hill Animal Hospital,,https://www.indoordogpark.org/parks/forest-hill-animal-hospital,https://www.foresthillah.com/?y_source=1_MjUwMDYwMDctNzE1LWxvY2F0aW9uLndlYnNpdGU%3D,(901) 754-5007,Germantown,TN,false
"Countryaire Kennels, Inc.",,https://www.indoordogpark.org/parks/countryaire-kennels-inc,http://www.countryairekennels.com/,(262) 242-3154,Germantown,TN,false
Wynne K-9,,https://www.indoordogpark.org/parks/wynne-k-9,http://wynnek9.com/,(901) 921-0243,Memphis,TN,false
Wonder Dog Training (Exeter),,https://www.indoordogpark.org/parks/wonder-dog-training-exeter,http://wonderdogtraining.com/,(901) 248-9282,Germantown,TN,false
PetSmart Dog Training,,https://www.indoordogpark.org/parks/petsmart-dog-training,https://stores.petsmart.com/tn/memphis/memphis-wolfcreek/dog-training?utm_source=google&utm_medium=organic&utm_campaign=google-my-business,(901) 384-9823,Memphis,TN,false
Petco Dog Training,,https://www.indoordogpark.org/parks/petco-dog-training,https://stores.petco.com/tn/cordova/dog-training-cordova-tn-1628.html,(901) 757-1376,Cordova,TN,false
PetSmart Dog Training,,https://www.indoordogpark.org/parks/petsmart-dog-training,https://stores.petsmart.com/tn/memphis/memphis-poplar/dog-training?utm_source=google&utm_medium=organic&utm_campaign=google-my-business,(901) 767-6920,Memphis,TN,false
Dog Advisor HQ,,https://www.indoordogpark.org/parks/dog-advisor-hq,http://dogadvisorhq.com/,(901) 609-4738,Memphis,TN,false
Hollywood Feed,,https://www.indoordogpark.org/parks/hollywood-feed,https://locations.hollywoodfeed.com/tennessee/cordova/1001-n-germantown-pkwy/,(901) 591-1805,Cordova,TN,false
Pet Treats Pet Care,,https://www.indoordogpark.org/parks/pet-treats-pet-care,http://pettreatspetcare.com/,(301) 793-2332,Germantown,TN,false
PET PAL Pet Sitting Services,,https://www.indoordogpark.org/parks/pet-pal-pet-sitting-services,http://www.petpal-petsitting.com/,(901) 490-0318,Cordova,TN,false
Howard McVay Park,,https://www.indoordogpark.org/parks/howard-mcvay-park,https://www.germantown-tn.gov/services/parks-and-recreation/parks-and-amenities,(901) 757-7375,Germantown,TN,false
Dena's Doggy Daycare and Vacastay,,https://www.indoordogpark.org/parks/dena-s-doggy-daycare-and-vacastay,,(901) 619-0182,Cordova,TN,false
Muletown Bark Park,,https://www.indoordogpark.org/parks/muletown-bark-park,http://www.columbiatn.com/,(931) 388-8119,Columbia,TN,false
Spring Hill Bark Park,,https://www.indoordogpark.org/parks/spring-hill-bark-park,,,Spring Hill,TN,false
Kids Kingdom Playground,,https://www.indoordogpark.org/parks/kids-kingdom-playground,,(931) 381-3690,Columbia,TN,false
Jared's Dream Playground,,https://www.indoordogpark.org/parks/jared-s-dream-playground,,(931) 375-6104,Columbia,TN,false
Maury County Park,,https://www.indoordogpark.org/parks/maury-county-park,https://www.maurycounty-tn.gov/582/Maury-County-Park,(931) 375-6101,Columbia,TN,false
Woodland Park,,https://www.indoordogpark.org/parks/woodland-park,http://www.columbiatn.com/,(931) 388-8119,Columbia,TN,false
Riverwalk Park,,https://www.indoordogpark.org/parks/riverwalk-park,http://www.columbiatn.com/,(931) 388-8119,Columbia,TN,false
Dog Park at Love's Travel Stops,,https://www.indoordogpark.org/parks/dog-park-at-love-s-travel-stops,https://www.loves.com/dogparks,(931) 388-1217,Columbia,TN,false
Bow Wow Dog Spa,,https://www.indoordogpark.org/parks/bow-wow-dog-spa,,(931) 388-1131,Columbia,TN,false
Kondo Kennel,,https://www.indoordogpark.org/parks/kondo-kennel,http://www.kondokennel.com/,(931) 486-0440,Columbia,TN,false
Paws on the Duck,,https://www.indoordogpark.org/parks/paws-on-the-duck,http://www.pawsontheduck.com/,(931) 548-8877,Columbia,TN,false
Sunny Acres Pet Retreat,,https://www.indoordogpark.org/parks/sunny-acres-pet-retreat,,,Columbia,TN,false
Bear Creek Boarding Training,,https://www.indoordogpark.org/parks/bear-creek-boarding-training,https://petboardingservices.net/explore/bear-creek-boarding-training/,(931) 334-6605,Columbia,TN,false
Diggin The Doo's,,https://www.indoordogpark.org/parks/diggin-the-doo-s,,(931) 286-2251,Columbia,TN,false
Scrub shack,,https://www.indoordogpark.org/parks/scrub-shack,http://thescrubshack.net/page1.php,(931) 548-2220,Columbia,TN,false
Every Dogs Home Away From Home,,https://www.indoordogpark.org/parks/every-dogs-home-away-from-home,,(615) 913-6604,Columbia,TN,false
Animal Care Center of Carters Creek,,https://www.indoordogpark.org/parks/animal-care-center-of-carters-creek,http://yourpetsnewvet.com/,(931) 444-5687,Columbia,TN,false
Owl Hollow Boarding Kennel,,https://www.indoordogpark.org/parks/owl-hollow-boarding-kennel,http://owlhollowkennels.net/,(931) 987-2363,Culleoka,TN,false
Heather Pope Dog Training,,https://www.indoordogpark.org/parks/heather-pope-dog-training,http://www.heatherpopetraining.info/,(931) 505-8818,Columbia,TN,false
Teach Your K9,,https://www.indoordogpark.org/parks/teach-your-k9,http://teachyourk9.com/,(615) 714-9263,Columbia,TN,false
"Southern Hounds Grooming, LLC",,https://www.indoordogpark.org/parks/southern-hounds-grooming-llc,https://www.facebook.com/southernhg/,(931) 223-5221,Columbia,TN,false
Howdy Puppy Pet Salon,,https://www.indoordogpark.org/parks/howdy-puppy-pet-salon,,(931) 548-8418,Columbia,TN,false
Furry Children Dog Grooming,,https://www.indoordogpark.org/parks/furry-children-dog-grooming,,(931) 215-4058,Columbia,TN,false
Petsense by Tractor Supply,,https://www.indoordogpark.org/parks/petsense-by-tractor-supply,http://www.petsense.com/,(931) 490-0035,Columbia,TN,false
Pet Wash Station at Tractor Supply,,https://www.indoordogpark.org/parks/pet-wash-station-at-tractor-supply,https://www.tractorsupply.com/tsc/store_Columbia-TN-38401_294,(931) 380-1234,Columbia,TN,false
Golden Bone Grooming LLC,,https://www.indoordogpark.org/parks/golden-bone-grooming-llc,,(615) 618-1497,Spring Hill,TN,false
Franklin Aquarium Pet Shop,,https://www.indoordogpark.org/parks/franklin-aquarium-pet-shop,https://franklinpetshop.top/,(931) 388-2100,Columbia,TN,false
Making Rover Over,,https://www.indoordogpark.org/parks/making-rover-over,http://www.facebook.com/makingroveroverdg,(931) 993-7997,Lewisburg,TN,false
Pepe Le Pooch Grooming salon,,https://www.indoordogpark.org/parks/pepe-le-pooch-grooming-salon,http://www.pepelepoochgrooming.com/,(931) 451-7551,Spring Hill,TN,false
A Freedom Journey,,https://www.indoordogpark.org/parks/a-freedom-journey,http://www.afreedomjourney.com/,(931) 623-3005,Columbia,TN,false
Muletown Groomers,,https://www.indoordogpark.org/parks/muletown-groomers,,,Columbia,TN,false
K9 Resorts Luxury Pet Hotel Gallatin,,https://www.indoordogpark.org/parks/k9-resorts-luxury-pet-hotel-gallatin,https://www.k9resorts.com/gallatin/,(615) 903-8894,Gallatin,TN,false
Irmo Pet Retreat,,https://www.indoordogpark.org/parks/irmo-pet-retreat,http://www.irmopetretreat.com/,(803) 708-0669,Columbia,TN,false
Carolina Pet Resort LLC,,https://www.indoordogpark.org/parks/carolina-pet-resort-llc,http://www.carolinapetresort.com/,(803) 749-1162,Columbia,TN,false
Pampered Pet Resort LLC,,https://www.indoordogpark.org/parks/pampered-pet-resort-llc,,(931) 489-1096,Spring Hill,TN,false
Wescott Acres Pet Resort,,https://www.indoordogpark.org/parks/wescott-acres-pet-resort,http://wescottacres.com/?utm_source=gmb&utm_medium=Yext&cp=8036812743&y_source=1_MTU3OTA0NjYtNzE1LWxvY2F0aW9uLndlYnNpdGU%3D,(803) 681-2743,Columbia,TN,false
Sutton's Southern Pet Retreat - Irmo (formerly Wag-N-Train Kennel),,https://www.indoordogpark.org/parks/sutton-s-southern-pet-retreat-irmo-formerly-wag-n-train-kennel,https://www.suttonspetretreat.com/,(803) 781-8825,Columbia,TN,false
Camp Bow Wow Columbia SC,,https://www.indoordogpark.org/parks/camp-bow-wow-columbia-sc,https://www.campbowwow.com/columbia-sc/,(803) 866-9580,Columbia,TN,false
Dogwood Park,,https://www.indoordogpark.org/parks/dogwood-park,https://www.cookeville-tn.gov/Facilities/Facility/Details/Dogwood-Park-6,(931) 520-4386,Cookeville,TN,false
Cane Creek Dog Park,,https://www.indoordogpark.org/parks/cane-creek-dog-park,http://www.cookeville-tn.gov/Facilities/Facility/Details/Cane-Creek-Park-1,(931) 526-6668,Cookeville,TN,false
Roger and Marion Moore Members-Only Dog Park,,https://www.indoordogpark.org/parks/roger-and-marion-moore-members-only-dog-park,,,Cookeville,TN,false
Dog Park,,https://www.indoordogpark.org/parks/dog-park,,,Buffalo Valley,TN,false
Cane Creek Park,,https://www.indoordogpark.org/parks/cane-creek-park,https://www.cookeville-tn.gov/Facilities/Facility/Details/Cane-Creek-Park-1,(931) 526-6668,Cookeville,TN,false
Cookeville K9 -n- Friends,,https://www.indoordogpark.org/parks/cookeville-k9-n-friends,http://www.cookevillek9.com/,(931) 537-2275,Cookeville,TN,false
Dogwood Performance Pavilion,,https://www.indoordogpark.org/parks/dogwood-performance-pavilion,https://www.cookeville-tn.gov/318/Dogwood-Performance-Pavilion,(931) 528-1313,Cookeville,TN,false
Inspired Paws of Cookeville,,https://www.indoordogpark.org/parks/inspired-paws-of-cookeville,http://www.inspiredpawsofcookeville.com/,(931) 881-6924,Cookeville,TN,false
Algood City Park,,https://www.indoordogpark.org/parks/algood-city-park,http://algood-tn.com/,(931) 537-9545,Cookeville,TN,false
Heart of the City Playground,,https://www.indoordogpark.org/parks/heart-of-the-city-playground,https://visitcookevilletn.com/heart-city-playground,(931) 526-2211,Cookeville,TN,false
Dog & Company,,https://www.indoordogpark.org/parks/dog-company,http://www.dog-co.com/,(931) 528-2275,Cookeville,TN,false
Thrive Family Fun Center,,https://www.indoordogpark.org/parks/thrive-family-fun-center,https://thrivecookeville.com/,(615) 281-9008,Cookeville,TN,false
Cane Creek Gymnasium,,https://www.indoordogpark.org/parks/cane-creek-gymnasium,https://www.cookeville-tn.gov/546/Cane-Creek-Recreation-Center,(931) 526-9767,Cookeville,TN,false
"Just Poochy Grooming, Daycare, & Boarding",,https://www.indoordogpark.org/parks/just-poochy-grooming-daycare-boarding,http://just-poochy.com/,(931) 349-7259,Cookeville,TN,false
Doggie Dude Ranch,,https://www.indoordogpark.org/parks/doggie-dude-ranch,,(931) 529-8766,Cookeville,TN,false
All About Pets,,https://www.indoordogpark.org/parks/all-about-pets,http://www.allaboutpetstn.com/,(931) 520-1906,Cookeville,TN,false
Southern Paws,,https://www.indoordogpark.org/parks/southern-paws,,(931) 520-7297,Cookeville,TN,false
Thunderhawk Canine LLC,,https://www.indoordogpark.org/parks/thunderhawk-canine-llc,http://www.thunderhawkcanine.com/,(931) 858-7091,Cookeville,TN,false
Take Flight Dog Training,,https://www.indoordogpark.org/parks/take-flight-dog-training,https://www.takeflightdogtraining.com/?utm_source=omg-gbp&utm_medium=webclick,(480) 239-2818,Cookeville,TN,false
Pup Pub Academy,,https://www.indoordogpark.org/parks/pup-pub-academy,https://puppubacademy.com/,(931) 261-9345,Cookeville,TN,false
VCA Creature Comforts Pet Retreat,,https://www.indoordogpark.org/parks/vca-creature-comforts-pet-retreat,https://vcahospitals.com/creature-comforts/boarding,(931) 498-3228,Livingston,TN,false
Boo’s Place Dog Daycare & Boarding,,https://www.indoordogpark.org/parks/boo-s-place-dog-daycare-boarding,http://www.chillatboos.com/,(931) 254-6448,Doyle,TN,false
The Stinky Puppy,,https://www.indoordogpark.org/parks/the-stinky-puppy,https://www.facebook.com/profile.php?id=61563720996294&mibextid=ZbWKwL,(931) 644-5252,Cookeville,TN,false
Everlast Kennels Cookeville,,https://www.indoordogpark.org/parks/everlast-kennels-cookeville,https://everlastkennels.com/,(931) 239-4619,Cookeville,TN,false
Thunderhawk's Academy on 111,,https://www.indoordogpark.org/parks/thunderhawk-s-academy-on-111,http://www.thunderhawkcanine.com/,(931) 858-7091,Cookeville,TN,false
"Hidden Valley K-9 Hobby, Training Center",,https://www.indoordogpark.org/parks/hidden-valley-k-9-hobby-training-center,,(931) 310-6188,Cookeville,TN,false
Strong Paws Academy,,https://www.indoordogpark.org/parks/strong-paws-academy,,(931) 260-8151,Cookeville,TN,false
Loyal Companions LLC,,https://www.indoordogpark.org/parks/loyal-companions-llc,http://www.loyalcompanionsllc.com/,(931) 580-1944,Rock Island,TN,false
PetSmart Dog Training,,https://www.indoordogpark.org/parks/petsmart-dog-training,https://stores.petsmart.com/tn/cookeville/cookeville/dog-training?utm_source=google&utm_medium=organic&utm_campaign=google-my-business,(931) 559-7387,Cookeville,TN,false
Petco Dog Training,,https://www.indoordogpark.org/parks/petco-dog-training,https://stores.petco.com/tn/cookeville/dog-training-cookeville-tn-1637.html,(931) 526-8991,Cookeville,TN,false
Peggys pet grooming,,https://www.indoordogpark.org/parks/peggys-pet-grooming,,(931) 854-1087,Cookeville,TN,false
Cumberland Pet Essentials,,https://www.indoordogpark.org/parks/cumberland-pet-essentials,https://www.cumberlandpetessentials.com/,(931) 528-7711,Cookeville,TN,false
Petco Grooming,,https://www.indoordogpark.org/parks/petco-grooming,https://stores.petco.com/tn/cookeville/full-service-grooming-cookeville-tn-1637.html,(931) 526-8991,Cookeville,TN,false
The Grooming Garage,,https://www.indoordogpark.org/parks/the-grooming-garage,https://www.facebook.com/profile.php?id=61558019963916,(931) 544-0391,Cookeville,TN,false
Peachy Clean Pet Spa,,https://www.indoordogpark.org/parks/peachy-clean-pet-spa,https://peachycleanpetspa.com/,(931) 644-0787,Cookeville,TN,false
PetSmart,,https://www.indoordogpark.org/parks/petsmart,https://www.petsmart.com/stores/us/tn/cookeville-store2750.html?utm_source=google&utm_medium=organic&utm_campaign=google-my-business,(931) 559-7387,Cookeville,TN,false
Petco,,https://www.indoordogpark.org/parks/petco,https://stores.petco.com/tn/cookeville/pet-supplies-cookeville-tn-1637.html,(931) 526-8991,Cookeville,TN,false
PetSmart Grooming,,https://www.indoordogpark.org/parks/petsmart-grooming,https://stores.petsmart.com/tn/cookeville/cookeville/grooming?utm_source=google&utm_medium=organic&utm_campaign=google-my-business,(931) 559-7387,Cookeville,TN,false
Cumberland Pet Grooming,,https://www.indoordogpark.org/parks/cumberland-pet-grooming,https://www.cumberlandpetessentials.com/,(931) 528-7711,Cookeville,TN,false
P.S. Paws Pet Bakery,,https://www.indoordogpark.org/parks/p-s-paws-pet-bakery,http://www.pspaws.com/,(931) 651-1393,Cookeville,TN,false
Critter Cottage,,https://www.indoordogpark.org/parks/critter-cottage,,(931) 528-7387,Cookeville,TN,false
"Mountain View Kennels, LLC",,https://www.indoordogpark.org/parks/mountain-view-kennels-llc,https://www.mvkennels.com/,(931) 743-5818,Rock Island,TN,false
Lolly's Lucky Leash Dog Boarding,,https://www.indoordogpark.org/parks/lolly-s-lucky-leash-dog-boarding,http://www.lollysdogs.com/,(931) 397-6756,Celina,TN,false
Faithful Friend Pet Sitting,,https://www.indoordogpark.org/parks/faithful-friend-pet-sitting,,(931) 361-1243,Cookeville,TN,false
Hendersonville Dog Park,,https://www.indoordogpark.org/parks/hendersonville-dog-park,,,Hendersonville,TN,false
Memorial Park,,https://www.indoordogpark.org/parks/memorial-park,https://www.hvilletn.org/facilities/facility/details/memorialpark-11,(615) 822-3898,Hendersonville,TN,false
Rover's Ridge Dog Park,,https://www.indoordogpark.org/parks/rover-s-ridge-dog-park,https://www.facebook.com/RoversRidge/,,White House,TN,false
Triple Creek Dog Park,,https://www.indoordogpark.org/parks/triple-creek-dog-park,https://www.gallatintn.gov/299/Bark-in-the-Park,(615) 451-5911,Gallatin,TN,false
Mary's Magical Place,,https://www.indoordogpark.org/parks/mary-s-magical-place,https://www.hvilletn.org/Facilities/Facility/Details/Veterans-Park-Marys-Magical-Place-Playgr-32,,Hendersonville,TN,false
Hound Heelton,,https://www.indoordogpark.org/parks/hound-heelton,https://www.houndheelton.com/,(615) 824-1883,Hendersonville,TN,false
The Barking Spot,,https://www.indoordogpark.org/parks/the-barking-spot,https://thebarkingspot.net/,(615) 230-9419,Gallatin,TN,false
Hickory Run,,https://www.indoordogpark.org/parks/hickory-run,http://www.udr.com/nashville-apartments/hendersonville/hickory-run/,(629) 263-0880,Hendersonville,TN,false
Paws & Claws,,https://www.indoordogpark.org/parks/paws-claws,http://pawsandclawstn.com/?utm_source=gmb&utm_medium=organic,(615) 822-3666,Hendersonville,TN,false
Preppy Pet,,https://www.indoordogpark.org/parks/preppy-pet,https://preppypet.com/hendersonville,(615) 431-2140,Hendersonville,TN,false
JoJo's K9 Club,,https://www.indoordogpark.org/parks/jojo-s-k9-club,https://www.jojosk9club.com/,(615) 822-7373,Hendersonville,TN,false
BlairCreek PetCare Services,,https://www.indoordogpark.org/parks/blaircreek-petcare-services,,(615) 348-8001,Hendersonville,TN,false
Go Fetch Pet Resort,,https://www.indoordogpark.org/parks/go-fetch-pet-resort,https://www.gofetchpetresort.net/,(615) 618-6871,Goodlettsville,TN,false
Happy Paws Retreat,,https://www.indoordogpark.org/parks/happy-paws-retreat,https://www.facebook.com/HappyPawsRetreat/,(615) 989-1677,Gallatin,TN,false
A Dogs Day Out,,https://www.indoordogpark.org/parks/a-dogs-day-out,http://adogsdayoutnc.com/,(828) 692-0200,Hendersonville,TN,false
Romeo's Doghouse,,https://www.indoordogpark.org/parks/romeo-s-doghouse,http://www.romeosdoghouse.com/,(828) 395-7800,Hendersonville,TN,false
Dog Oasis,,https://www.indoordogpark.org/parks/dog-oasis,http://www.dogoasis.com/,(615) 239-8915,Goodlettsville,TN,false
Dog's Best Friend,,https://www.indoordogpark.org/parks/dog-s-best-friend,https://dogsbestfriendboarding.com/,(615) 851-3643,Goodlettsville,TN,false
Southern Paws Pet Sitting & Daily Dog Walking,,https://www.indoordogpark.org/parks/southern-paws-pet-sitting-daily-dog-walking,http://southernpawspetsitting.com/,(615) 293-8087,Hendersonville,TN,false
Playful Paws Pet Care Service,,https://www.indoordogpark.org/parks/playful-paws-pet-care-service,http://www.playfulpawspetcareservice.com/,(615) 481-7438,Hendersonville,TN,false
Little Paws Pet Resort,,https://www.indoordogpark.org/parks/little-paws-pet-resort,http://www.littlepawspetresort.com/,(615) 758-2729,Old Hickory,TN,false
Camp Bow Wow Mount Juliet,,https://www.indoordogpark.org/parks/camp-bow-wow-mount-juliet,https://www.campbowwow.com/mt-juliet/?utm_source=GMB&utm_medium=organic&utm_campaign=mtjuliet,(615) 908-2439,Mt. Juliet,TN,false
Hounds Town - Gallatin,,https://www.indoordogpark.org/parks/hounds-town-gallatin,https://houndstownusa.com/locations/gallatin/?utm_source=google&utm_medium=map&utm_id=gallatin-tn,(615) 899-2275,Gallatin,TN,false
House Of Paws,,https://www.indoordogpark.org/parks/house-of-paws,http://www.houseofpawstn.com/,(615) 285-7277,White House,TN,false
Horse Shoe Kennels,,https://www.indoordogpark.org/parks/horse-shoe-kennels,http://www.horseshoekennels.com/,(828) 891-3705,Hendersonville,TN,false
"The Gussy Puppy Dog and Cat Grooming Spa, Mobile Grooming",,https://www.indoordogpark.org/parks/the-gussy-puppy-dog-and-cat-grooming-spa-mobile-grooming,https://thegussypuppy.myonlineappointment.com/?mibextid=Zxz2cZ,(615) 943-7080,Hendersonville,TN,false
PetSmart Dog Training,,https://www.indoordogpark.org/parks/petsmart-dog-training,https://stores.petsmart.com/tn/hendersonville/hendersonville-tn/dog-training?utm_source=google&utm_medium=organic&utm_campaign=google-my-business,(615) 431-3963,Hendersonville,TN,false
Petco Dog Training,,https://www.indoordogpark.org/parks/petco-dog-training,https://stores.petco.com/tn/hendersonville/dog-training-hendersonville-tn-1632.html,(615) 826-2028,Hendersonville,TN,false
Ren's Pups,,https://www.indoordogpark.org/parks/ren-s-pups,https://renspups.com/contact-us,(859) 445-9527,Hendersonville,TN,false
Lead by Love Dog Care,,https://www.indoordogpark.org/parks/lead-by-love-dog-care,http://leadbylovedogcare.com/,(615) 955-2600,White House,TN,false
Hendersonville Dog Training,,https://www.indoordogpark.org/parks/hendersonville-dog-training,https://www.hendersonvilledogtraining.com/,(828) 467-4384,Hendersonville,TN,false
AllStar Canine Academy,,https://www.indoordogpark.org/parks/allstar-canine-academy,https://www.allstarcanineacademy.com/contactus,(615) 745-1899,Mt. Juliet,TN,false
Mighty Dog Services,,https://www.indoordogpark.org/parks/mighty-dog-services,http://www.nashvilledogtraining.com/,(615) 714-7105,Portland,TN,false
Grooming By Dawn Cheri,,https://www.indoordogpark.org/parks/grooming-by-dawn-cheri,,(615) 476-9180,Hendersonville,TN,false
Woof Gang Bakery & Grooming Hendersonville,,https://www.indoordogpark.org/parks/woof-gang-bakery-grooming-hendersonville,https://woofgangbakery.com/pages/locations/hendersonville,(615) 800-8961,Hendersonville,TN,false
Southern Styles Pet Salon,,https://www.indoordogpark.org/parks/southern-styles-pet-salon,https://dogp.net/explore/southern-styles-pet-salon/,(615) 878-6316,Hendersonville,TN,false
Bark Avenue,,https://www.indoordogpark.org/parks/bark-avenue,,(615) 991-7272,Hendersonville,TN,false
Ma & Paws Pet Supply Co.,,https://www.indoordogpark.org/parks/ma-paws-pet-supply-co,https://maandpawspet.com/,(615) 824-0094,Hendersonville,TN,false
Dog in Suds Pet Grooming,,https://www.indoordogpark.org/parks/dog-in-suds-pet-grooming,https://www.doginsuds.com/,(828) 697-7878,Hendersonville,TN,false
Pet Supplies Plus Hendersonville,,https://www.indoordogpark.org/parks/pet-supplies-plus-hendersonville,https://www.petsuppliesplus.com/store/tn/hendersonville/4022-hendersonville/4022,(615) 826-1424,Hendersonville,TN,false
Petco Grooming,,https://www.indoordogpark.org/parks/petco-grooming,https://stores.petco.com/tn/hendersonville/full-service-grooming-hendersonville-tn-1632.html,(615) 826-2028,Hendersonville,TN,false
PetSmart,,https://www.indoordogpark.org/parks/petsmart,https://www.petsmart.com/stores/us/tn/hendersonville-store3123.html?utm_source=google&utm_medium=organic&utm_campaign=google-my-business,(615) 431-3963,Hendersonville,TN,false
The Animal Clinic,,https://www.indoordogpark.org/parks/the-animal-clinic,https://theanimalclinictn.com/?utm_source=gmb&utm_medium=organic,(615) 824-0580,Hendersonville,TN,false
Dog Days Grooming,,https://www.indoordogpark.org/parks/dog-days-grooming,https://rvet.net/explore/dog-days-grooming/,(828) 692-6924,Hendersonville,TN,false
Curly Coats Salon,,https://www.indoordogpark.org/parks/curly-coats-salon,,(615) 447-8430,Hendersonville,TN,false
Paw’s Pet Palace,,https://www.indoordogpark.org/parks/paw-s-pet-palace,https://pawspetpalace.com/,(615) 766-8024,Goodlettsville,TN,false
Hendersonville Kennels,,https://www.indoordogpark.org/parks/hendersonville-kennels,,(615) 824-1969,Hendersonville,TN,false
Dog Park,,https://www.indoordogpark.org/parks/dog-park,,,Lebanon,TN,false
Houndstooth Grooming Boarding Doggie Daycare,,https://www.indoordogpark.org/parks/houndstooth-grooming-boarding-doggie-daycare,https://houndstoothk9care.com/,(615) 453-9090,Lebanon,TN,false
Four Paws Dog Boarding & Daycare,,https://www.indoordogpark.org/parks/four-paws-dog-boarding-daycare,http://timetopet.com/portal/four-paws-dog-boarding-and-daycare/create-account,(615) 992-8782,Lebanon,TN,false
Diane's Dog House,,https://www.indoordogpark.org/parks/diane-s-dog-house,https://dianesdoghouse.com/,(615) 339-9597,Lebanon,TN,false
Happie Hounds,,https://www.indoordogpark.org/parks/happie-hounds,http://www.happiehounds.com/,(615) 547-4363,Mt. Juliet,TN,false
Wilson County K9,,https://www.indoordogpark.org/parks/wilson-county-k9,https://www.wilsoncountyk9.com/,(615) 241-3032,Lebanon,TN,false
Wolf Hill Kennels,,https://www.indoordogpark.org/parks/wolf-hill-kennels,https://www.wolfhillkennels.com/,(615) 996-9653,Lebanon,TN,false
Awesome Bed & Biscuit,,https://www.indoordogpark.org/parks/awesome-bed-biscuit,,(615) 450-4437,Lebanon,TN,false
The BoardRoom @ Cumberland,,https://www.indoordogpark.org/parks/the-boardroom-cumberland,https://www.cumberlandanimalhospitalonline.com/the-boardroom/,(615) 444-1232,Lebanon,TN,false
Love ‘N Glam Homestead & Pet Care,,https://www.indoordogpark.org/parks/love-n-glam-homestead-pet-care,,(615) 294-8528,Lebanon,TN,false
Fur Persons,,https://www.indoordogpark.org/parks/fur-persons,,(615) 443-4742,Lebanon,TN,false
Doggyworld Resort,,https://www.indoordogpark.org/parks/doggyworld-resort,https://www.doggyworldresort.com/,(615) 754-0380,Mt. Juliet,TN,false
Horseshoe Country Kennel Inc.,,https://www.indoordogpark.org/parks/horseshoe-country-kennel-inc,https://horseshoecountry.com/,(615) 758-0266,Mt. Juliet,TN,false
Peanuts Pampered Pet Care,,https://www.indoordogpark.org/parks/peanuts-pampered-pet-care,https://peanutspamperedpetcare.com/,(615) 806-9113,Brush Creek,TN,false
Ruff House Pet Resort,,https://www.indoordogpark.org/parks/ruff-house-pet-resort,https://ruffhousepetresort.com/,(513) 933-0114,Lebanon,TN,false
Petco Dog Training,,https://www.indoordogpark.org/parks/petco-dog-training,https://stores.petco.com/tn/lebanon/dog-training-lebanon-tn-1574.html,(615) 547-1533,Lebanon,TN,false
Grooming La Poo,,https://www.indoordogpark.org/parks/grooming-la-poo,,(615) 979-5161,Lebanon,TN,false
Barkin' Boulevard,,https://www.indoordogpark.org/parks/barkin-boulevard,https://booking.moego.pet/ol/BarkinBoulevard/landing,(629) 772-6110,Lebanon,TN,false
Petco Grooming,,https://www.indoordogpark.org/parks/petco-grooming,https://stores.petco.com/tn/lebanon/full-service-grooming-lebanon-tn-1574.html,(615) 547-1533,Lebanon,TN,false
Petsense by Tractor Supply,,https://www.indoordogpark.org/parks/petsense-by-tractor-supply,http://www.petsense.com/,(615) 444-7111,Lebanon,TN,false
Dolly's Grooming and Dog Wash,,https://www.indoordogpark.org/parks/dolly-s-grooming-and-dog-wash,http://dollysgrooming.com/,(615) 754-7529,Mt. Juliet,TN,false
Pet-i-cut Junction,,https://www.indoordogpark.org/parks/pet-i-cut-junction,https://peticutjunction.com/,(615) 945-3809,Mt. Juliet,TN,false
Petco,,https://www.indoordogpark.org/parks/petco,https://stores.petco.com/tn/lebanon/pet-supplies-lebanon-tn-1574.html,(615) 547-1533,Lebanon,TN,false
Two Bronze Dogs,,https://www.indoordogpark.org/parks/two-bronze-dogs,http://www.twobronzedogs.com/,(615) 920-6430,Lebanon,TN,false
Pawsitively Pet Grooming,,https://www.indoordogpark.org/parks/pawsitively-pet-grooming,https://pawsitivelypetgrooming.portal.gingrapp.com/,(317) 519-4374,Lebanon,TN,false
Sandi's Grooming,,https://www.indoordogpark.org/parks/sandi-s-grooming,https://www.facebook.com/SandiGrooming/,(615) 506-3658,Mt. Juliet,TN,false
Country K-9 Rescue Adoptable Pets,,https://www.indoordogpark.org/parks/country-k-9-rescue-adoptable-pets,http://www.facebook.com/countryk9pets,(615) 444-8011,Lebanon,TN,false
Tennessee Veterinary Care,,https://www.indoordogpark.org/parks/tennessee-veterinary-care,,(615) 443-4000,Lebanon,TN,false
Hops & Hounds,,https://www.indoordogpark.org/parks/hops-hounds,https://hopsandhoundstn.com/,(865) 659-8534,Oak Ridge,TN,false
Big Turtle Dog Park,,https://www.indoordogpark.org/parks/big-turtle-dog-park,https://orrecparks.oakridgetn.gov/parks/,(865) 425-3450,Oak Ridge,TN,false
The Backyard,,https://www.indoordogpark.org/parks/the-backyard,http://thehoundryllc.com/the-backyard,,Oak Ridge,TN,false
Carleigh & Friends Bed and Breakfast (Boarding),,https://www.indoordogpark.org/parks/carleigh-friends-bed-and-breakfast-boarding,https://m.facebook.com/groups/931382898095701/?from_xma_click=xma_web_url&xma_click_id=0B8FAB57-BC81-4337-B449-FC1A2C025B71&wtsid=rdr_0IjS7bIy5VjQehNR8,(865) 804-0898,Oak Ridge,TN,false
Oak Ridge Kennel Club,,https://www.indoordogpark.org/parks/oak-ridge-kennel-club,https://orkc.org/,,Oak Ridge,TN,false
Small Paws Petite Boarding,,https://www.indoordogpark.org/parks/small-paws-petite-boarding,http://www.4smallpaws.com/,(865) 988-3838,Lenoir City,TN,false
Pup Tent,,https://www.indoordogpark.org/parks/pup-tent,https://m.facebook.com/thepuptent/,(865) 995-0014,Friendsville,TN,false
PetWatcher,,https://www.indoordogpark.org/parks/petwatcher,,(865) 256-0941,Oak Ridge,TN,false
K-9 Search On Site,,https://www.indoordogpark.org/parks/k-9-search-on-site,,(865) 483-4422,Oak Ridge,TN,false
PetSmart Dog Training,,https://www.indoordogpark.org/parks/petsmart-dog-training,https://stores.petsmart.com/tn/oak-ridge/oak-ridge-tn/dog-training?utm_source=google&utm_medium=organic&utm_campaign=google-my-business,(865) 294-0596,Oak Ridge,TN,false
Tall Oaks Dog Training Academy,,https://www.indoordogpark.org/parks/tall-oaks-dog-training-academy,https://www.talloakstraining.com/?utm_source=google&utm_medium=wix_google_business_profile&utm_campaign=9218592920412020298,(865) 776-7518,New Market,TN,false
Lone Oak Retrievers,,https://www.indoordogpark.org/parks/lone-oak-retrievers,,(731) 514-1964,Greenfield,TN,false
Amelia's Pet Parlor,,https://www.indoordogpark.org/parks/amelia-s-pet-parlor,,(865) 393-1323,Oak Ridge,TN,false
The Pawder Room,,https://www.indoordogpark.org/parks/the-pawder-room,https://thepawderroom.com/,(865) 257-5370,Oak Ridge,TN,false
The Grooming Room at Oak Ridge Feed,,https://www.indoordogpark.org/parks/the-grooming-room-at-oak-ridge-feed,https://www.facebook.com/pages/Grooming-Room-at-Oak-Ridge-Feed/1992192057498037?nr,(865) 482-3229,Oak Ridge,TN,false
Pet Supplies Plus Oak Ridge,,https://www.indoordogpark.org/parks/pet-supplies-plus-oak-ridge,https://www.petsuppliesplus.com/Store/TN/Oak-Ridge/Oak-Ridge/8033,(865) 481-0605,Oak Ridge,TN,false
Oak Ridge Feed,,https://www.indoordogpark.org/parks/oak-ridge-feed,,(865) 482-3229,Oak Ridge,TN,false
Southern Paws,,https://www.indoordogpark.org/parks/southern-paws,,(865) 617-6950,Oliver Springs,TN,false
PetSmart Grooming,,https://www.indoordogpark.org/parks/petsmart-grooming,https://stores.petsmart.com/tn/oak-ridge/oak-ridge-tn/grooming?utm_source=google&utm_medium=organic&utm_campaign=google-my-business,(865) 294-0596,Oak Ridge,TN,false
PetSmart,,https://www.indoordogpark.org/parks/petsmart,https://www.petsmart.com/stores/us/tn/oak-ridge-store2495.html?utm_source=google&utm_medium=organic&utm_campaign=google-my-business,(865) 294-0596,Oak Ridge,TN,false
Bark Place Grooming,,https://www.indoordogpark.org/parks/bark-place-grooming,http://www.barkplace-grooming.com/contact.html,(865) 777-2275,Farragut,TN,false
Preppy Pups,,https://www.indoordogpark.org/parks/preppy-pups,https://booking.moego.pet/ol/landing?name=PreppyPups,(865) 269-4943,Clinton,TN,false
"Dewberry Pet Spa, Boarding, Doggy Daycare, & Dog Training",,https://www.indoordogpark.org/parks/dewberry-pet-spa-boarding-doggy-daycare-dog-training,http://www.dewberrypetspa.com/,(865) 234-8957,Harriman,TN,false
Cheryl's Dog Grooming,,https://www.indoordogpark.org/parks/cheryl-s-dog-grooming,,(865) 482-7700,Oak Ridge,TN,false
Big Turtle Fields,,https://www.indoordogpark.org/parks/big-turtle-fields,https://orrecparks.oakridgetn.gov/parks/,,Oak Ridge,TN,false
Bark Park,,https://www.indoordogpark.org/parks/bark-park,https://www.bristoltn.gov/675/Bark-Park,(423) 764-4023,Bristol,TN,false
Sugar Hollow Park,,https://www.indoordogpark.org/parks/sugar-hollow-park,https://www.bristolva.org/Facilities/Facility/Details/Sugar-Hollow-Park-14,(276) 645-7275,Bristol,TN,false
Charlie Robinette Park,,https://www.indoordogpark.org/parks/charlie-robinette-park,http://bristoltn.org/150/Charlie-Robinette-Park,(423) 764-4023,Bristol,TN,false
Dog Park,,https://www.indoordogpark.org/parks/dog-park,http://www.bristoltn.org/,(423) 764-4023,Bristol,TN,false
Windsor Park,,https://www.indoordogpark.org/parks/windsor-park,http://www.bristoltn.org/,(423) 764-4023,Bristol,TN,false
Rooster Front at Steele Creek Park,,https://www.indoordogpark.org/parks/rooster-front-at-steele-creek-park,https://www.bristoltn.gov/568/Rooster-Front-at-Steele-Creek-Park,(423) 764-4023,Bristol,TN,false
Steele Creek Park,,https://www.indoordogpark.org/parks/steele-creek-park,http://www.bristoltn.org/166/Steele-Creek-Park,(423) 989-5616,Bristol,TN,false
Food City Dog Park,,https://www.indoordogpark.org/parks/food-city-dog-park,https://www.bristoltn.org/158/Food-City-Park,(423) 764-4023,Bristol,TN,false
Paws N Claws,,https://www.indoordogpark.org/parks/paws-n-claws,,(423) 764-2400,Bristol,TN,false
The Dogstead,,https://www.indoordogpark.org/parks/the-dogstead,https://www.facebook.com/thedogstead,(423) 646-8190,Bristol,TN,false
Animal Farm,,https://www.indoordogpark.org/parks/animal-farm,http://www.facebook.com/TheAnimalFarmKennel/,(276) 591-5775,Bristol,TN,false
Major Wags Training Academy,,https://www.indoordogpark.org/parks/major-wags-training-academy,,(304) 928-3803,Bristol,TN,false
Patty's Pet Service,,https://www.indoordogpark.org/parks/patty-s-pet-service,,(423) 573-3306,Bristol,TN,false
Kut & Fluff Pet Grooming,,https://www.indoordogpark.org/parks/kut-fluff-pet-grooming,http://www.kutandfluff.com/,(276) 669-4430,Bristol,TN,false
Happy Pets,,https://www.indoordogpark.org/parks/happy-pets,,(423) 968-7997,Bristol,TN,false
Jones Animal Hospital,,https://www.indoordogpark.org/parks/jones-animal-hospital,http://www.jonesanimalhosp.com/,(423) 968-7011,Bristol,TN,false
Donna's Pet Grooming,,https://www.indoordogpark.org/parks/donna-s-pet-grooming,,(423) 989-7863,Bristol,TN,false
Pet Partners,,https://www.indoordogpark.org/parks/pet-partners,http://petpartnersbristol.com/,(423) 968-4126,Bristol,TN,false
Stay & Play Doggie Daycare and Boarding LLC,,https://www.indoordogpark.org/parks/stay-play-doggie-daycare-and-boarding-llc,http://stayplayllc.com/,(423) 919-8696,New Tazewell,TN,false
Mountain Mutts Pet Grooming,,https://www.indoordogpark.org/parks/mountain-mutts-pet-grooming,https://dogp.net/explore/mountain-mutts-pet-grooming/,(276) 591-0877,Bristol,TN,false
A Dog's Life,,https://www.indoordogpark.org/parks/a-dog-s-life,https://adogslifebristol.com/,(401) 297-9704,Bristol,TN,false
Animal Medical Clinic,,https://www.indoordogpark.org/parks/animal-medical-clinic,http://www.animalmedclinic.com/,(423) 764-2428,Bristol,TN,false
Happy Pets Pet Sitting Service,,https://www.indoordogpark.org/parks/happy-pets-pet-sitting-service,,(423) 968-7997,Bluff City,TN,false
"Sublime K9 Training & Boarding, LLC",,https://www.indoordogpark.org/parks/sublime-k9-training-boarding-llc,https://sublimek9training.com/,(865) 804-6807,Jefferson City,TN,false
Elite Retriever,,https://www.indoordogpark.org/parks/elite-retriever,http://www.eliteretrievers.com/contact/,(920) 896-2911,Bristol,TN,false
Doggy Stylez,,https://www.indoordogpark.org/parks/doggy-stylez,,(276) 644-9424,Bristol,TN,false
Mountain Styles Pet Salon,,https://www.indoordogpark.org/parks/mountain-styles-pet-salon,http://mtnstyles.com/,(423) 608-9163,Blountville,TN,false
Southern Paradise Pet Supply & Salon,,https://www.indoordogpark.org/parks/southern-paradise-pet-supply-salon,,(423) 217-0916,Bristol,TN,false
Mountain View Farm,,https://www.indoordogpark.org/parks/mountain-view-farm,http://www.mvfguesthouse.com/,(423) 340-2561,Bristol,TN,false
All Paws Inn,,https://www.indoordogpark.org/parks/all-paws-inn,,(401) 253-7297,Bristol,TN,false
Black Dog Barkery LLC,,https://www.indoordogpark.org/parks/black-dog-barkery-llc,https://blackdogbarkery.com/,(423) 573-3647,Bristol,TN,false
Houston Bark Park and Daycare,,https://www.indoordogpark.org/parks/houston-bark-park-and-daycare,http://www.houstonbarkpark.com/,(281) 888-1428,Houston,TX,false
Millie Bush Dog Park,,https://www.indoordogpark.org/parks/millie-bush-dog-park,https://cp4.harriscountytx.gov/dogparks,(281) 353-8100,Houston,TX,false
Danny Jackson Family Bark Park,,https://www.indoordogpark.org/parks/danny-jackson-family-bark-park,,(281) 496-2177,Houston,TX,false
Congressman Bill Archer Dog Park,,https://www.indoordogpark.org/parks/congressman-bill-archer-dog-park,https://cp4.harriscountytx.gov/dogparks,(281) 353-8100,Houston,TX,false
The Dog Bar,,https://www.indoordogpark.org/parks/the-dog-bar,http://thedogbarhtx.com/,(832) 304-3277,Houston,TX,false
Levy Park,,https://www.indoordogpark.org/parks/levy-park,http://levyparkhouston.org/,(713) 522-7275,Houston,TX,false
Discovery Green Dog Run,,https://www.indoordogpark.org/parks/discovery-green-dog-run,https://www.discoverygreen.com/attraction/dog-runs/,,Houston,TX,false
Park for Humans and Dogs,,https://www.indoordogpark.org/parks/park-for-humans-and-dogs,,,Houston,TX,false
Dog park,,https://www.indoordogpark.org/parks/dog-park,http://www.pct3.com/dog-parks/#danny-jackson-family-dog-park,(281) 496-2177,Houston,TX,false
Johnny Steele Dog Park,,https://www.indoordogpark.org/parks/johnny-steele-dog-park,http://buffalobayou.org/visit/destination/buffalo-bayou-park/#dog-park,(713) 752-0314,Houston,TX,false
Westwillow Dog Park,,https://www.indoordogpark.org/parks/westwillow-dog-park,http://www.ourwillowlake.com/parks/3.htm,(832) 395-7100,Houston,TX,false
Wigglebottoms Indoor Dogpark & Market,,https://www.indoordogpark.org/parks/wigglebottoms-indoor-dogpark-market,,(832) 228-4114,Spring,TX,false
Bark Park,,https://www.indoordogpark.org/parks/bark-park,,,Houston,TX,false
Yuppie Dog,,https://www.indoordogpark.org/parks/yuppie-dog,https://www.yuppiedog.com/,(713) 426-5700,Houston,TX,false
Dogtopia of Galleria - Houston,,https://www.indoordogpark.org/parks/dogtopia-of-galleria-houston,https://www.dogtopia.com/houston-galleria/,(346) 209-2720,Houston,TX,false
Ervan Chew Dog Park,,https://www.indoordogpark.org/parks/ervan-chew-dog-park,https://www.houstontx.gov/parks/dogparks.html,(832) 395-7000,Houston,TX,false
West Webster Park,,https://www.indoordogpark.org/parks/west-webster-park,,,Houston,TX,false
Robindell Dog Run,,https://www.indoordogpark.org/parks/robindell-dog-run,,,Houston,TX,false
Camp Run-A-Mutt Houston Energy Corridor,,https://www.indoordogpark.org/parks/camp-run-a-mutt-houston-energy-corridor,http://www.camprunamutt.com/houstonec,(832) 850-6117,Houston,TX,false
Wag'n World,,https://www.indoordogpark.org/parks/wag-n-world,https://www.wagnworld.com/,(832) 699-3399,Houston,TX,false
"Rover Oaks Pet Resort, Houston",,https://www.indoordogpark.org/parks/rover-oaks-pet-resort-houston,http://www.roveroaks.com/?utm_source=googlemb&utm_medium=organic&utm_campaign=weblink&utm_content=home&y_source=1_MTE2NjkwNTktNzE1LWxvY2F0aW9uLndlYnNpdGU%3D,(936) 249-2462,Houston,TX,false
K9 Resorts Luxury Pet Hotel Houston - Energy Corridor,,https://www.indoordogpark.org/parks/k9-resorts-luxury-pet-hotel-houston-energy-corridor,https://www.k9resorts.com/houston-energy-corridor/,(281) 730-8166,Houston,TX,false
What's Up Dog,woof@whatsupdoghtx.com,https://www.indoordogpark.org/parks/what-s-up-dog,http://www.whatsupdoghtx.com/,(713) 955-3062,Houston,TX,true
Super Paws: Dog Boarding & Daycare,info@superpawshouston.com,https://www.indoordogpark.org/parks/super-paws-dog-boarding-daycare,https://www.superpawshouston.com/,(832) 900-7218,Houston,TX,true
"Jackson's Place Unleashed Pet Resort & Bakery - Dog Daycare, Dog Boarding, Dog Grooming & Dog Training",Midtown@JacksonsPlace.com,https://www.indoordogpark.org/parks/jackson-s-place-unleashed-pet-resort-bakery-dog-daycare-dog-boarding-dog-grooming-dog-training,https://houstondogdaycare.com/,(713) 529-1200,Houston,TX,true
Happy Snoutz Pet Resort,,https://www.indoordogpark.org/parks/happy-snoutz-pet-resort,https://www.happysnoutz.com/?utm_source=google&utm_medium=wix_google_business_profile&utm_campaign=15651551382524902885,(832) 946-8281,Houston,TX,false
Camp Bow Wow Houston-Hobby,,https://www.indoordogpark.org/parks/camp-bow-wow-houston-hobby,https://www.campbowwow.com/houston-hobby/,(346) 597-4374,Houston,TX,false
Hotel Kira - Dog Hotel,stayhotelkira@gmail.com,https://www.indoordogpark.org/parks/hotel-kira-dog-hotel,http://hotelkira.com/,(832) 371-5400,Houston,TX,true
Pet Paradise Houston Hobby,hobby@petparadise.com,https://www.indoordogpark.org/parks/pet-paradise-houston-hobby,https://www.petparadise.com/houston-hobby.htm,(713) 941-3647,Houston,TX,true
Meadowlake Pet Resort,info@meadowlakepetresort.com,https://www.indoordogpark.org/parks/meadowlake-pet-resort,https://www.meadowlakepetresort.com/?utm_source=GMB&utm_medium=local&utm_campaign=pearland,(713) 413-1633,Houston,TX,true
Man's Best Friend - Houston,,https://www.indoordogpark.org/parks/man-s-best-friend-houston,https://www.mansbestfriend.com/?utm_source=gmb&utm_medium=Yext&cp=8329560918&y_source=1_MTU3OTA0NDQtNzE1LWxvY2F0aW9uLndlYnNpdGU%3D,(832) 956-0918,Houston,TX,false
Unleashed Retreat,info@unleashedretreat.com,https://www.indoordogpark.org/parks/unleashed-retreat,http://unleashedretreat.com/,(713) 485-6820,Houston,TX,true
Camp Bow Wow Houston Greater Heights,,https://www.indoordogpark.org/parks/camp-bow-wow-houston-greater-heights,https://www.campbowwow.com/houston-greater-heights/,(713) 804-8809,Houston,TX,false
The Green Bone,,https://www.indoordogpark.org/parks/the-green-bone,http://www.thegreenbone.net/,(713) 225-4000,Houston,TX,false
Paws Pet Resort,info@pawspetresort.net,https://www.indoordogpark.org/parks/paws-pet-resort,http://www.pawspetresort.net/,(713) 636-9715,Houston,TX,true
Spring Branch Houston Dog Boarding,SBHDOGBOARDING@gmail.com,https://www.indoordogpark.org/parks/spring-branch-houston-dog-boarding,http://springbranchhoustondogboarding.com/,(832) 971-8980,Houston,TX,true
Bellaire Pet Lodge,,https://www.indoordogpark.org/parks/bellaire-pet-lodge,http://www.bellairepetlodge.com/,(281) 501-0926,Houston,TX,false
K9 Resorts Luxury Pet Hotel Houston-Heights,,https://www.indoordogpark.org/parks/k9-resorts-luxury-pet-hotel-houston-heights,https://www.k9resorts.com/houston-heights/,(844) 709-1376,Houston,TX,false
PetSuites Cypress,,https://www.indoordogpark.org/parks/petsuites-cypress,https://cypress.petsuitesofamerica.com/?utm_source=gmb&utm_medium=organic&y_source=1_MTE2NjkwNzAtNzE1LWxvY2F0aW9uLndlYnNpdGU%3D,(281) 971-4075,Houston,TX,false
Korob Pet Hotel,kpethotel@gmail.com,https://www.indoordogpark.org/parks/korob-pet-hotel,https://anytimepetsitters.com/,(832) 404-2337,Houston,TX,true
Pet Paradise Houston JFK,,https://www.indoordogpark.org/parks/pet-paradise-houston-jfk,https://www.petparadise.com/houston-iah-south.htm,(281) 449-3647,Houston,TX,false
The ADBF The Affordable Dog Boarding Facility,,https://www.indoordogpark.org/parks/the-adbf-the-affordable-dog-boarding-facility,http://theadbfhtx.com/,(713) 364-4763,Houston,TX,false
Puptown Houston Dog Training,info@puptownhouston.com,https://www.indoordogpark.org/parks/puptown-houston-dog-training,https://www.puptownhouston.com/,(832) 930-0073,Houston,TX,true
"Beyond the Dog, LLC",contact@beyondthedogtraining.com,https://www.indoordogpark.org/parks/beyond-the-dog-llc,https://beyondthedogtraining.com/houston/dog-training,(713) 416-6102,Houston,TX,true
Revival Dog Training - West University,,https://www.indoordogpark.org/parks/revival-dog-training-west-university,https://revivaldogtraining.com/,(713) 679-8850,Houston,TX,false
Stephanie Bennett's Believe in Dog,info@believeindog.com,https://www.indoordogpark.org/parks/stephanie-bennett-s-believe-in-dog,http://www.believeindog.com/,(713) 364-4439,Houston,TX,true
Houston DogWorks,woof@houstondogworks.com,https://www.indoordogpark.org/parks/houston-dogworks,http://www.houstondogworks.com/,(832) 267-1188,Houston,TX,true
Houston Obedience Training (HOT) Dog Club,,https://www.indoordogpark.org/parks/houston-obedience-training-hot-dog-club,https://thehotdogclub.org/,(713) 694-7446,Houston,TX,false
Peace Love Dogs,info@peacelovedogshouston.com,https://www.indoordogpark.org/parks/peace-love-dogs,https://peacelovedogshouston.com/,(346) 639-3629,Houston,TX,true
Love For Dogs,admin@lovefordogscaninetraining.com,https://www.indoordogpark.org/parks/love-for-dogs,http://lovefordogstx.com/,(713) 637-4979,Houston,TX,true
Good DaweG,,https://www.indoordogpark.org/parks/good-daweg,http://www.gooddaweg.com/,(281) 900-2572,Houston,TX,false
Puptown Daycare Boarding and Training,info@puptownhouston.com,https://www.indoordogpark.org/parks/puptown-daycare-boarding-and-training,https://puptownhouston.com/,(832) 462-7691,Houston,TX,true
Stealth K9 Dog Training,,https://www.indoordogpark.org/parks/stealth-k9-dog-training,https://www.stealthk9dogtraining.com/?utm_source=organic&utm_medium=google&utm_campaign=gbp,(832) 469-1693,Houston,TX,false
KraftyK9 Dog Sports,,https://www.indoordogpark.org/parks/kraftyk9-dog-sports,http://kraftyk9dogsports.com/,(281) 433-6994,Houston,TX,false
Smart Dog Training Center,,https://www.indoordogpark.org/parks/smart-dog-training-center,http://www.smartdogtrainingcenter.com/,(713) 263-7339,Houston,TX,false
Dog Training Elite West Houston Facility,,https://www.indoordogpark.org/parks/dog-training-elite-west-houston-facility,https://dogtrainingelite.com/katy,(713) 301-5040,Katy,TX,false
DOGMAN Training,,https://www.indoordogpark.org/parks/dogman-training,http://www.dogmantraining.com/,(713) 324-8850,Houston,TX,false
Good Vibes Dog Training,,https://www.indoordogpark.org/parks/good-vibes-dog-training,https://www.goodvibesdogtraining.com/,(254) 744-9345,Houston,TX,false
Pupsties,,https://www.indoordogpark.org/parks/pupsties,http://www.pupsties.com/,(346) 313-9200,Houston,TX,false
Kontota of Central Houston - Mobile Dog Grooming,,https://www.indoordogpark.org/parks/kontota-of-central-houston-mobile-dog-grooming,https://kontota.com/mobile-dog-grooming-houston/,(713) 331-5486,Houston,TX,false
Peek-A-Boo Dog Grooming,,https://www.indoordogpark.org/parks/peek-a-boo-dog-grooming,https://www.peekaboogrooming.com/,(832) 770-4951,Houston,TX,false
Petbar Boutique - The Heights,,https://www.indoordogpark.org/parks/petbar-boutique-the-heights,https://www.petbarinc.com/locations/houston-heights/?utm_source=gbp&utm_medium=organic&utm_campaign=houston+heights,(346) 571-2135,Houston,TX,false
The Dog House Pet Salon,,https://www.indoordogpark.org/parks/the-dog-house-pet-salon,https://www.thedoghouseps.com/locations/galleria-pet-salon/?utm_source=GPB&utm_medium=organic_local&utm_campaign=GBP_locations&utm_content=galleria,(713) 820-6140,Houston,TX,false
I pet you grooming,,https://www.indoordogpark.org/parks/i-pet-you-grooming,http://www.ipetyougrooming.com/,(832) 345-0233,Houston,TX,false
Woof Gang Bakery & Grooming Heights,,https://www.indoordogpark.org/parks/woof-gang-bakery-grooming-heights,http://woofgangbakery.com/heightstx,(281) 270-9560,Houston,TX,false
Daniyyel's Mobile Dog Grooming,,https://www.indoordogpark.org/parks/daniyyel-s-mobile-dog-grooming,https://daniyyelsdoggrooming.com/,(832) 875-4428,Houston,TX,false
Segundo Pet Grooming,,https://www.indoordogpark.org/parks/segundo-pet-grooming,https://segundopetgrooming.myonlineappointment.com/?fbclid=PAQ0xDSwLcEn5leHRuA2FlbQIxMAABp-amf-3iEcP7dFLnnUxCCO8lJWMNbEGuVXi5aSluDhxZ5V8PnRgu_hGLEmFP_aem_paXyWOE-TS5g_Qp0w2TVOg,(832) 755-7138,Houston,TX,false
Puddy Cuts Dog Grooming & Boarding,,https://www.indoordogpark.org/parks/puddy-cuts-dog-grooming-boarding,http://www.puddycuts.com/,(832) 654-7475,Houston,TX,false
Heights Pet Grooming,,https://www.indoordogpark.org/parks/heights-pet-grooming,https://www.heightspetgroomingtx.com/,(713) 489-2643,Houston,TX,false
Furry Land of Greater Houston,,https://www.indoordogpark.org/parks/furry-land-of-greater-houston,https://furryland.us/locations/houston-mobile-pet-groomers/,(713) 982-8504,Houston,TX,false
Affordable Dog Grooming,,https://www.indoordogpark.org/parks/affordable-dog-grooming,,(713) 453-7387,Houston,TX,false
Furrytails Dog Grooming,,https://www.indoordogpark.org/parks/furrytails-dog-grooming,http://furrytailsdoggrooming.com/,(281) 445-9780,Houston,TX,false
Fur Paws,,https://www.indoordogpark.org/parks/fur-paws,http://www.furpawspethotel.com/,(713) 485-5522,Houston,TX,false
Woof Gang Bakery & Grooming West U,,https://www.indoordogpark.org/parks/woof-gang-bakery-grooming-west-u,http://woofgangbakery.com/pages/locations/west-u,(832) 742-9138,Houston,TX,false
petbar Boutique - Houston (Bellaire),,https://www.indoordogpark.org/parks/petbar-boutique-houston-bellaire,https://www.petbarinc.com/locations/houston-bellaire/?utm_source=google&utm_medium=local&utm_campaign=google_business_profile,(832) 997-3457,Bellaire,TX,false
Blue Bubbles Spa,,https://www.indoordogpark.org/parks/blue-bubbles-spa,http://bluebubblesspa.dog/,(713) 828-7889,Houston,TX,false
ABC Pet Resort & Spa,,https://www.indoordogpark.org/parks/abc-pet-resort-spa,https://www.abcpetresort.com/?utm_source=google_my_business&utm_medium=organic,(281) 444-9414,Houston,TX,false
Midtown Pet Resort,,https://www.indoordogpark.org/parks/midtown-pet-resort,,(713) 658-0900,Houston,TX,false
Pampered Pet Inn,,https://www.indoordogpark.org/parks/pampered-pet-inn,http://www.pamperedpetinn.com/,(713) 522-7387,Houston,TX,false
K9 Resorts Luxury Pet Hotel Sugar Land,,https://www.indoordogpark.org/parks/k9-resorts-luxury-pet-hotel-sugar-land,https://www.k9resorts.com/sugarland/,(281) 378-6472,Sugar Land,TX,false
Pet Paradise Houston Will Clayton,,https://www.indoordogpark.org/parks/pet-paradise-houston-will-clayton,https://www.petparadise.com/houston-iah-north-humble.htm,(281) 441-7117,Humble,TX,false
The Fritz Kennel,,https://www.indoordogpark.org/parks/the-fritz-kennel,http://www.fritzkennel.com/,(713) 464-9852,Houston,TX,false
Houston Dog Ranch,,https://www.indoordogpark.org/parks/houston-dog-ranch,http://www.houstondogranch.com/?utm_campaign=gmb,(713) 465-2275,Houston,TX,false
The Best Little Dog House In Texas,,https://www.indoordogpark.org/parks/the-best-little-dog-house-in-texas,https://www.thebestlittledoghouseintexas.com/,(713) 533-1117,Houston,TX,false
Dog Park at Deussen Park,,https://www.indoordogpark.org/parks/dog-park-at-deussen-park,http://hcp1.net/Parks/AlexanderDeussen,(346) 286-1805,Houston,TX,false
TC Jester Dog Park,,https://www.indoordogpark.org/parks/tc-jester-dog-park,http://www.houstontx.gov/parks/dogparks.html,(832) 395-7000,Houston,TX,false
Bay Area Park Dog Park,,https://www.indoordogpark.org/parks/bay-area-park-dog-park,http://www.hcp2.com/,,Houston,TX,false
Tom Bass Regional Park & Dog Park,,https://www.indoordogpark.org/parks/tom-bass-regional-park-dog-park,,,Houston,TX,false
Cutten Green Dog Park,,https://www.indoordogpark.org/parks/cutten-green-dog-park,,,Houston,TX,false
Gene Green Dog Park,,https://www.indoordogpark.org/parks/gene-green-dog-park,,,Houston,TX,false
Dogtopia of Houston - W. Alabama Street,,https://www.indoordogpark.org/parks/dogtopia-of-houston-w-alabama-street,https://www.dogtopia.com/houston-west-alabama-street/,(281) 985-5158,Houston,TX,false
Action Day Dog Daycare & Boarding,,https://www.indoordogpark.org/parks/action-day-dog-daycare-boarding,http://actiondaydoggydaycare.com/,(832) 531-3455,Houston,TX,false
NorthBark Dog Park,,https://www.indoordogpark.org/parks/northbark-dog-park,http://www.dallasparks.org/Facilities/Facility/Details/NorthBark-Dog-Park-359,(214) 670-1923,Dallas,TX,false
White Rock Lake Dog Park,,https://www.indoordogpark.org/parks/white-rock-lake-dog-park,https://www.dallasparks.org/Facilities/Facility/Details/Mockingbird-Point-Dog-Park-358,(214) 614-6711,Dallas,TX,false
Dog City,,https://www.indoordogpark.org/parks/dog-city,https://www.dogcity.pet/,(469) 250-7322,Dallas,TX,false
Wagging Tail Dog Park,,https://www.indoordogpark.org/parks/wagging-tail-dog-park,,,Dallas,TX,false
MUTTS Canine Cantina® - Dallas,,https://www.indoordogpark.org/parks/mutts-canine-cantina-dallas,https://muttscantina.com/tx-dallas/,(214) 377-8723,Dallas,TX,false
Bark Park at Bear Creek Park,,https://www.indoordogpark.org/parks/bark-park-at-bear-creek-park,https://gograpevine.com/listing/the-bark-park-at-bear-creek-park/,(817) 410-3450,Grapevine,TX,false
Bark Park Central,,https://www.indoordogpark.org/parks/bark-park-central,http://www.dallasparks.org/Facilities/Facility/Details/Bark-Park-Central-357,,Dallas,TX,false
The Shacks Dining & Dog Park,,https://www.indoordogpark.org/parks/the-shacks-dining-dog-park,https://www.shacksaustinranch.com/,,The Colony,TX,false
Barney Wood Bark Park,,https://www.indoordogpark.org/parks/barney-wood-bark-park,https://www.farmersbranchtx.gov/408/Barney-Wood-Bark-Park,(972) 247-4607,Farmers Branch,TX,false
Urban Paws,,https://www.indoordogpark.org/parks/urban-paws,http://www.urbanpawsdallas.com/,(214) 748-8008,Dallas,TX,false
Dawg Life Doggy Daycare & Boarding - Dallas,,https://www.indoordogpark.org/parks/dawg-life-doggy-daycare-boarding-dallas,https://dfwdawglife.com/,(214) 717-2990,Dallas,TX,false
Dogtopia of Park Lane,,https://www.indoordogpark.org/parks/dogtopia-of-park-lane,https://www.dogtopia.com/dallas-park-lane/,(214) 281-8282,Dallas,TX,false
Z Bonz Dog Park,,https://www.indoordogpark.org/parks/z-bonz-dog-park,,,Fort Worth,TX,false
My Best Friend's Park,,https://www.indoordogpark.org/parks/my-best-friend-s-park,,,Dallas,TX,false
Downtown Dog,,https://www.indoordogpark.org/parks/downtown-dog,http://downtowndogdallas.com/,(214) 426-1560,Dallas,TX,false
The Village WAG - Exclusive For The Village Residents,,https://www.indoordogpark.org/parks/the-village-wag-exclusive-for-the-village-residents,,(214) 772-9300,Dallas,TX,false
Central Commons Community Dog Park,,https://www.indoordogpark.org/parks/central-commons-community-dog-park,https://centralcommons.org/central-commons-dog-park,(469) 753-9007,Dallas,TX,false
Elmwoof Dog Park,,https://www.indoordogpark.org/parks/elmwoof-dog-park,http://elmwoodna.org/elmwoof-donate#,,Berkley Ave NS,TX,false
PRIVATE SniffSpot Paw Paradise Lake Dallas,,https://www.indoordogpark.org/parks/private-sniffspot-paw-paradise-lake-dallas,https://www.sniffspot.com/listings/lake-dallas-tx/paw-paradise-at-lake-dallas-43676,,Hickory Creek,TX,false
Paw Lofts,,https://www.indoordogpark.org/parks/paw-lofts,https://www.pawlofts.com/?utm_source=googlemb&utm_medium=organic&utm_campaign=weblink&utm_content=home,(214) 396-9693,Dallas,TX,false
Dallas Dog Daycare and Boarding,,https://www.indoordogpark.org/parks/dallas-dog-daycare-and-boarding,http://www.dallasdogsdaycare.com/,(214) 210-6373,Dallas,TX,false
Underdog Kennels,,https://www.indoordogpark.org/parks/underdog-kennels,https://underdog-kennels.com/,(214) 267-2275,Dallas,TX,false
Smart Dog Dallas,,https://www.indoordogpark.org/parks/smart-dog-dallas,https://smartdogdallas.com/,(214) 884-7529,Dallas,TX,false
Abbie's Dog House on Belmont,,https://www.indoordogpark.org/parks/abbie-s-dog-house-on-belmont,https://www.abbiesdoghouse.com/,(469) 729-9080,Dallas,TX,false
Camp Bow Wow Dallas High Five,,https://www.indoordogpark.org/parks/camp-bow-wow-dallas-high-five,https://www.campbowwow.com/dallas-high-five/,(844) 976-3992,Dallas,TX,false
Barking Hound Village Lake Highlands,,https://www.indoordogpark.org/parks/barking-hound-village-lake-highlands,http://www.bhvtexas.com/,(214) 890-9778,Dallas,TX,false
Bones & Bacon Doggy Daycare,,https://www.indoordogpark.org/parks/bones-bacon-doggy-daycare,http://www.bonesandbacon.com/,(469) 726-2722,Dallas,TX,false
All American Pet Resorts Dallas,,https://www.indoordogpark.org/parks/all-american-pet-resorts-dallas,https://www.allamericanpetresorts.com/dallas/?utm_source=GMB&utm_medium=organic&utm_campaign=dallas,(469) 654-4907,Dallas,TX,false
The Dallas Dog Palace,,https://www.indoordogpark.org/parks/the-dallas-dog-palace,http://www.dallasdogpalace.com/,(469) 547-1957,Dallas,TX,false
Dallas Pet Sitting,,https://www.indoordogpark.org/parks/dallas-pet-sitting,https://instagram.com/dallaspetsitting?igshid=MWZjMTM2ODFkZg==,(214) 205-5389,Dallas,TX,false
Doggy Bizz,,https://www.indoordogpark.org/parks/doggy-bizz,http://www.doggybizz.com/,(214) 881-7929,Dallas,TX,false
Barking Hound Village Central,,https://www.indoordogpark.org/parks/barking-hound-village-central,https://www.bhvtexas.com/,(469) 941-4242,Dallas,TX,false
VIP Dog Hotel,,https://www.indoordogpark.org/parks/vip-dog-hotel,http://www.vipdoghotel.com/,(469) 954-7444,Dallas,TX,false
"Happy Tails Dog Daycare, Boarding, Grooming",,https://www.indoordogpark.org/parks/happy-tails-dog-daycare-boarding-grooming,https://www.facebook.com/happytailsdallastx/,(214) 766-2072,Dallas,TX,false
Barking Hound Village - Dallas,,https://www.indoordogpark.org/parks/barking-hound-village-dallas,https://www.bhvtexas.com/,(214) 350-8811,Dallas,TX,false
Abbie's Dog House on Maple,,https://www.indoordogpark.org/parks/abbie-s-dog-house-on-maple,https://www.abbiesdoghouse.com/,(214) 812-9552,Dallas,TX,false
Yardstick Dog Hotel - Design District,,https://www.indoordogpark.org/parks/yardstick-dog-hotel-design-district,https://yardstick.dog/dallas/design-district?UTM_source=GMB_listing&UTM_medium=organic,(214) 764-2748,Dallas,TX,false
Canine Republic,,https://www.indoordogpark.org/parks/canine-republic,http://www.canine-republic.com/,(972) 335-0093,Plano,TX,false
Pierre's Dog House,,https://www.indoordogpark.org/parks/pierre-s-dog-house,https://www.pierresdoghouse.com/,(972) 913-4221,Dallas,TX,false
Wag Hotels - Richardson,,https://www.indoordogpark.org/parks/wag-hotels-richardson,https://www.waghotels.com/richardson/,(888) 924-5463,Richardson,TX,false
Yardstick Dog Hotel - Lakewood,,https://www.indoordogpark.org/parks/yardstick-dog-hotel-lakewood,https://yardstick.dog/dallas/lakewood?UTM_source=GMB_listing&UTM_medium=organic,(214) 764-2761,Dallas,TX,false
Perrodise Dog Hotel,,https://www.indoordogpark.org/parks/perrodise-dog-hotel,https://www.perrodisedoghotel.com/,(945) 353-0507,Dallas,TX,false
Wag Hotels - DFW,,https://www.indoordogpark.org/parks/wag-hotels-dfw,https://www.waghotels.com/dallas-fort-worth/,(888) 924-5463,DFW Airport,TX,false
All Dogs Unleashed Dog Training Dallas,,https://www.indoordogpark.org/parks/all-dogs-unleashed-dog-training-dallas,https://www.alldogsunleashed.com/?utm_source=GMBlistingErvay&utm_medium=organic,(214) 807-1462,Dallas,TX,false
K-9 Culture Dog Training / Boarding / Grooming,,https://www.indoordogpark.org/parks/k-9-culture-dog-training-boarding-grooming,https://www.k-9culture.com/dallas-obedience-training-2,(972) 245-1587,Carrollton,TX,false
Sit Means Sit Dog Training,,https://www.indoordogpark.org/parks/sit-means-sit-dog-training,https://sitmeanssit.com/dog-training-mu/san-antonio-dog-training/?utm_source=google&utm_medium=gmb&utm_campaign=google_listing,(210) 414-2788,San Antonio,TX,false
Tip Top K9 Carrollton Dog Training,,https://www.indoordogpark.org/parks/tip-top-k9-carrollton-dog-training,https://tiptopk9.com/our-locations/carrollton-dog-training/?utm_source=gbp&utm_medium=organic&utm_campaign=carrollton-gbp,(469) 390-0800,Carrollton,TX,false
Off Leash K9 Training Texas,,https://www.indoordogpark.org/parks/off-leash-k9-training-texas,http://www.dallastxdogtrainers.com/,(972) 372-9225,Lewisville,TX,false
Starr Dog Behavior,,https://www.indoordogpark.org/parks/starr-dog-behavior,https://www.starrdogbehavior.com/,(972) 266-6577,Dallas,TX,false
Beyond the Dog - Dallas,,https://www.indoordogpark.org/parks/beyond-the-dog-dallas,https://beyondthedogtraining.com/dallas/dog-training/,(945) 269-0506,Dallas,TX,false
Tip Top K9 Plano Dog Training,,https://www.indoordogpark.org/parks/tip-top-k9-plano-dog-training,https://tiptopk9.com/our-locations/plano-dog-training/?utm_source=gbp&utm_medium=organic&utm_campaign=plano-gbp,(469) 596-7799,Plano,TX,false
Tip Top K9 Lewisville Dog Training,,https://www.indoordogpark.org/parks/tip-top-k9-lewisville-dog-training,https://tiptopk9.com/our-locations/lewisville-dog-training?utm_source=gbp&utm_medium=organic&utm_campaign=lewisville-gbp,(469) 390-0800,Lewisville,TX,false
Park Cities Obedience School,,https://www.indoordogpark.org/parks/park-cities-obedience-school,http://www.parkcitiesobedienceschool.com/,(214) 369-7267,Dallas,TX,false
K-9 University,,https://www.indoordogpark.org/parks/k-9-university,https://www.k-9.com/,(972) 530-7077,Garland,TX,false
Dog Training Club of Dallas County,,https://www.indoordogpark.org/parks/dog-training-club-of-dallas-county,http://www.dallasdogtraining.org/,(972) 780-7698,Duncanville,TX,false
Tip Top K9 Dallas Dog Training,,https://www.indoordogpark.org/parks/tip-top-k9-dallas-dog-training,https://tiptopk9.com/our-locations/dallas-dog-training/?utm_source=gbp&utm_medium=organic&utm_campaign=dallas-gbp,(945) 205-2872,Dallas,TX,false
All FUR Fun Training and Event Center,,https://www.indoordogpark.org/parks/all-fur-fun-training-and-event-center,http://allfurfundog.com/,(214) 257-8159,Addison,TX,false
All Dogs Unleashed Dog Training Frisco,,https://www.indoordogpark.org/parks/all-dogs-unleashed-dog-training-frisco,https://www.alldogsunleashed.com/dog-training-frisco-tx/?utm_source=GMBlistingFrisco&utm_medium=organic,(972) 573-1715,Frisco,TX,false
Dallas Agility Working Group,,https://www.indoordogpark.org/parks/dallas-agility-working-group,http://www.dawgagility.org/,,Wylie,TX,false
Cosmic Canine,,https://www.indoordogpark.org/parks/cosmic-canine,https://www.cosmiccanine.com/,(972) 596-5976,Plano,TX,false
Urban Dogg Pet Grooming,,https://www.indoordogpark.org/parks/urban-dogg-pet-grooming,http://www.urbandogg.com/,(214) 826-3644,Dallas,TX,false
White Rock Pet Grooming,,https://www.indoordogpark.org/parks/white-rock-pet-grooming,http://whiterockpetgrooming.com/,(214) 400-8405,Dallas,TX,false
Poochies Mobile Pet Grooming,,https://www.indoordogpark.org/parks/poochies-mobile-pet-grooming,http://poochiesdallas.com/,(469) 652-7911,Farmers Branch,TX,false
Bruno's Place DIY Dog Wash (self-serve only) NOT A GROOMER,,https://www.indoordogpark.org/parks/bruno-s-place-diy-dog-wash-self-serve-only-not-a-groomer,https://www.facebook.com/BrunosPlaceDIYDogWash/,(469) 644-7164,Dallas,TX,false
The Pet Stylist on Lovers Lane,,https://www.indoordogpark.org/parks/the-pet-stylist-on-lovers-lane,http://thepetstylistdallas.com/,(214) 399-9090,Dallas,TX,false
The Paw Spa,,https://www.indoordogpark.org/parks/the-paw-spa,https://pawspadallas.com/,(972) 884-5778,Dallas,TX,false
petbar Boutique - Lakewood,,https://www.indoordogpark.org/parks/petbar-boutique-lakewood,https://www.petbarinc.com/locations/dallas-lakewood/,(214) 730-0063,Dallas,TX,false
Furry Tails,,https://www.indoordogpark.org/parks/furry-tails,http://www.furrytailstx.com/,(469) 995-1002,Dallas,TX,false
The Pooch Patio,,https://www.indoordogpark.org/parks/the-pooch-patio,http://www.thepoochpatio.com/,(214) 252-1550,Dallas,TX,false
Billi Bonze,,https://www.indoordogpark.org/parks/billi-bonze,http://www.billibonze.com/,(214) 350-2963,Dallas,TX,false
Fluffy Pet Grooming,,https://www.indoordogpark.org/parks/fluffy-pet-grooming,https://www.fluffypetgrooming.com/,,Dallas,TX,false
Fire Plug Grooming,,https://www.indoordogpark.org/parks/fire-plug-grooming,,(972) 233-2336,Dallas,TX,false
Hollywood Feed,,https://www.indoordogpark.org/parks/hollywood-feed,https://locations.hollywoodfeed.com/texas/dallas/3425-knight-st/,(469) 372-2951,Dallas,TX,false
Wag'n Bone Dog Grooming & Day Care - The Village Dallas,,https://www.indoordogpark.org/parks/wag-n-bone-dog-grooming-day-care-the-village-dallas,https://www.thevillagedallas.com/wagn-bone/,(469) 659-6380,Dallas,TX,false
Dirty Dog Depot,,https://www.indoordogpark.org/parks/dirty-dog-depot,,(469) 335-6020,Dallas,TX,false
4Paws Grooming,,https://www.indoordogpark.org/parks/4paws-grooming,,(972) 982-0495,Dallas,TX,false
Parkhill Dog Park,,https://www.indoordogpark.org/parks/parkhill-dog-park,https://www.dallasparks.org/facilities/facility/details/parkhilldogpark-834,(214) 614-6711,Dallas,TX,false
Crockett Dog Park,,https://www.indoordogpark.org/parks/crockett-dog-park,https://www.dallasparks.org/facilities/facility/details/Crockett-Dog-Park-831,,Dallas,TX,false
Meadows Dog Park,,https://www.indoordogpark.org/parks/meadows-dog-park,https://www.mfi.org/wilson-district/dog-park,(214) 826-9431,Dallas,TX,false
Deep Ellum Lofts Dog Park,,https://www.indoordogpark.org/parks/deep-ellum-lofts-dog-park,,,Dallas,TX,false
Woof Tone Inn & Spa,,https://www.indoordogpark.org/parks/woof-tone-inn-spa,https://wooftoneinnspa.com/,(469) 620-1763,Dallas,TX,false
Work and Woof,,https://www.indoordogpark.org/parks/work-and-woof,http://www.workandwoofatx.com/,(512) 460-1488,Austin,TX,false
Domain Central Bark,,https://www.indoordogpark.org/parks/domain-central-bark,,,Austin,TX,false
The Watering Bowl,,https://www.indoordogpark.org/parks/the-watering-bowl,https://www.thewateringbowlatx.com/,(512) 330-4463,Austin,TX,false
Onion Creek Doggy Park,,https://www.indoordogpark.org/parks/onion-creek-doggy-park,,,Austin,TX,false
Dog House Drinkery & Dog Park,,https://www.indoordogpark.org/parks/dog-house-drinkery-dog-park,https://www.doghousedrinkery.com/,(512) 291-6664,Leander,TX,false
Zoom Room Dog Training,,https://www.indoordogpark.org/parks/zoom-room-dog-training,https://zoomroom.com/location/mckinney/,(469) 712-6659,McKinney,TX,false
Neighbors Dog Park & Cafe,,https://www.indoordogpark.org/parks/neighbors-dog-park-cafe,http://www.neighborsatx.com/,(512) 520-8666,Austin,TX,false
Red Bud Isle,,https://www.indoordogpark.org/parks/red-bud-isle,,(512) 974-6700,Austin,TX,false
Meraki Paws N Play Indoor Dog Park and Social Club,,https://www.indoordogpark.org/parks/meraki-paws-n-play-indoor-dog-park-and-social-club,https://www.merakipawsnplay.com/,(480) 284-9508,Phoenix,TX,false
MUTTS Canine Cantina® - Austin,,https://www.indoordogpark.org/parks/mutts-canine-cantina-austin,https://muttscantina.com/tx-austin/,(512) 399-6200,Austin,TX,false
Pups & Pals Pet Lounge,,https://www.indoordogpark.org/parks/pups-pals-pet-lounge,https://pupsandpalspetlounge.com/,(512) 897-8755,Austin,TX,false
Cedar Bark Park,,https://www.indoordogpark.org/parks/cedar-bark-park,https://www.cedarparktexas.gov/facilities/facility/details/cedarbarkpark-53,(512) 401-5500,Cedar Park,TX,false
Dogtopia of North Austin,,https://www.indoordogpark.org/parks/dogtopia-of-north-austin,https://www.dogtopia.com/austin-north/,(512) 333-1111,Austin,TX,false
Fossil Ridge Doggie Playcare,,https://www.indoordogpark.org/parks/fossil-ridge-doggie-playcare,http://www.fossilridgeatx.com/,(512) 609-8181,Austin,TX,false
WB MUD Dog Park,,https://www.indoordogpark.org/parks/wb-mud-dog-park,http://wellsbranchmud.com/parks-a-recreation/dog-area-1,(512) 251-9814,Austin,TX,false
Pickle’s Place Dog Park,,https://www.indoordogpark.org/parks/pickle-s-place-dog-park,https://www.facebook.com/share/g/fbntzP1uxBD3zCwE/,,Austin,TX,false
Dog Launch at Vic Mathias Shores,,https://www.indoordogpark.org/parks/dog-launch-at-vic-mathias-shores,,,Austin,TX,false
Round Rock Dog Depot,,https://www.indoordogpark.org/parks/round-rock-dog-depot,http://www.roundrocktexas.gov/dogpark,(512) 218-5540,Round Rock,TX,false
BHV Austin,,https://www.indoordogpark.org/parks/bhv-austin,http://bhvaustin.com/,(512) 477-3647,Austin,TX,false
The Tucker Bowhart Dog Park,,https://www.indoordogpark.org/parks/the-tucker-bowhart-dog-park,,,Austin,TX,false
Camp Bow Wow Austin,,https://www.indoordogpark.org/parks/camp-bow-wow-austin,https://www.campbowwow.com/austin/,(737) 258-9027,Austin,TX,false
Austin Dogtown Boarding & Daycare,,https://www.indoordogpark.org/parks/austin-dogtown-boarding-daycare,http://www.dogtownaustin.com/,(512) 535-4244,Austin,TX,false
Doggie Howser Pet Social Club,,https://www.indoordogpark.org/parks/doggie-howser-pet-social-club,https://www.doggie-howser.com/,(512) 518-5110,Austin,TX,false
Pups & Pals Pet Lounge - Oak Hill,,https://www.indoordogpark.org/parks/pups-pals-pet-lounge-oak-hill,http://pupsandpalspetlounge.com/,(512) 701-8097,Austin,TX,false
Jackie's Play & Stay,,https://www.indoordogpark.org/parks/jackie-s-play-stay,http://jackiesplayandstay.com/,(512) 524-2525,Austin,TX,false
Howl N Woof,,https://www.indoordogpark.org/parks/howl-n-woof,http://howlnwoof.com/,(512) 282-9663,Austin,TX,false
Jumping Jack Dog Ranch,,https://www.indoordogpark.org/parks/jumping-jack-dog-ranch,http://jumpingjackranch.com/,(512) 580-3617,Manchaca,TX,false
"Second Home Boarding, LLC",,https://www.indoordogpark.org/parks/second-home-boarding-llc,http://www.secondhomeboarding.com/,(512) 382-7206,Austin,TX,false
Austin Pet Ranch,,https://www.indoordogpark.org/parks/austin-pet-ranch,https://www.austinpetranch.com/,(512) 301-2279,Austin,TX,false
Taurus Academy Burnet,,https://www.indoordogpark.org/parks/taurus-academy-burnet,https://www.taurusacademy.com/locations/burnet?y_source=1_MTE2NjkwODMtNzE1LWxvY2F0aW9uLndlYnNpdGU%3D,(512) 961-6935,Austin,TX,false
My Love Fur Paws Pet Resort,,https://www.indoordogpark.org/parks/my-love-fur-paws-pet-resort,http://www.mylovefurpaws.com/,(512) 814-0193,Austin,TX,false
Bark & Zoom,,https://www.indoordogpark.org/parks/bark-zoom,http://barkandzoom.com/,(512) 817-2275,Del Valle,TX,false
Dogtopia of Crestview,,https://www.indoordogpark.org/parks/dogtopia-of-crestview,https://www.dogtopia.com/crestview/,(512) 580-4880,Austin,TX,false
Austin Pup Culture,,https://www.indoordogpark.org/parks/austin-pup-culture,http://www.austinpupculture.com/,(512) 524-0057,Austin,TX,false
Shady Acres Pet Ranch,,https://www.indoordogpark.org/parks/shady-acres-pet-ranch,http://www.shadyacrespetranch.com/,(512) 333-2673,Round Rock,TX,false
Bed & Biscuit Austin,,https://www.indoordogpark.org/parks/bed-biscuit-austin,https://www.bedandbiscuitaustin.com/?utm_source=local&utm_medium=organic&utm_campaign=GMB,(512) 343-0723,Austin,TX,false
Barking Springs Dog Ranch,,https://www.indoordogpark.org/parks/barking-springs-dog-ranch,http://www.barkingsprings.com/,(512) 444-9000,Del Valle,TX,false
The Bone Inn,,https://www.indoordogpark.org/parks/the-bone-inn,https://www.theboneinn.com/,(512) 350-2985,Austin,TX,false
SkyBlue Kennels,,https://www.indoordogpark.org/parks/skyblue-kennels,http://www.skybluekennelsatx.com/,(512) 928-2583,Austin,TX,false
Green Acres Pet Ranch,,https://www.indoordogpark.org/parks/green-acres-pet-ranch,https://www.greenacrespetranch.com/,(737) 345-3800,Austin,TX,false
The Acre: Dog Boarding and Daycare,,https://www.indoordogpark.org/parks/the-acre-dog-boarding-and-daycare,https://www.theacreatcrow.com/?utm_source=google&utm_medium=local&utm_campaign=gbp,(512) 979-9396,Austin,TX,false
East Lamar Boarding & Training Scool,,https://www.indoordogpark.org/parks/east-lamar-boarding-training-scool,http://eastlamar.com/,(512) 658-4952,Austin,TX,false
Barkingham Place - Dog Daycare and Boarding,,https://www.indoordogpark.org/parks/barkingham-place-dog-daycare-and-boarding,https://barkinghamplace.com/?utm_source=GMB&utm_medium=organic,(737) 373-4736,Austin,TX,false
D Pet Hotels Austin,,https://www.indoordogpark.org/parks/d-pet-hotels-austin,https://austin.dpethotels.com/?utm_source=GMBlisting&utm_medium=organic,(737) 339-8578,Austin,TX,false
Austins Pet Escape (Local Favorite),,https://www.indoordogpark.org/parks/austins-pet-escape-local-favorite,http://hyperboloid-badger-3n86.squarespace.com/,(413) 234-0028,Austin,TX,false
Happy Cat Hotel & Spa Austin North,,https://www.indoordogpark.org/parks/happy-cat-hotel-spa-austin-north,https://happycathotel.com/austintxnorth/,(512) 400-0603,Austin,TX,false
Upper Paw Urban Pet Resort,,https://www.indoordogpark.org/parks/upper-paw-urban-pet-resort,https://austinurbanvet.com/pet-resort/,(737) 703-8424,Austin,TX,false
Sit Means Sit Dog Training - Austin,,https://www.indoordogpark.org/parks/sit-means-sit-dog-training-austin,https://sitmeanssitaustin.com/?utm_source=google&utm_medium=gmb&utm_campaign=google_listing_austin,(512) 348-7833,Austin,TX,false
Sit Means Sit South Austin,,https://www.indoordogpark.org/parks/sit-means-sit-south-austin,https://sitmeanssitaustin.com/?utm_source=google&utm_medium=gmb&utm_campaign=google_listing_south_austin,(512) 348-7833,Austin,TX,false
Lucky Star Dog Training,,https://www.indoordogpark.org/parks/lucky-star-dog-training,http://www.luckystardogtraining.com/,(713) 419-8686,Austin,TX,false
Dog Training Elite Austin,,https://www.indoordogpark.org/parks/dog-training-elite-austin,https://dogtrainingelite.com/austin?location=austintx,(512) 762-5080,Austin,TX,false
Every Dog Behavior and Training,,https://www.indoordogpark.org/parks/every-dog-behavior-and-training,http://everydogaustin.org/,(512) 675-0444,Austin,TX,false
Zoom Room Dog Training,,https://www.indoordogpark.org/parks/zoom-room-dog-training,http://zoomroom.com/southatx,(737) 484-8989,Austin,TX,false
All Dogs Unleashed,,https://www.indoordogpark.org/parks/all-dogs-unleashed,http://www.alldogsunleashed.com/austin,(512) 963-6017,Austin,TX,false
K9 Kenny,,https://www.indoordogpark.org/parks/k9-kenny,http://www.k9kenny.net/,(512) 710-7636,Austin,TX,false
The Canine Center,,https://www.indoordogpark.org/parks/the-canine-center,http://morefunthandirt.com/,(512) 721-8496,Austin,TX,false
Traction Dog Training Club,,https://www.indoordogpark.org/parks/traction-dog-training-club,https://www.tractiondogtraining.com/,(720) 897-0623,Austin,TX,false
Austin Canine Central,,https://www.indoordogpark.org/parks/austin-canine-central,http://www.austincaninecentral.com/,(512) 458-8800,Austin,TX,false
The Naked Dog,,https://www.indoordogpark.org/parks/the-naked-dog,http://thenakeddogtraining.com/,(512) 887-8172,Austin,TX,false
South Austin Dog Center,,https://www.indoordogpark.org/parks/south-austin-dog-center,http://www.atxdogtrainer.com/,,Austin,TX,false
Beyond the Dog - Austin,,https://www.indoordogpark.org/parks/beyond-the-dog-austin,https://beyondthedogtraining.com/austin/dog-training/,(512) 962-9238,Austin,TX,false
All Dogs Unleashed Dog Training,,https://www.indoordogpark.org/parks/all-dogs-unleashed-dog-training,https://www.alldogsunleashed.com/austin/,(512) 660-1120,Austin,TX,false
Hearts and Paws,,https://www.indoordogpark.org/parks/hearts-and-paws,http://www.heartsandpaws.com/,(512) 249-7255,Austin,TX,false
Precision K9 Work - Austin Dog Training,,https://www.indoordogpark.org/parks/precision-k9-work-austin-dog-training,https://precisionk9work.com/,(512) 927-9443,Leander,TX,false
Dog Alliance Training Center,,https://www.indoordogpark.org/parks/dog-alliance-training-center,http://www.thedogalliance.org/,(512) 335-7100,Cedar Park,TX,false
"K9 Workingmind, Training by Tara LLC",,https://www.indoordogpark.org/parks/k9-workingmind-training-by-tara-llc,https://www.k9workingmind.net/,(512) 402-4229,Austin,TX,false
Lucky Dog Grooming,,https://www.indoordogpark.org/parks/lucky-dog-grooming,,(512) 331-7222,Austin,TX,false
Reese's Luxury Mobile Grooming,,https://www.indoordogpark.org/parks/reese-s-luxury-mobile-grooming,https://www.reesespetsitting.com/,(512) 529-8203,Austin,TX,false
Bravado Dog Grooming,,https://www.indoordogpark.org/parks/bravado-dog-grooming,http://www.bravadodoggrooming.com/,(512) 769-8898,Austin,TX,false
"Lobo Austin, LLC",,https://www.indoordogpark.org/parks/lobo-austin-llc,http://www.lobo.pet/,(512) 316-6800,Austin,TX,false
Barkin' Creek Dog Kitchen & Bath - Lamar,,https://www.indoordogpark.org/parks/barkin-creek-dog-kitchen-bath-lamar,https://barkincreek.com/?utm_source=gmb&utm_medium=organic,(512) 982-6700,Austin,TX,false
Fluff ‘n’ Buff Dog Grooming,,https://www.indoordogpark.org/parks/fluff-n-buff-dog-grooming,https://booking.moego.pet/ol/landing?name=FluffnBuffDogGrooming,(512) 730-0571,Austin,TX,false
As the Fur Flies,,https://www.indoordogpark.org/parks/as-the-fur-flies,http://www.asthefurfliesaustin.com/,(512) 502-5112,Austin,TX,false
Woof Gang Bakery & Grooming Austin,,https://www.indoordogpark.org/parks/woof-gang-bakery-grooming-austin,http://woofgangbakery.com/,(512) 391-9663,Austin,TX,false
Austin Pet Stylist,,https://www.indoordogpark.org/parks/austin-pet-stylist,http://austinpetstylist.com/,(512) 200-4229,Austin,TX,false
West End Grooming,,https://www.indoordogpark.org/parks/west-end-grooming,http://www.westendgrooming.com/,(512) 451-5005,Austin,TX,false
Woof Gang Bakery & Grooming Mueller,,https://www.indoordogpark.org/parks/woof-gang-bakery-grooming-mueller,http://woofgangmueller.com/,(512) 953-8480,Austin,TX,false
"Furry Land Austin, TX",,https://www.indoordogpark.org/parks/furry-land-austin-tx,https://furryland.us/locations/austin-mobile-pet-groomers/,(737) 249-6299,Round Rock,TX,false
Barklee's Pet Salon Austin (formerly Sydnees) Same Owners! Same Team!,,https://www.indoordogpark.org/parks/barklee-s-pet-salon-austin-formerly-sydnees-same-owners-same-team,https://barkleespetsalon.com/,(737) 300-1001,Austin,TX,false
Groomingdale's of Austin,,https://www.indoordogpark.org/parks/groomingdale-s-of-austin,http://www.groomingdalesofaustin.com/,(512) 524-1484,Austin,TX,false
Barkin' Creek Dog Kitchen & Bath - Zilker,,https://www.indoordogpark.org/parks/barkin-creek-dog-kitchen-bath-zilker,https://barkincreek.com/?utm_source=gmb&utm_medium=organic,(512) 592-3100,Austin,TX,false
Mod Mutt Salon,,https://www.indoordogpark.org/parks/mod-mutt-salon,http://www.modmuttsalon.com/,(512) 436-8398,Austin,TX,false
Hair o' the Dog Pet Salon,,https://www.indoordogpark.org/parks/hair-o-the-dog-pet-salon,http://www.hairothedogsalon.com/,(512) 851-1745,Austin,TX,false
Dog grooming - Doggy love,,https://www.indoordogpark.org/parks/dog-grooming-doggy-love,https://doggylovegrooming.com/bookmenow/,(512) 569-6011,Austin,TX,false
Laura's Doggie Doo's,,https://www.indoordogpark.org/parks/laura-s-doggie-doo-s,http://www.laurasdoggiedoos.com/,(512) 497-3966,Austin,TX,false
Paws on Chicon,,https://www.indoordogpark.org/parks/paws-on-chicon,http://www.pawsonchicon.com/,(512) 906-0013,Austin,TX,false
Riley's Ranch Pet Resort,,https://www.indoordogpark.org/parks/riley-s-ranch-pet-resort,http://www.rileysranchpetresort.com/,(512) 559-6257,Austin,TX,false
Remington Pet Ranch,,https://www.indoordogpark.org/parks/remington-pet-ranch,https://www.remingtonpetranch.com/?utm_source=googlemb&utm_medium=organic&utm_campaign=weblink&utm_content=home,(512) 717-6797,Buda,TX,false
Happy Tails Pet Resort,,https://www.indoordogpark.org/parks/happy-tails-pet-resort,https://www.happytailspetresorttx.com/?y_source=1_Mjc2NjMyNDItNzE1LWxvY2F0aW9uLndlYnNpdGU%3D,(512) 764-6145,Cedar Park,TX,false
Hill Country Pet Boarding,,https://www.indoordogpark.org/parks/hill-country-pet-boarding,https://www.hillcountryhedgehogsandpetboarding.com/,(512) 755-7039,Spicewood,TX,false
Traction K9 Kennels,,https://www.indoordogpark.org/parks/traction-k9-kennels,https://tractionk9.com/,(512) 596-0555,Austin,TX,false
Dog Park Blue,,https://www.indoordogpark.org/parks/dog-park-blue,,,Austin,TX,false
Dog Park/Play area,,https://www.indoordogpark.org/parks/dog-park-play-area,,,Austin,TX,false
Norwood Estate Dog Park on E. Riverside,,https://www.indoordogpark.org/parks/norwood-estate-dog-park-on-e-riverside,,,Austin,TX,false
Auditorium Shores Dog Park,,https://www.indoordogpark.org/parks/auditorium-shores-dog-park,,,Austin,TX,false
Hancock Dog Park,,https://www.indoordogpark.org/parks/hancock-dog-park,,,Austin,TX,false
Great Northern Dog Park,,https://www.indoordogpark.org/parks/great-northern-dog-park,https://www.austintexas.gov/department/leash-areas,,Austin,TX,false
Dog Barton Springs,,https://www.indoordogpark.org/parks/dog-barton-springs,https://www.austintexas.gov/department/dog-parks,,Austin,TX,false
Dogtopia of South Austin,,https://www.indoordogpark.org/parks/dogtopia-of-south-austin,https://www.dogtopia.com/austin-south/,(512) 692-4747,Austin,TX,false
Woodlawn Lake Dog Park,,https://www.indoordogpark.org/parks/woodlawn-lake-dog-park,https://www.sanantonio.gov/ParksAndRec/Parks-Facilities/All-Parks-Facilities/Parks-Facilities-Details/ArtMID/14820/ArticleID/2456/Park/262,(210) 207-7275,San Antonio,TX,false
Paw Park at The Greenline,,https://www.indoordogpark.org/parks/paw-park-at-the-greenline,https://livebrooks.com/the-greenline/,,San Antonio,TX,false
The Dog Co. Icehouse,,https://www.indoordogpark.org/parks/the-dog-co-icehouse,https://www.texasdog.co/,(210) 445-8304,San Antonio,TX,false
Fox Dog Park,,https://www.indoordogpark.org/parks/fox-dog-park,,,San Antonio,TX,false
Madison Square Dog Park,,https://www.indoordogpark.org/parks/madison-square-dog-park,,,San Antonio,TX,false
Blanco Road Dog Park in Phil Hardberger Park,,https://www.indoordogpark.org/parks/blanco-road-dog-park-in-phil-hardberger-park,https://www.philhardbergerpark.org/dog-parks,,San Antonio,TX,false
Puppy Playland Dog Park,,https://www.indoordogpark.org/parks/puppy-playland-dog-park,https://newbraunfels.gov/facilities/facility/details/Puppy-Playland-Dog-Park-31,(830) 221-4350,New Braunfels,TX,false
Maverick Dog Park,,https://www.indoordogpark.org/parks/maverick-dog-park,http://sanantonio.gov/,,San Antonio,TX,false
Coyote Dog Park,,https://www.indoordogpark.org/parks/coyote-dog-park,https://www.bexar.org/3675/Coyote-Park-at-La-Cantera,,San Antonio,TX,false
Olmos Park Dog Park,,https://www.indoordogpark.org/parks/olmos-park-dog-park,,,San Antonio,TX,false
Pearsall Dog Park,,https://www.indoordogpark.org/parks/pearsall-dog-park,https://www.sanantonio.gov/ParksAndRec/Parks-Facilities/All-Parks-Facilities/Parks-Facilities-Details/ArtMID/14820/ArticleID/2528/Pearsall-Park,,San Antonio,TX,false
Dogtopia of San Antonio - Alamo Heights,,https://www.indoordogpark.org/parks/dogtopia-of-san-antonio-alamo-heights,https://www.dogtopia.com/sanantonio-alamoheights/,(210) 920-9090,San Antonio,TX,false
Hardberger Park - Dog Park (West),,https://www.indoordogpark.org/parks/hardberger-park-dog-park-west,,,San Antonio,TX,false
McAllister Dog Park,,https://www.indoordogpark.org/parks/mcallister-dog-park,https://www.sanantonio.gov/ParksAndRec/Parks-Facilities/All-Parks-Facilities/Parks-Facilities-Details/ArtMID/14820/ArticleID/2578/McAllister-Park,(210) 207-7275,San Antonio,TX,false
Phil Hardberger Park - Dog park,,https://www.indoordogpark.org/parks/phil-hardberger-park-dog-park,,,San Antonio,TX,false
Tom Slick Park,,https://www.indoordogpark.org/parks/tom-slick-park,http://www.sanantonio.gov/ParksAndRec/Parks-Facilities/All-Parks-Facilities/Parks-Facilities-Details/ArtMID/14820/ArticleID/2493/Slick-Park,(210) 207-7275,San Antonio,TX,false
Lady Bird Johnson Dog Park,,https://www.indoordogpark.org/parks/lady-bird-johnson-dog-park,,,San Antonio,TX,false
Aina Blake Dog Park,,https://www.indoordogpark.org/parks/aina-blake-dog-park,http://www.universalcitytexas.com/563/Parks-and-Recreation,(210) 658-5364,Universal City,TX,false
Panther Springs Dog Park,,https://www.indoordogpark.org/parks/panther-springs-dog-park,http://www.sanantonio.gov/ParksAndRec/Parks-Facilities/All-Parks-Facilities/Parks-Facilities-Details/ArtMID/14820/ArticleID/2530/Panther-Springs-Park?Park=186&Facility=,(210) 207-8480,San Antonio,TX,false
Good Dog Boarding & Walks,,https://www.indoordogpark.org/parks/good-dog-boarding-walks,http://www.gooddogatpearl.com/,(210) 600-3302,San Antonio,TX,false
Lucy's Doggy Daycare and Spa,,https://www.indoordogpark.org/parks/lucy-s-doggy-daycare-and-spa,https://lucysdoggydaycare.com/,(210) 495-3647,San Antonio,TX,false
Lucy's Doggy Daycare and Spa,,https://www.indoordogpark.org/parks/lucy-s-doggy-daycare-and-spa,http://www.lucysdoggydaycare.com/,(210) 495-3647,San Antonio,TX,false
Camp Bow Wow San Antonio Northwest,,https://www.indoordogpark.org/parks/camp-bow-wow-san-antonio-northwest,https://www.campbowwow.com/san-antonio-northwest/,(726) 227-3876,San Antonio,TX,false
Camp Bow Wow San Antonio Airport,,https://www.indoordogpark.org/parks/camp-bow-wow-san-antonio-airport,https://www.campbowwow.com/san-antonio-airport/,(210) 759-4435,San Antonio,TX,false
Tail Waggerz Day Care and Boarding,,https://www.indoordogpark.org/parks/tail-waggerz-day-care-and-boarding,http://tailwaggerzsa.com/,(210) 647-7760,San Antonio,TX,false
Lucy's Doggy Daycare and Spa,,https://www.indoordogpark.org/parks/lucy-s-doggy-daycare-and-spa,https://lucysdoggydaycare.com/,(210) 495-3647,San Antonio,TX,false
Dog Days San Antonio,,https://www.indoordogpark.org/parks/dog-days-san-antonio,https://www.dogdayssa.com/,(210) 236-7111,San Antonio,TX,false
The Pets Inn,,https://www.indoordogpark.org/parks/the-pets-inn,http://www.thepetsinnsa.com/,(210) 971-6033,San Antonio,TX,false
Tails Are Wagging,,https://www.indoordogpark.org/parks/tails-are-wagging,http://www.tailsarewaggingtx.com/,(210) 403-3647,San Antonio,TX,false
Pinky's Pet Resort,,https://www.indoordogpark.org/parks/pinky-s-pet-resort,http://www.pinkyspetresort.com/,(830) 212-1703,San Antonio,TX,false
Puppy Power Dog Resort,,https://www.indoordogpark.org/parks/puppy-power-dog-resort,http://www.puppypowerunleashed.com/,(210) 320-2293,San Antonio,TX,false
Camp Bow Wow Stone Oak,,https://www.indoordogpark.org/parks/camp-bow-wow-stone-oak,https://www.campbowwow.com/stone-oak/,(210) 759-4525,San Antonio,TX,false
PetSuites San Antonio Airport,,https://www.indoordogpark.org/parks/petsuites-san-antonio-airport,https://sanantonioairport.petsuitesofamerica.com/?utm_source=gmb&utm_medium=organic&y_source=1_MTE2NjkwNzctNzE1LWxvY2F0aW9uLndlYnNpdGU%3D,(210) 888-9470,San Antonio,TX,false
Home Away From Home Kennels,,https://www.indoordogpark.org/parks/home-away-from-home-kennels,http://hafhkennels.com/,(210) 509-4663,San Antonio,TX,false
Sunny Oaks Pet Resort,,https://www.indoordogpark.org/parks/sunny-oaks-pet-resort,http://www.sunnyoakspetresort.com/,(830) 443-4507,Boerne,TX,false
Dogtopia of San Antonio - Northwest,,https://www.indoordogpark.org/parks/dogtopia-of-san-antonio-northwest,https://www.dogtopia.com/sanantonio-northwest/,(210) 964-0555,San Antonio,TX,false
Bluebonnet Bunk'n Biscuit,,https://www.indoordogpark.org/parks/bluebonnet-bunk-n-biscuit,https://mybunknbiscuit.com/?utm_source=gmb&utm_medium=Yext&cp=2107501297&y_source=1_MjkxNzQyMDktNzE1LWxvY2F0aW9uLndlYnNpdGU%3D,(210) 750-1297,Selma,TX,false
Barkaritaville Pet Resort,,https://www.indoordogpark.org/parks/barkaritaville-pet-resort,https://www.barkaritavillepetresort.com/?utm_source=google&utm_medium=gmb&utm_campaign=google_my_business,(210) 405-2275,San Antonio,TX,false
Pup Pup & Away,,https://www.indoordogpark.org/parks/pup-pup-away,https://puppupandawaysa.com/,(210) 899-1688,San Antonio,TX,false
Cowboy Kennels,,https://www.indoordogpark.org/parks/cowboy-kennels,http://www.cowboykennels.com/,(210) 822-1166,Olmos Park,TX,false
PetSuites Westover Hills,,https://www.indoordogpark.org/parks/petsuites-westover-hills,https://westoverhills.petsuitesofamerica.com/?utm_source=gmb&utm_medium=organic&y_source=1_MjMwNDE4MzktNzE1LWxvY2F0aW9uLndlYnNpdGU%3D,(726) 400-9079,San Antonio,TX,false
Hoff's Hounds,,https://www.indoordogpark.org/parks/hoff-s-hounds,https://www.hoffshounds.com/,(210) 455-7222,San Antonio,TX,false
Metro Pup SA Dog Walking & Pet Sitting,,https://www.indoordogpark.org/parks/metro-pup-sa-dog-walking-pet-sitting,http://www.metropupsa.com/,(210) 906-7409,San Antonio,TX,false
The Palms Pet Resort & Spa,,https://www.indoordogpark.org/parks/the-palms-pet-resort-spa,https://www.thepalmspetresort.com/,(210) 695-1166,Helotes,TX,false
"NEST Pet Retreat, Playcare and Spa",,https://www.indoordogpark.org/parks/nest-pet-retreat-playcare-and-spa,https://www.northernoaksvet.com/locations/nest-pet-retreat-playcare-spa,(210) 898-8488,San Antonio,TX,false
Rob Cary Pet Resort,,https://www.indoordogpark.org/parks/rob-cary-pet-resort,https://robcary.com/,(210) 255-3366,San Antonio,TX,false
Pet Paradise Stone Oak,,https://www.indoordogpark.org/parks/pet-paradise-stone-oak,https://www.petparadise.com/stone-oak.htm,(210) 982-3445,San Antonio,TX,false
Pawderosa Ranch,,https://www.indoordogpark.org/parks/pawderosa-ranch,https://pawderosaranch.com/,(210) 404-9941,San Antonio,TX,false
All Dogs Unleashed Dog Training San Antonio,,https://www.indoordogpark.org/parks/all-dogs-unleashed-dog-training-san-antonio,http://www.alldogsunleashed.com/sanantonio,(210) 880-5597,San Antonio,TX,false
Alamo City Dog Trainers,,https://www.indoordogpark.org/parks/alamo-city-dog-trainers,http://www.alamocitydogtrainers.com/,(210) 679-1495,San Antonio,TX,false
"Off Leash K9 Training, LLC",,https://www.indoordogpark.org/parks/off-leash-k9-training-llc,http://sanantoniodogtrainers.com/,(210) 361-3370,San Antonio,TX,false
Dog Training Elite San Antonio,,https://www.indoordogpark.org/parks/dog-training-elite-san-antonio,https://dogtrainingelite.com/san-antonio,(210) 723-5288,San Antonio,TX,false
Camp Lucky Board and Train (San Antonio TX),,https://www.indoordogpark.org/parks/camp-lucky-board-and-train-san-antonio-tx,https://campluckytraining.com/san-antonio/,(210) 764-9003,San Antonio,TX,false
All Around K9 Training,,https://www.indoordogpark.org/parks/all-around-k9-training,https://aak9.dog/,,San Antonio,TX,false
"Alamo Dog Obedience Club, Inc",,https://www.indoordogpark.org/parks/alamo-dog-obedience-club-inc,http://www.alamodogobedienceclub.org/,(210) 504-6554,San Antonio,TX,false
JIREH K9 Training Academy,,https://www.indoordogpark.org/parks/jireh-k9-training-academy,https://www.jirehk9.com/,(210) 379-1396,San Antonio,TX,false
Patriot Dog Training,,https://www.indoordogpark.org/parks/patriot-dog-training,https://patriotdogtraining.com/,(830) 229-7141,Bulverde,TX,false
Top Dog Training Center,,https://www.indoordogpark.org/parks/top-dog-training-center,http://www.topdogtrainingcenter.org/,(210) 709-9141,Helotes,TX,false
Arfordable Dog Training,,https://www.indoordogpark.org/parks/arfordable-dog-training,http://www.arfordabledogtraining.com/,(210) 418-1440,Converse,TX,false
Sit Means Sit Cibolo,,https://www.indoordogpark.org/parks/sit-means-sit-cibolo,https://sitmeanssit.com/dog-training-mu/san-antonio-dog-training/?utm_source=google&utm_medium=gmb&utm_campaign=google_listing,(830) 423-5030,Marion,TX,false
Lone Star State K9 LLC,,https://www.indoordogpark.org/parks/lone-star-state-k9-llc,http://lssk9.com/,(210) 761-7724,Devine,TX,false
Beautiful Bond Dog Training,,https://www.indoordogpark.org/parks/beautiful-bond-dog-training,https://www.beautifulbonddogtrainingsanantonio.com/,(512) 271-7875,San Antonio,TX,false
San Antonio Dog Training Club,,https://www.indoordogpark.org/parks/san-antonio-dog-training-club,https://sadtc.org/,(210) 738-1030,San Antonio,TX,false
TP's Dog Training of San Antonio,,https://www.indoordogpark.org/parks/tp-s-dog-training-of-san-antonio,https://www.tpdogtraining.com/,(210) 995-0269,San Antonio,TX,false
Euro Dog Center,,https://www.indoordogpark.org/parks/euro-dog-center,http://www.alamodogobedienceclub.org/,(210) 504-6554,San Antonio,TX,false
Kevlar K9 Academy,,https://www.indoordogpark.org/parks/kevlar-k9-academy,https://www.kevlark9academy.com/?utm_source=google&utm_medium=wix_google_business_profile&utm_campaign=2375584905944277125,(830) 369-2406,San Antonio,TX,false
Planet Pet Spa,,https://www.indoordogpark.org/parks/planet-pet-spa,http://planetpetspa.com/,(210) 251-2401,San Antonio,TX,false
Glam Pet Groom,,https://www.indoordogpark.org/parks/glam-pet-groom,https://glampetgroom.com/,(210) 617-8808,San Antonio,TX,false
Trendy Pets Grooming Salon,,https://www.indoordogpark.org/parks/trendy-pets-grooming-salon,http://trendypetsgrooming.com/,(210) 437-1780,San Antonio,TX,false
Michelle's Pet Salon,,https://www.indoordogpark.org/parks/michelle-s-pet-salon,http://www.michellespetsalon.com/,(210) 923-9141,San Antonio,TX,false
iPaw Pet Salons (Evans Rd.),,https://www.indoordogpark.org/parks/ipaw-pet-salons-evans-rd,https://ipawpetcorporation.com/,(210) 495-1010,San Antonio,TX,false
Groom & Bloom Pet Grooming,,https://www.indoordogpark.org/parks/groom-bloom-pet-grooming,https://groomandbloomtx.com/,(210) 608-3716,San Antonio,TX,false
Grand Central Pet Grooming,,https://www.indoordogpark.org/parks/grand-central-pet-grooming,https://grandcentralpetgrooming.com/,(210) 560-2411,San Antonio,TX,false
Le Paw Spa Professional Grooming Salon,,https://www.indoordogpark.org/parks/le-paw-spa-professional-grooming-salon,,(210) 455-9006,San Antonio,TX,false
Pet Bath & Beyond,,https://www.indoordogpark.org/parks/pet-bath-beyond,https://petbathandbeyond.com/,(210) 738-2284,San Antonio,TX,false
Lucky Dog Pet Retreat & Spa,,https://www.indoordogpark.org/parks/lucky-dog-pet-retreat-spa,https://www.myluckydogspa.com/,(210) 592-7648,San Antonio,TX,false
Helga's Pet Grooming Plus,,https://www.indoordogpark.org/parks/helga-s-pet-grooming-plus,,(210) 256-9906,San Antonio,TX,false
For The Love Of Dogs Pet Boutique & Grooming,,https://www.indoordogpark.org/parks/for-the-love-of-dogs-pet-boutique-grooming,https://linktr.ee/ForTheLoveOfDogsTx,(210) 265-3611,San Antonio,TX,false
Woof Gang Bakery & Grooming Alamo Heights,,https://www.indoordogpark.org/parks/woof-gang-bakery-grooming-alamo-heights,https://www.woofgangbakery.com/alamoheights?utm_source=google&utm_medium=gmb,(210) 822-9663,San Antonio,TX,false
Woof Gang Bakery & Grooming San Antonio,,https://www.indoordogpark.org/parks/woof-gang-bakery-grooming-san-antonio,http://woofgangbakery.com/sanantonio,(210) 492-2275,San Antonio,TX,false
Kontota of NW San Antonio,,https://www.indoordogpark.org/parks/kontota-of-nw-san-antonio,https://kontota.com/mobile-dog-grooming-san-antonio-tx/,(210) 350-3110,San Antonio,TX,false
Lucky Dog Wash House,,https://www.indoordogpark.org/parks/lucky-dog-wash-house,,(210) 474-6252,San Antonio,TX,false
Erta's Pet Grooming,,https://www.indoordogpark.org/parks/erta-s-pet-grooming,https://groomer.io/schedule/ertas,(210) 236-5179,San Antonio,TX,false
Dee's Grooming,,https://www.indoordogpark.org/parks/dee-s-grooming,https://m.yelp.com/biz/dees-grooming-san-antonio,(210) 341-3694,San Antonio,TX,false
Graceful Pet Grooming,,https://www.indoordogpark.org/parks/graceful-pet-grooming,http://gracefulpetgrooming.com/about-us/,(210) 635-0030,San Antonio,TX,false
Hill Country Pet Ranch,,https://www.indoordogpark.org/parks/hill-country-pet-ranch,https://www.hillcountrypetranch.com/?utm_source=googlemb&utm_medium=organic&utm_campaign=weblink&utm_content=home,(830) 229-5425,Boerne,TX,false
Red Barn Pet Ranch,,https://www.indoordogpark.org/parks/red-barn-pet-ranch,https://www.redbarnpetranch.com/,(210) 464-0160,Bulverde,TX,false
Kara’s K9 Retreat Daycare Boarding and Grooming,,https://www.indoordogpark.org/parks/kara-s-k9-retreat-daycare-boarding-and-grooming,http://www.karask9retreat.com/,(210) 822-3647,San Antonio,TX,false
Hops & Hounds,,https://www.indoordogpark.org/parks/hops-hounds,http://hopsandhoundsllc.com/,(210) 259-8221,San Antonio,TX,false
Lady Bird Johnson Park,,https://www.indoordogpark.org/parks/lady-bird-johnson-park,http://www.sanantonio.gov/ParksAndRec/Parks-Facilities/All-Parks-Facilities/Parks-Facilities-Details/ArtMID/14820/ArticleID/2607/Park/119,(210) 599-0122,San Antonio,TX,false
Southside Lions Dog Park,,https://www.indoordogpark.org/parks/southside-lions-dog-park,,,San Antonio,TX,false
"Cozy Casita de Pets - Boarding,Daycare, and Training",,https://www.indoordogpark.org/parks/cozy-casita-de-pets-boarding-daycare-and-training,https://cozycasitadepets.com/,(210) 578-9275,San Antonio,TX,false
Ft. Woof Dog Park,,https://www.indoordogpark.org/parks/ft-woof-dog-park,http://www.fortwoof.org/,(972) 941-2275,Fort Worth,TX,false
Dogtopia of Fort Worth - Downtown,,https://www.indoordogpark.org/parks/dogtopia-of-fort-worth-downtown,https://www.dogtopia.com/texas-fortworth-downtown/,(817) 989-9680,Fort Worth,TX,false
Ruff Resort & Spa,,https://www.indoordogpark.org/parks/ruff-resort-spa,http://www.ruffresortandspafw.com/,(817) 744-8138,Fort Worth,TX,false
Rush Creek Dog Park #2,,https://www.indoordogpark.org/parks/rush-creek-dog-park-2,https://www.arlingtontx.gov/city_hall/departments/parks_recreation/parks_trails/park_finder/rush_creek_dog_park,(817) 459-5474,Arlington,TX,false
Tails 'N Trails Dog Park,,https://www.indoordogpark.org/parks/tails-n-trails-dog-park,https://www.arlingtontx.gov/city_hall/departments/parks_recreation/parks_trails/park_finder/tails___n_trails_dog_park,(817) 459-5474,Arlington,TX,false
Willow Creek Park,,https://www.indoordogpark.org/parks/willow-creek-park,https://www.ci.saginaw.tx.us/departments/public_works/parks/index.php,(817) 230-0300,Saginaw,TX,false
Town Center Nature Park and Trails,,https://www.indoordogpark.org/parks/town-center-nature-park-and-trails,https://www.cityofkeller.com/services/parks-recreation/parks-and-trails/keller-parks-and-open-space/the-parks-at-town-center,,Keller,TX,false
Gateway Park,,https://www.indoordogpark.org/parks/gateway-park,http://www.usssatexas.info/gateway-park-fort-worth.html,(817) 838-9765,Fort Worth,TX,false
"Euless Dog Park, Small Dogs",,https://www.indoordogpark.org/parks/euless-dog-park-small-dogs,,,Euless,TX,false
Lake Worth Dog Park,,https://www.indoordogpark.org/parks/lake-worth-dog-park,https://www.lakeworthtx.org/parks-and-recreation/slideshows/keenum-shelton-dog-park,,Lake Worth,TX,false
MUTTS Canine Cantina®,,https://www.indoordogpark.org/parks/mutts-canine-cantina,https://muttscantina.com/tx-fort-worth-clearfork/,(817) 377-0151,Fort Worth,TX,false
'Prairie Dog' Park,,https://www.indoordogpark.org/parks/prairie-dog-park,http://fortworthtexas.gov/,(817) 392-5700,Fort Worth,TX,false
Keller Pointe Playground,,https://www.indoordogpark.org/parks/keller-pointe-playground,,,Keller,TX,false
Northwest Park Recreation Center,,https://www.indoordogpark.org/parks/northwest-park-recreation-center,https://irvingtx.gov/northwest-park-rec,(972) 721-2529,Irving,TX,false
Starry Night RV Resort,,https://www.indoordogpark.org/parks/starry-night-rv-resort,https://www.starrynightrvresort.com/,(682) 387-2267,Fort Worth,TX,false
Arrowhead Park,,https://www.indoordogpark.org/parks/arrowhead-park,https://www.viridiandfw.com/arrowhead-park,(817) 494-8598,Arlington,TX,false
Fort Worth Botanic Garden,,https://www.indoordogpark.org/parks/fort-worth-botanic-garden,https://fwbg.org/,(817) 463-4160,Fort Worth,TX,false
House of Wag,,https://www.indoordogpark.org/parks/house-of-wag,http://www.houseofwagdfw.com/,,Fort Worth,TX,false
Camp Bow Wow Fort Worth West,,https://www.indoordogpark.org/parks/camp-bow-wow-fort-worth-west,https://www.campbowwow.com/fort-worth-west/,(817) 663-1097,Fort Worth,TX,false
Doggie Diggs,,https://www.indoordogpark.org/parks/doggie-diggs,http://doggiediggs.wordpresss.com/,(817) 332-4364,Fort Worth,TX,false
"Barks and Cuddles, LLC",,https://www.indoordogpark.org/parks/barks-and-cuddles-llc,http://barksandcuddles.com/,(716) 715-1631,Saginaw,TX,false
Dogs Unleashed Daycare,,https://www.indoordogpark.org/parks/dogs-unleashed-daycare,http://dogsunleasheddaycare.com/,(817) 431-4400,Fort Worth,TX,false
Camp Bow Wow Fort Worth East,,https://www.indoordogpark.org/parks/camp-bow-wow-fort-worth-east,https://www.campbowwow.com/fort-worth-east/,(682) 418-0263,Fort Worth,TX,false
Hounds Town - Fort Worth - Western Hills,,https://www.indoordogpark.org/parks/hounds-town-fort-worth-western-hills,https://houndstownusa.com/locations/fort-worth/?utm_source=google&utm_medium=map&utm_id=fort-worth-westernhills,(817) 386-0032,Fort Worth,TX,false
Metro Animals,,https://www.indoordogpark.org/parks/metro-animals,http://www.metroanimals.com/,(817) 210-6355,Fort Worth,TX,false
The Paw Pad,,https://www.indoordogpark.org/parks/the-paw-pad,http://pawpads.com/?utm_source=google_my_business&utm_medium=organic,(817) 386-0884,Fort Worth,TX,false
PetSuites Chisholm Trail,,https://www.indoordogpark.org/parks/petsuites-chisholm-trail,https://chisholmtrail.petsuitesofamerica.com/?utm_source=gmb&utm_medium=organic&y_source=1_MTU0MTY2NDgtNzE1LWxvY2F0aW9uLndlYnNpdGU%3D,(682) 310-7818,Fort Worth,TX,false
Rub My Belly Dog Care,,https://www.indoordogpark.org/parks/rub-my-belly-dog-care,http://rubmybellydogcare.com/,(682) 367-9174,Fort Worth,TX,false
Riverside Resort for Dogs,,https://www.indoordogpark.org/parks/riverside-resort-for-dogs,https://riverside-kennel.com/,(817) 698-9663,Fort Worth,TX,false
Pixee's Paws Pet Palace Dog Boarding,,https://www.indoordogpark.org/parks/pixee-s-paws-pet-palace-dog-boarding,https://pixeespawspetpalace.com/?utm_source=google&utm_medium=organic&utm_term=gmb&utm_campaign=Arlington,(682) 999-8684,Arlington,TX,false
Resort for Pets Haslet,,https://www.indoordogpark.org/parks/resort-for-pets-haslet,https://www.resortforpets.com/,(817) 632-0300,Fort Worth,TX,false
Resort For Pets at Eagle Mountain Lake,,https://www.indoordogpark.org/parks/resort-for-pets-at-eagle-mountain-lake,http://resortforpets.com/,(817) 236-5115,Fort Worth,TX,false
Dogtopia of Fort Worth - City View,,https://www.indoordogpark.org/parks/dogtopia-of-fort-worth-city-view,https://www.dogtopia.com/texas-fortworth-cityview/,(817) 886-4333,Fort Worth,TX,false
The Royal Pet Resort and Spa,,https://www.indoordogpark.org/parks/the-royal-pet-resort-and-spa,http://www.theroyalpetresort.com/,(817) 478-8000,Arlington,TX,false
Happy Tails Dog Sitting - Your dogs home away from home,,https://www.indoordogpark.org/parks/happy-tails-dog-sitting-your-dogs-home-away-from-home,http://happytailsdogsitting.com/,(214) 562-2078,Fort Worth,TX,false
The PARC Grand Resort,,https://www.indoordogpark.org/parks/the-parc-grand-resort,https://theparcvet.com/?utm_source=gmb&utm_medium=web,(817) 731-3733,Fort Worth,TX,false
Lucky Dog Training Center,,https://www.indoordogpark.org/parks/lucky-dog-training-center,https://luckydogkeller.com/,(817) 741-3647,Fort Worth,TX,false
Tip Top K9 Fort Worth,,https://www.indoordogpark.org/parks/tip-top-k9-fort-worth,https://tiptopk9.com/our-locations/fort-worth-dog-training/,(817) 985-7775,Fort Worth,TX,false
Night and Day K9 Training,,https://www.indoordogpark.org/parks/night-and-day-k9-training,http://www.nightanddayk9training.com/,(682) 233-1461,Fort Worth,TX,false
All Dogs Unleashed Dog Training Fort Worth,,https://www.indoordogpark.org/parks/all-dogs-unleashed-dog-training-fort-worth,https://www.alldogsunleashed.com/fort-worth-tx/?utm_source=GMBlistingFW&utm_medium=organic,(817) 393-6224,Fort Worth,TX,false
My EPIC Dog - Human and Dog Training,,https://www.indoordogpark.org/parks/my-epic-dog-human-and-dog-training,https://www.myepicdogtraining.com/,(817) 805-8901,Fort Worth,TX,false
Wild At Heart Canine Academy,,https://www.indoordogpark.org/parks/wild-at-heart-canine-academy,https://wahcanineacademy.com/,(817) 765-5280,Fort Worth,TX,false
Sit Means Sit Dog Training - Fort Worth,,https://www.indoordogpark.org/parks/sit-means-sit-dog-training-fort-worth,https://fortworthdogtraining.com/?utm_source=google&utm_medium=gmb&utm_campaign=google_listing,(888) 342-3647,Keller,TX,false
Zoom Room Dog Training,,https://www.indoordogpark.org/parks/zoom-room-dog-training,https://zoomroom.com/location/hulen-bend/,(682) 200-9040,Fort Worth,TX,false
Diamond Dogs Training,,https://www.indoordogpark.org/parks/diamond-dogs-training,http://www.diamonddogstraining.net/,,Fort Worth,TX,false
Canine Advanced Training Services,,https://www.indoordogpark.org/parks/canine-advanced-training-services,https://www.dogdfw.com/,(682) 738-3429,Euless,TX,false
Taming the Wild Side Dog Training,,https://www.indoordogpark.org/parks/taming-the-wild-side-dog-training,,(817) 333-4579,Fort Worth,TX,false
Staley’s Dog House & K9 Academy,,https://www.indoordogpark.org/parks/staley-s-dog-house-k9-academy,,(972) 467-3610,Burleson,TX,false
Complete K9 Training,,https://www.indoordogpark.org/parks/complete-k9-training,https://ck9training.com/,(682) 283-1770,Burleson,TX,false
Proven K9 Training DFW,,https://www.indoordogpark.org/parks/proven-k9-training-dfw,https://www.provendogtraining.com/obedience-training/?utm_source=google-map&utm_campaign=gmb&utm_medium=organic,(817) 807-3342,Ponder,TX,false
Blue Chip K9,,https://www.indoordogpark.org/parks/blue-chip-k9,http://www.bluechipk9.com/,(817) 484-0408,Joshua,TX,false
Top Dog Texas,,https://www.indoordogpark.org/parks/top-dog-texas,http://www.topdogtexas.com/,(817) 668-5867,Burleson,TX,false
Cowtown Dog Sports,,https://www.indoordogpark.org/parks/cowtown-dog-sports,http://www.cowtowndogsports.com/,(817) 771-1111,Hudson Oaks,TX,false
Glamour Paws,,https://www.indoordogpark.org/parks/glamour-paws,http://glamourpawsonline.com/?utm_source=google_my_business&utm_medium=organic,(817) 923-9828,Fort Worth,TX,false
Metro Animals Pet Wash,,https://www.indoordogpark.org/parks/metro-animals-pet-wash,http://metroanimals.com/,(817) 759-9996,Fort Worth,TX,false
Happy K9,,https://www.indoordogpark.org/parks/happy-k9,https://happyk9.com/,(817) 350-4872,Fort Worth,TX,false
Fur Baby Grooming & Boarding,,https://www.indoordogpark.org/parks/fur-baby-grooming-boarding,https://www.furbabygroomingdfw.com/,(817) 720-6076,Fort Worth,TX,false
Petbar Waterside,,https://www.indoordogpark.org/parks/petbar-waterside,https://www.petbarinc.com/locations/fort-worth-waterside/,(817) 615-9398,Fort Worth,TX,false
Well Groomed Pets Fort Worth,,https://www.indoordogpark.org/parks/well-groomed-pets-fort-worth,https://wellgroomedpets.com/fw-campbowie/?utm_source=google&utm_medium=organic&utm_campaign=google-maps,(682) 990-9444,Fort Worth,TX,false
My Favorite Groomer LLC,,https://www.indoordogpark.org/parks/my-favorite-groomer-llc,http://www.myfavoritegroomer.com/,(817) 676-1585,Fort Worth,TX,false
Doggie Stylez Dog Grooming,,https://www.indoordogpark.org/parks/doggie-stylez-dog-grooming,http://www.dsgroom.com/,(817) 615-9474,Fort Worth,TX,false
Gizmo Pet Services,,https://www.indoordogpark.org/parks/gizmo-pet-services,http://gizmopetservices.com/,(214) 629-6546,Fort Worth,TX,false
The Groom Room (under new management),,https://www.indoordogpark.org/parks/the-groom-room-under-new-management,http://www.thegroomroomfortworth.com/,(817) 281-0316,Fort Worth,TX,false
Scenthound Fort Worth Westcliff,,https://www.indoordogpark.org/parks/scenthound-fort-worth-westcliff,https://www.scenthound.com/fort-worth-westcliff,(817) 769-9199,Fort Worth,TX,false
Pawpular Pet Spaw,,https://www.indoordogpark.org/parks/pawpular-pet-spaw,http://www.pawpularpetspaw.com/,(817) 386-5379,Fort Worth,TX,false
Dog Gone Diva Grooming and Boarding,,https://www.indoordogpark.org/parks/dog-gone-diva-grooming-and-boarding,http://www.doggonedivagrooming.com/,(817) 907-8900,Fort Worth,TX,false
D'Tails Pet Grooming,,https://www.indoordogpark.org/parks/d-tails-pet-grooming,https://business.facebook.com/DTailsPetGroomingTX/,(817) 306-4100,Fort Worth,TX,false
Zoom Grooming Salon,,https://www.indoordogpark.org/parks/zoom-grooming-salon,,(817) 495-7444,Fort Worth,TX,false
Leticia’s Touch of Class Pet Grooming Salon,,https://www.indoordogpark.org/parks/leticia-s-touch-of-class-pet-grooming-salon,,(817) 306-7500,Fort Worth,TX,false
Lucky Pup Grooming,,https://www.indoordogpark.org/parks/lucky-pup-grooming,,(817) 448-3437,Arlington,TX,false
Rosie's Pet Boutique,,https://www.indoordogpark.org/parks/rosie-s-pet-boutique,,(817) 292-9519,Fort Worth,TX,false
Ty's Doggy Stylz,,https://www.indoordogpark.org/parks/ty-s-doggy-stylz,,(903) 263-6494,Fort Worth,TX,false
Pet Resort in The Gardens,,https://www.indoordogpark.org/parks/pet-resort-in-the-gardens,https://petresortinthegardens.com/?utm_source=gmb&utm_medium=organic,(817) 635-5510,Arlington,TX,false
PawHootz Pet Resort,,https://www.indoordogpark.org/parks/pawhootz-pet-resort,https://pawhootz.com/?utm_source=GMB+Hurst+Texas&utm_medium=organic,(817) 498-6410,Hurst,TX,false
The Posh Paw Resort,,https://www.indoordogpark.org/parks/the-posh-paw-resort,https://poshpawresort.com/?utm_source=gmb&utm_medium=Yext&cp=8172689606&y_source=1_MzEwNjgwNjItNzE1LWxvY2F0aW9uLndlYnNpdGU%3D,(817) 268-9606,Colleyville,TX,false
PetSuites Alliance,,https://www.indoordogpark.org/parks/petsuites-alliance,https://alliance.petsuitesofamerica.com/?utm_source=gmb&utm_medium=organic&y_source=1_MTY2NzA3NDMtNzE1LWxvY2F0aW9uLndlYnNpdGU%3D,(972) 992-5095,Fort Worth,TX,false
Dogs Rule Resort,,https://www.indoordogpark.org/parks/dogs-rule-resort,http://www.dogsruleresort-keller.com/,(817) 337-1333,Fort Worth,TX,false
Fluffy's Pet Resort,,https://www.indoordogpark.org/parks/fluffy-s-pet-resort,http://www.fluffyspetresort.com/,(817) 953-8383,Fort Worth,TX,false
Southlake Classic Pet Retreat,,https://www.indoordogpark.org/parks/southlake-classic-pet-retreat,http://www.southlakeclassicpetretreat.com/,(817) 481-4426,Southlake,TX,false
A Yellow Rose Pet Resort,,https://www.indoordogpark.org/parks/a-yellow-rose-pet-resort,http://ayellowrosepetresort.com/,(817) 586-9789,Azle,TX,false
Sit N Stay Pet Retreat,,https://www.indoordogpark.org/parks/sit-n-stay-pet-retreat,http://www.sitnstaypetretreat.com/,(817) 770-4432,Colleyville,TX,false
American Pet Spa & Resort,,https://www.indoordogpark.org/parks/american-pet-spa-resort,http://americanpetspa.com/?utm_source=gmb&utm_medium=Yext&cp=9405801686&y_source=1_MTU3OTA0NzMtNzE1LWxvY2F0aW9uLndlYnNpdGU%3D,(940) 580-1686,Argyle,TX,false
A-Animal Clinic & Boarding Kennel,,https://www.indoordogpark.org/parks/a-animal-clinic-boarding-kennel,https://a-animalclinic.com/,(817) 731-1494,Fort Worth,TX,false
NRH Tipps Canine Hollow Dog Park,,https://www.indoordogpark.org/parks/nrh-tipps-canine-hollow-dog-park,http://www.nrhtx.com/Facilities.aspx?Page=detail&RID=16,(817) 427-6620,North Richland Hills,TX,false
Llano Springs Dog Park,,https://www.indoordogpark.org/parks/llano-springs-dog-park,,,Fort Worth,TX,false
Willow Creek Paw Park,,https://www.indoordogpark.org/parks/willow-creek-paw-park,,(817) 230-0350,Saginaw,TX,false
Calhound Dog Park,,https://www.indoordogpark.org/parks/calhound-dog-park,https://www.fortworthtexas.gov/departments/parks/parks-and-trails/calhoun-park,,Fort Worth,TX,false
Freedom Dog Park,,https://www.indoordogpark.org/parks/freedom-dog-park,https://trophyclub.org/471/Freedom-Dog-Park,(682) 831-4603,Roanoke,TX,false
Golden Triangle Dog Park,,https://www.indoordogpark.org/parks/golden-triangle-dog-park,http://fortworthdesigndistrict.com/golden-triangle-dog-park/,(817) 999-0980,Fort Worth,TX,false
K9 Pointe Dog Park,,https://www.indoordogpark.org/parks/k9-pointe-dog-park,https://www.cityofkeller.com/services/parks-recreation/parks-and-trails/keller-parks-and-open-space/k-9-pointe-dog-park,(817) 743-4050,Keller,TX,false
Hurst Dog Park,,https://www.indoordogpark.org/parks/hurst-dog-park,https://www.hursttx.gov/home/showpublisheddocument/10474/637635741197130000,,Hurst,TX,false
Euless Dog Park,,https://www.indoordogpark.org/parks/euless-dog-park,https://www.eulesstx.gov/departments/parks-and-community-services/parks/dog-park,(817) 685-1400,Euless,TX,false
Foster Park,,https://www.indoordogpark.org/parks/foster-park,http://fortworthtexas.gov/parks/info/,,Fort Worth,TX,false
Woof Pack Ranch,,https://www.indoordogpark.org/parks/woof-pack-ranch,https://www.facebook.com/WoofPackFortWorth,(682) 380-5465,Fort Worth,TX,false
MUTTZ El Paso- Dog Park Bar,,https://www.indoordogpark.org/parks/muttz-el-paso-dog-park-bar,http://www.muttzelpaso.com/,(915) 219-8552,El Paso,TX,false
Westside Dog Park,,https://www.indoordogpark.org/parks/westside-dog-park,,,El Paso,TX,false
Tierra Buena Dog Park,,https://www.indoordogpark.org/parks/tierra-buena-dog-park,http://www.elpasotexas.gov/parks-and-recreation,(915) 212-0092,El Paso,TX,false
Gringo’s Bark Park,,https://www.indoordogpark.org/parks/gringo-s-bark-park,,(915) 303-5521,El Paso,TX,false
Alethea Park,,https://www.indoordogpark.org/parks/alethea-park,http://www.elpasotexas.gov/,,El Paso,TX,false
Pavo Real Splash Park/Dog Water Park,,https://www.indoordogpark.org/parks/pavo-real-splash-park-dog-water-park,https://www.elpasotexas.gov/parks/aquatics/spray-parks/,(915) 212-0474,El Paso,TX,false
EPK9 Stay and Play,,https://www.indoordogpark.org/parks/epk9-stay-and-play,http://www.epknine.com/,(915) 219-8177,El Paso,TX,false
Argal Dog Park,,https://www.indoordogpark.org/parks/argal-dog-park,,,El Paso,TX,false
Nations Tobin Park,,https://www.indoordogpark.org/parks/nations-tobin-park,,(915) 212-0550,El Paso,TX,false
Dog Park,,https://www.indoordogpark.org/parks/dog-park,,,Fort Bliss,TX,false
Tierra Buena Park,,https://www.indoordogpark.org/parks/tierra-buena-park,,,El Paso,TX,false
Westside Community Park,,https://www.indoordogpark.org/parks/westside-community-park,https://www.elpasotexas.gov/parks/aquatics/spray-parks/,(915) 212-0092,El Paso,TX,false
Cielo Vista Park,,https://www.indoordogpark.org/parks/cielo-vista-park,https://www.elpasotexas.gov/parks-and-recreation,(915) 212-0092,El Paso,TX,false
Pavo Real Park Spray Park,,https://www.indoordogpark.org/parks/pavo-real-park-spray-park,https://www.elpasotexas.gov/parks/aquatics/spray-parks/,(915) 212-0475,El Paso,TX,false
The Indoor Dog Park,,https://www.indoordogpark.org/parks/the-indoor-dog-park,http://www.theindoordogpark.org/,,Cranberry Twp,TX,false
Lomaland Park,,https://www.indoordogpark.org/parks/lomaland-park,https://www.elpasotexas.gov/parks-and-recreation,(915) 212-0092,El Paso,TX,false
Madeline Park,,https://www.indoordogpark.org/parks/madeline-park,http://www.elpasotexas.gov/parks-and-recreation,(915) 212-0000,El Paso,TX,false
Eastwood Dog Park,,https://www.indoordogpark.org/parks/eastwood-dog-park,,,El Paso,TX,false
Memorial Park,,https://www.indoordogpark.org/parks/memorial-park,http://www.elpasotexas.gov/parks-and-recreation,(915) 212-0092,El Paso,TX,false
Don Haskins Recreation Center,,https://www.indoordogpark.org/parks/don-haskins-recreation-center,http://elpasotexas.gov/parks/centers/recreation%20centers/,(915) 212-0478,El Paso,TX,false
EP Barks and Rec (formerly D'Lux Dog Care),,https://www.indoordogpark.org/parks/ep-barks-and-rec-formerly-d-lux-dog-care,https://www.epbarksandrec.com/,(915) 504-5238,El Paso,TX,false
Howl-a-Day Inn Dog Boarding & Daycare,,https://www.indoordogpark.org/parks/howl-a-day-inn-dog-boarding-daycare,http://www.howladay.com/,(915) 355-7949,El Paso,TX,false
The Pet Barracks,,https://www.indoordogpark.org/parks/the-pet-barracks,https://www.thepetbarracks.com/,(915) 821-7387,El Paso,TX,false
Spa For Paws,,https://www.indoordogpark.org/parks/spa-for-paws,http://spaforpaws.com/,(915) 584-5469,El Paso,TX,false
"Julian's Pet Grooming, Daycare & Boarding",,https://www.indoordogpark.org/parks/julian-s-pet-grooming-daycare-boarding,http://juliansdoggiedaycare.com/,(915) 581-2850,El Paso,TX,false
wagwithana,,https://www.indoordogpark.org/parks/wagwithana,https://wagwithana.wixsite.com/wagwithana,(915) 777-1499,El Paso,TX,false
Momo's Doggies,,https://www.indoordogpark.org/parks/momo-s-doggies,https://www.momosdoggies.com/,(915) 694-0140,El Paso,TX,false
Paradise Boarding Kennel,,https://www.indoordogpark.org/parks/paradise-boarding-kennel,http://www.paradiseboardingkennel.com/,(915) 849-7387,El Paso,TX,false
"Julian's Pet Grooming, Daycare & Boarding",,https://www.indoordogpark.org/parks/julian-s-pet-grooming-daycare-boarding,http://elpasopetgrooming.com/,(915) 307-3116,El Paso,TX,false
Green Dog Pet Resorts,,https://www.indoordogpark.org/parks/green-dog-pet-resorts,https://greendogpetresorts.com/,(915) 726-4770,Anthony,TX,false
Sweet Home Dog Sitting,,https://www.indoordogpark.org/parks/sweet-home-dog-sitting,,(915) 263-1478,El Paso,TX,false
Heartland Ranch USA,,https://www.indoordogpark.org/parks/heartland-ranch-usa,http://www.heartlandranchusa.com/,(915) 455-1948,Anthony,TX,false
Mimi & Lola’s Pet Care & Dog Walking,,https://www.indoordogpark.org/parks/mimi-lola-s-pet-care-dog-walking,https://mimi-and-lolas-petcare.weebly.com/,(915) 740-3324,El Paso,TX,false
Barker Haus Kennels,,https://www.indoordogpark.org/parks/barker-haus-kennels,http://www.barkerhauskennels.com/,(915) 779-2486,El Paso,TX,false
The Paw House Grooming and Boarding,,https://www.indoordogpark.org/parks/the-paw-house-grooming-and-boarding,https://m.facebook.com/thepawhousegrooming/,(915) 850-3593,El Paso,TX,false
Happy Pets Hotel & Dog Training Center,,https://www.indoordogpark.org/parks/happy-pets-hotel-dog-training-center,https://www.happypetselpaso.com/,(915) 256-5329,El Paso,TX,false
Modern Pup Grooming & Boarding,,https://www.indoordogpark.org/parks/modern-pup-grooming-boarding,http://www.modernpupgrooming.com/,(915) 549-7012,El Paso,TX,false
Dog's Day Out,,https://www.indoordogpark.org/parks/dog-s-day-out,http://www.dogsdayoutelpaso.com/,(915) 857-7387,El Paso,TX,false
Glamour Pooch Grooming Boutique,,https://www.indoordogpark.org/parks/glamour-pooch-grooming-boutique,,(915) 633-1121,El Paso,TX,false
Momo's Doggies,,https://www.indoordogpark.org/parks/momo-s-doggies,http://www.momosdoggies.com/,(915) 694-0140,Canutillo,TX,false
Murphy's Dog Boarding,,https://www.indoordogpark.org/parks/murphy-s-dog-boarding,,(915) 471-7846,El Paso,TX,false
Canine Domain,,https://www.indoordogpark.org/parks/canine-domain,http://www.caninedomain.pet/contact-us/,,El Paso,TX,false
Paws Down Best Dog Training,,https://www.indoordogpark.org/parks/paws-down-best-dog-training,https://www.pawsdownbestdogtraining.com/,(915) 777-0540,El Paso,TX,false
Trained To Serve Canine Academy,,https://www.indoordogpark.org/parks/trained-to-serve-canine-academy,,(915) 241-6940,El Paso,TX,false
Reidsan Dog Training Center,,https://www.indoordogpark.org/parks/reidsan-dog-training-center,https://reidsan.com/,(915) 877-3647,Canutillo,TX,false
A Better Canine 4 U,,https://www.indoordogpark.org/parks/a-better-canine-4-u,http://www.abettercanine4u.com/,(915) 751-7200,El Paso,TX,false
Reidsan Kennel In Grove & Dog,,https://www.indoordogpark.org/parks/reidsan-kennel-in-grove-dog,http://www.reidsan.com/,(915) 877-3647,Canutillo,TX,false
A Dogs Life Training and Education LLC,,https://www.indoordogpark.org/parks/a-dogs-life-training-and-education-llc,http://www.adogslifetrainingandeducation.com/,(915) 861-7545,Santa Teresa,TX,false
Petco Dog Training,,https://www.indoordogpark.org/parks/petco-dog-training,https://stores.petco.com/tx/mission/dog-training-mission-tx-1477.html,(956) 682-9217,Mission,TX,false
PetSmart Dog Training,,https://www.indoordogpark.org/parks/petsmart-dog-training,https://stores.petsmart.com/tx/el-paso/el-paso-sunland-park/dog-training?utm_source=google&utm_medium=organic&utm_campaign=google-my-business,(915) 587-7898,El Paso,TX,false
AK K9 Training,,https://www.indoordogpark.org/parks/ak-k9-training,,(214) 597-6699,El Paso,TX,false
PetSmart Dog Training,,https://www.indoordogpark.org/parks/petsmart-dog-training,https://stores.petsmart.com/tx/el-paso/el-paso-joe-battle-blvd/dog-training?utm_source=google&utm_medium=organic&utm_campaign=google-my-business,(915) 856-8039,El Paso,TX,false
PetSmart Dog Training,,https://www.indoordogpark.org/parks/petsmart-dog-training,https://stores.petsmart.com/tx/el-paso/el-paso-eastlake/dog-training?utm_source=google&utm_medium=organic&utm_campaign=google-my-business,(915) 995-3144,El Paso,TX,false
Dynamic Service Dog,,https://www.indoordogpark.org/parks/dynamic-service-dog,http://www.dynamicservicedog.com/,(915) 667-8716,El Paso,TX,false
Pawfection Dog Grooming,,https://www.indoordogpark.org/parks/pawfection-dog-grooming,https://pawfection915.wixsite.com/elpaso?fbclid=PAZXh0bgNhZW0CMTEAAaZ4Ik6ikrmLPCcMR_zlvlMH_-BpFmA10sqyX_BbGPhWcaqmzQyhoV_MhT8_aem_tqgVcqTDK6_8jt3x-vutJQ,(915) 316-0296,El Paso,TX,false
Puppy Love Grooming,,https://www.indoordogpark.org/parks/puppy-love-grooming,http://www.puppylove915.com/,(915) 444-8419,El Paso,TX,false
Puppy Love Grooming NE,,https://www.indoordogpark.org/parks/puppy-love-grooming-ne,http://www.puppylove915.com/,(915) 260-8008,El Paso,TX,false
Dog Lovers Grooming,,https://www.indoordogpark.org/parks/dog-lovers-grooming,https://booking.moego.pet/ol/landing?name=DogLoversDogWash,(915) 307-7710,El Paso,TX,false
Pet Heroes Dog Grooming,,https://www.indoordogpark.org/parks/pet-heroes-dog-grooming,https://petheroesnortheastep.com/,(915) 920-0285,El Paso,TX,false
Agave Pet Grooming,,https://www.indoordogpark.org/parks/agave-pet-grooming,http://groomer.io/schedule/agave,(915) 270-9474,El Paso,TX,false
Cuties Dog Grooming,,https://www.indoordogpark.org/parks/cuties-dog-grooming,https://www.facebook.com/profile.php?id=100076085063203,(915) 303-0997,El Paso,TX,false
Paw Puppy Grooming,,https://www.indoordogpark.org/parks/paw-puppy-grooming,,(915) 307-7253,El Paso,TX,false
Groomology,,https://www.indoordogpark.org/parks/groomology,https://booking.moego.pet/ol/GroomologyPetSalonSpa/landing?utm_medium=embed,(915) 526-9046,El Paso,TX,false
Fur Babies Grooming Salon & Spa,,https://www.indoordogpark.org/parks/fur-babies-grooming-salon-spa,http://furbabieselp.com/,(915) 444-8310,El Paso,TX,false
Dogs on the Run Pet Grooming Boutique & Barkery,,https://www.indoordogpark.org/parks/dogs-on-the-run-pet-grooming-boutique-barkery,http://www.dogsontherungrooming.com/,(915) 771-0117,El Paso,TX,false
OH MY DOG! Pet Grooming and Spa,,https://www.indoordogpark.org/parks/oh-my-dog-pet-grooming-and-spa,https://www.instagram.com/ohmydog.petgrooming?igsh=MTVzMjV1czA0bzZ3bA%3D%3D&utm_source=qr,(915) 222-8362,El Paso,TX,false
Julian's Pet Grooming,,https://www.indoordogpark.org/parks/julian-s-pet-grooming,http://www.elpasopetgrooming.com/,(915) 584-4274,El Paso,TX,false
Groomology West Pet Salon & Spa,,https://www.indoordogpark.org/parks/groomology-west-pet-salon-spa,https://booking.moego.pet/ol/GroomologyPetSalonSpaWest/landing,(915) 526-3929,El Paso,TX,false
Dog Lovers Grooming,,https://www.indoordogpark.org/parks/dog-lovers-grooming,https://www.dogloversep.com/,(915) 594-9334,El Paso,TX,false
DogSpaw Grooming,,https://www.indoordogpark.org/parks/dogspaw-grooming,http://elpasodogspaw.com/,(915) 307-3078,El Paso,TX,false
E. P. Pet Grooming,,https://www.indoordogpark.org/parks/e-p-pet-grooming,,(915) 307-6051,El Paso,TX,false
Southwest Animal Care Complex,,https://www.indoordogpark.org/parks/southwest-animal-care-complex,https://swanimalcare.com/,(575) 589-4417,Santa Teresa,TX,false
Country Club Animal Clinic,,https://www.indoordogpark.org/parks/country-club-animal-clinic,http://www.countryclubanimalclinic.net/,(915) 833-0645,El Paso,TX,false
Dogs with Style,,https://www.indoordogpark.org/parks/dogs-with-style,,(915) 479-4330,El Paso,TX,false
Lost Dog Trail Head,,https://www.indoordogpark.org/parks/lost-dog-trail-head,,,El Paso,TX,false
Argal Park,,https://www.indoordogpark.org/parks/argal-park,,,El Paso,TX,false
Eastwood Park,,https://www.indoordogpark.org/parks/eastwood-park,https://www.elpasotexas.gov/parks-and-recreation,(915) 212-0092,El Paso,TX,false
Fort Bliss Family Homes Bark Park,,https://www.indoordogpark.org/parks/fort-bliss-family-homes-bark-park,,,Fort Bliss,TX,false
Barron Park,,https://www.indoordogpark.org/parks/barron-park,http://www.elpasotexas.gov/parks-and-recreation/,(915) 212-0092,El Paso,TX,false
Pebble Hills Park,,https://www.indoordogpark.org/parks/pebble-hills-park,https://www.elpasotexas.gov/parks-and-recreation,,El Paso,TX,false
Westside Open Reserve,,https://www.indoordogpark.org/parks/westside-open-reserve,,,El Paso,TX,false
Downtown Arlington Doggie Depot,,https://www.indoordogpark.org/parks/downtown-arlington-doggie-depot,https://downtownarlington.org/live/doggiedepot,,Arlington,TX,false
Central Bark Dog Park,,https://www.indoordogpark.org/parks/central-bark-dog-park,https://grandfungp.com/central-bark/,(972) 237-8100,Grand Prairie,TX,false
Dogtopia of Arlington by The Parks,,https://www.indoordogpark.org/parks/dogtopia-of-arlington-by-the-parks,https://www.dogtopia.com/texas-arlington-theparks/,(682) 282-0919,Arlington,TX,false
Arlington Dog Daycare and Boarding,,https://www.indoordogpark.org/parks/arlington-dog-daycare-and-boarding,http://www.arlingtondogdaycare.com/,(972) 204-5835,Arlington,TX,false
Mans Best Field Dog Park,,https://www.indoordogpark.org/parks/mans-best-field-dog-park,https://www.mansfieldtexas.gov/1509/Mans-Best-Field-Dog-Park,(817) 728-3680,Mansfield,TX,false
Doggie Depot,,https://www.indoordogpark.org/parks/doggie-depot,,,Arlington,TX,false
Bedford Bark Park,,https://www.indoordogpark.org/parks/bedford-bark-park,https://bedfordtx.gov/793/Bark-Park,(817) 952-2100,Bedford,TX,false
Rush Creek Dog Park #1,,https://www.indoordogpark.org/parks/rush-creek-dog-park-1,https://www.arlingtontx.gov/city_hall/departments/parks_recreation/parks_trails/park_finder/rush_creek_dog_park,,Arlington,TX,false
Rush Creek Dog Park #4,,https://www.indoordogpark.org/parks/rush-creek-dog-park-4,https://m.facebook.com/groups/199156684004609/,,Arlington,TX,false
Wag Time Pets,,https://www.indoordogpark.org/parks/wag-time-pets,http://www.wagtimepets.com/,(817) 276-1414,Arlington,TX,false
PetSuites Arlington,,https://www.indoordogpark.org/parks/petsuites-arlington,https://arlington.petsuitesofamerica.com/?utm_source=gmb&utm_medium=organic&y_source=1_MTg1NDkzNTUtNzE1LWxvY2F0aW9uLndlYnNpdGU%3D,(469) 890-0270,Arlington,TX,false
Painted Leash Pet Boarding Daycare and Dog Training,,https://www.indoordogpark.org/parks/painted-leash-pet-boarding-daycare-and-dog-training,,,Arlington,TX,false
Miah & Friends Dog Daycare & Boarding,,https://www.indoordogpark.org/parks/miah-friends-dog-daycare-boarding,http://www.miahandfriends.com/,(682) 270-0126,Arlington,TX,false
"Arlington-Mansfield Dog Boarding, LLC",,https://www.indoordogpark.org/parks/arlington-mansfield-dog-boarding-llc,https://www.facebook.com/MansfieldDogBoarding/,(817) 691-4503,Mansfield,TX,false
Camp Bow Wow Grand Prairie,,https://www.indoordogpark.org/parks/camp-bow-wow-grand-prairie,https://www.campbowwow.com/grand-prairie/,(469) 523-1792,Grand Prairie,TX,false
Camp Bow Wow Colleyville,,https://www.indoordogpark.org/parks/camp-bow-wow-colleyville,https://www.campbowwow.com/colleyville/,(817) 623-4105,Hurst,TX,false
Country Acres Pet Resort,,https://www.indoordogpark.org/parks/country-acres-pet-resort,http://www.countryacrepetresort.com/,(817) 467-2511,Arlington,TX,false
Pet Lovers of Arlington,,https://www.indoordogpark.org/parks/pet-lovers-of-arlington,,(817) 774-5524,Arlington,TX,false
Yappy Paws,,https://www.indoordogpark.org/parks/yappy-paws,,(682) 234-3613,Arlington,TX,false
Richter Animal Hospital,,https://www.indoordogpark.org/parks/richter-animal-hospital,http://www.richteranimalhospital.com/,(817) 478-8000,Arlington,TX,false
CityVet | Mid-Cities,,https://www.indoordogpark.org/parks/cityvet-mid-cities,https://www.cityvet.com/cityvet/mid-cities/,(817) 554-7000,Bedford,TX,false
Paw Paw's Dog House - Mansfield,,https://www.indoordogpark.org/parks/paw-paw-s-dog-house-mansfield,http://www.pawpawsdoghouse.com/,(817) 473-2244,Mansfield,TX,false
Camp Bow Wow Cedar Hill,,https://www.indoordogpark.org/parks/camp-bow-wow-cedar-hill,https://www.campbowwow.com/cedar-hill/,(469) 523-5445,Cedar Hill,TX,false
Creature Comfort Animal Clinic,,https://www.indoordogpark.org/parks/creature-comfort-animal-clinic,https://www.creaturecomfortanimalclinic.com/?utm_source=gmb&utm_medium=organic&y_source=1_MTE2Njg3MjUtNzE1LWxvY2F0aW9uLndlYnNpdGU%3D,(817) 472-0404,Arlington,TX,false
Puppy Dreams - Arlington,,https://www.indoordogpark.org/parks/puppy-dreams-arlington,http://mypuppydreams.com/,(682) 270-0092,Pantego,TX,false
Lisa's K-9 Kids,,https://www.indoordogpark.org/parks/lisa-s-k-9-kids,http://www.lisask-9kids.com/,(817) 243-7441,Arlington,TX,false
Tip Top K9 Arlington Dog Training,,https://www.indoordogpark.org/parks/tip-top-k9-arlington-dog-training,https://tiptopk9.com/our-locations/arlington-dog-training/?utm_source=gbp&utm_medium=organic&utm_campaign=arlington-gbp,(214) 307-4192,Arlington,TX,false
Petco Dog Training,,https://www.indoordogpark.org/parks/petco-dog-training,https://stores.petco.com/tx/arlington/dog-training-arlington-tx-5417.html,(817) 795-1873,Arlington,TX,false
PetSmart Dog Training,,https://www.indoordogpark.org/parks/petsmart-dog-training,https://stores.petsmart.com/tx/arlington/south-arlington/dog-training?utm_source=google&utm_medium=organic&utm_campaign=google-my-business,(817) 466-1437,Arlington,TX,false
Arlington Dog Trainer,,https://www.indoordogpark.org/parks/arlington-dog-trainer,,(817) 995-7395,Arlington,TX,false
WOOFS! Dog Training Center,,https://www.indoordogpark.org/parks/woofs-dog-training-center,https://www.woofsdogtraining.com/,(703) 526-0218,Arlington,TX,false
Bark of the Town Pet Grooming,,https://www.indoordogpark.org/parks/bark-of-the-town-pet-grooming,http://www.bark-town.com/,(972) 876-6010,Arlington,TX,false
Dog Grooming Shop,,https://www.indoordogpark.org/parks/dog-grooming-shop,http://www.doggroomingshop.net/,(817) 459-4343,Arlington,TX,false
Scrub A Pup,,https://www.indoordogpark.org/parks/scrub-a-pup,http://www.instagram.com/scrubapup_arlington,(817) 617-2824,Arlington,TX,false
Shear Heaven Pet Spa,,https://www.indoordogpark.org/parks/shear-heaven-pet-spa,http://www.arlingtonpetgrooming.com/,(817) 277-8433,Arlington,TX,false
Bow Wow Billie's Dog Bathing and Grooming,,https://www.indoordogpark.org/parks/bow-wow-billie-s-dog-bathing-and-grooming,http://bowwowbillies.com/,(817) 800-1005,Arlington,TX,false
Dog Wash,,https://www.indoordogpark.org/parks/dog-wash,http://www.dogwash.net/,(817) 561-1801,Arlington,TX,false
Doggie in Style,,https://www.indoordogpark.org/parks/doggie-in-style,https://m.facebook.com/doggieinstyle/,(817) 422-9062,Arlington,TX,false
U Dirty Dog,,https://www.indoordogpark.org/parks/u-dirty-dog,,(817) 466-8243,Arlington,TX,false
The DogSpaw,,https://www.indoordogpark.org/parks/the-dogspaw,https://www.81pinkdogs.com/,(817) 465-3647,Arlington,TX,false
Candy's Dog Grooming,,https://www.indoordogpark.org/parks/candy-s-dog-grooming,,(817) 277-4682,Arlington,TX,false
The Hound Hut,,https://www.indoordogpark.org/parks/the-hound-hut,http://www.houndhutarlington.com/,(817) 478-1720,Arlington,TX,false
Puppy Love,,https://www.indoordogpark.org/parks/puppy-love,http://puppylovearlington.strikingly.com/,(817) 275-2266,Arlington,TX,false
Sisters TLC Pet Grooming,,https://www.indoordogpark.org/parks/sisters-tlc-pet-grooming,https://lpet.net/explore/sisters-tlc-pet-grooming/,(817) 419-8890,Arlington,TX,false
Pet Supplies Plus Arlington - S Cooper,,https://www.indoordogpark.org/parks/pet-supplies-plus-arlington-s-cooper,https://www.petsuppliesplus.com/Store/TX/Arlington/Arlington-S-Cooper/7016,(817) 583-8502,Arlington,TX,false
Pawfect Companions LLC,,https://www.indoordogpark.org/parks/pawfect-companions-llc,https://www.pawfectc.com/?utm_source=google&utm_medium=wix_google_business_profile&utm_campaign=1744486636315173192,(682) 347-1841,Arlington,TX,false
PetSmart Doggie Day Camp,,https://www.indoordogpark.org/parks/petsmart-doggie-day-camp,https://stores.petsmart.com/tx/arlington/south-arlington/petshotel-doggie-day-camp?utm_source=google&utm_medium=organic&utm_campaign=google-my-business,(817) 466-1437,Arlington,TX,false
Rush Creek Dog Park #3,,https://www.indoordogpark.org/parks/rush-creek-dog-park-3,,,Arlington,TX,false
Water's Edge Park,,https://www.indoordogpark.org/parks/water-s-edge-park,http://www.ccparkandrec.com/,(361) 826-3460,Corpus Christi,TX,false
Vishal Bhagat Dog Park,,https://www.indoordogpark.org/parks/vishal-bhagat-dog-park,http://vishal-park.keeq.io/,,Corpus Christi,TX,false
Bill Witt Dog Park,,https://www.indoordogpark.org/parks/bill-witt-dog-park,,,Corpus Christi,TX,false
MWR Dog Park,,https://www.indoordogpark.org/parks/mwr-dog-park,,,Corpus Christi,TX,false
Bill Witt City Park,,https://www.indoordogpark.org/parks/bill-witt-city-park,https://www.countyoffice.org/bill-witt-city-park-corpus-christi-tx-1d4/,(361) 826-7529,Corpus Christi,TX,false
Nueces County North Park,,https://www.indoordogpark.org/parks/nueces-county-north-park,,(361) 387-5904,Robstown,TX,false
Sherwood Park,,https://www.indoordogpark.org/parks/sherwood-park,,,Corpus Christi,TX,false
Barkaritaville Pet Resort,,https://www.indoordogpark.org/parks/barkaritaville-pet-resort,http://www.barkaritavillepetresort.com/,(361) 814-2275,Corpus Christi,TX,false
Brighton Park,,https://www.indoordogpark.org/parks/brighton-park,,,Corpus Christi,TX,false
Kaiah Dog Park,,https://www.indoordogpark.org/parks/kaiah-dog-park,https://www.portlandtx.com/Facilities/Facility/Details/Kaiah-Dog-Park-28,,Portland,TX,false
West Guth Dog Park,,https://www.indoordogpark.org/parks/west-guth-dog-park,,,Corpus Christi,TX,false
Cole Park,,https://www.indoordogpark.org/parks/cole-park,http://www.visitcorpuschristitx.org/see-and-do/2065/cole-park,(361) 826-3460,Corpus Christi,TX,false
Rockport Dog Park,,https://www.indoordogpark.org/parks/rockport-dog-park,,,Rockport,TX,false
Port Aransas Community Dog Park,,https://www.indoordogpark.org/parks/port-aransas-community-dog-park,,,Port Aransas,TX,false
Frankie's Dog Boarding,,https://www.indoordogpark.org/parks/frankie-s-dog-boarding,http://www.frankiesgooddogs.com/,(361) 400-9141,Corpus Christi,TX,false
West Guth Park,,https://www.indoordogpark.org/parks/west-guth-park,https://register.ccparkandrec.com/ViewFacilityDetails.aspx?Fid=19&Rid=9,(361) 826-3460,Corpus Christi,TX,false
Pooch Pad,,https://www.indoordogpark.org/parks/pooch-pad,http://www.pooch-pad.com/,(361) 334-7387,Corpus Christi,TX,false
Beach House Pet Resort,,https://www.indoordogpark.org/parks/beach-house-pet-resort,https://beachhousepetresort.com/,(361) 504-4017,Corpus Christi,TX,false
PetHotels - Corpus Christi Dog Boarding ( Cat & Dog Friendly Hotels),,https://www.indoordogpark.org/parks/pethotels-corpus-christi-dog-boarding-cat-dog-friendly-hotels,,(361) 213-8092,Corpus Christi,TX,false
"Ruff-Inn Pet Lodge, LLC.",,https://www.indoordogpark.org/parks/ruff-inn-pet-lodge-llc,https://ruff-innpetlodge.com/,,Robstown,TX,false
FidoSit Pet Sitter,,https://www.indoordogpark.org/parks/fidosit-pet-sitter,http://fidosit.net/,(361) 563-3741,Corpus Christi,TX,false
Bluff Boarding Kennels & Cattery,,https://www.indoordogpark.org/parks/bluff-boarding-kennels-cattery,http://bluffboarding.com/,(361) 563-9408,Corpus Christi,TX,false
"Sandy Oaks Kennel, Daycare and Spaw",,https://www.indoordogpark.org/parks/sandy-oaks-kennel-daycare-and-spaw,http://www.sandyoakskennel.com/,(361) 729-0000,Rockport,TX,false
Ingleside Kennels,,https://www.indoordogpark.org/parks/ingleside-kennels,http://www.inglesidekennels.com/,(361) 222-3963,Ingleside,TX,false
Peace of Mind Pet and Home Services,,https://www.indoordogpark.org/parks/peace-of-mind-pet-and-home-services,,(904) 671-4033,Corpus Christi,TX,false
Salty Dog Pet Resort,,https://www.indoordogpark.org/parks/salty-dog-pet-resort,http://www.saltydoggie.com/,(361) 729-6448,Rockport,TX,false
Bruno's Bath House Dog Spaw & Resort,,https://www.indoordogpark.org/parks/bruno-s-bath-house-dog-spaw-resort,http://www.brunosbathhouse.com/,(361) 242-1100,Corpus Christi,TX,false
Bruno's Bath House Dog Spaw & Resort,,https://www.indoordogpark.org/parks/bruno-s-bath-house-dog-spaw-resort,http://www.brunosbathhouse.com/,(361) 937-7729,Corpus Christi,TX,false
Hometown Pet Resort LLC,,https://www.indoordogpark.org/parks/hometown-pet-resort-llc,https://hometownpetresortportlandtx.com/,(361) 704-6024,Portland,TX,false
VCA Oso Creek Animal Hospital and Emergency Center,,https://www.indoordogpark.org/parks/vca-oso-creek-animal-hospital-and-emergency-center,https://vcahospitals.com/oso-creek?utm_source=maps&utm_medium=organic&utm_campaign=AU_630,(361) 994-1145,Corpus Christi,TX,false
Bath & Biscuits,,https://www.indoordogpark.org/parks/bath-biscuits,,(361) 643-1763,Portland,TX,false
FANCY PAWS Dog Grooming Corpus Christi Texas,,https://www.indoordogpark.org/parks/fancy-paws-dog-grooming-corpus-christi-texas,https://www.facebook.com/Fancy-Paws-Boutique-Pet-Styling-1573726692910048/,(361) 993-7674,Corpus Christi,TX,false
The Dog House - Corpus Christi,,https://www.indoordogpark.org/parks/the-dog-house-corpus-christi,https://m.facebook.com/pages/The-Dog-House-Pet-Shop-Grooming/111166472280596,(361) 992-9525,Corpus Christi,TX,false
Bow Wow Spaw,,https://www.indoordogpark.org/parks/bow-wow-spaw,http://www.bowwowspaw.com/?utm_source=google&utm_medium=wix_google_business_profile&utm_campaign=4412871833475748864,(361) 371-5204,Corpus Christi,TX,false
Elite K-9,,https://www.indoordogpark.org/parks/elite-k-9,https://www.elitek9trainers.com/?utm_source=Google+Business+Profile,(361) 446-3750,Corpus Christi,TX,false
Animal Medical Corpus Christi,,https://www.indoordogpark.org/parks/animal-medical-corpus-christi,https://ccanimalmedical.com/?utm_source=google&utm_medium=google_business_profile&utm_campaign=website_click,(361) 993-6752,Corpus Christi,TX,false
Bacon Boarding,,https://www.indoordogpark.org/parks/bacon-boarding,https://baconboarding.com/,(361) 444-7743,Robstown,TX,false
Sit Means Sit Dog Training Corpus Christi,,https://www.indoordogpark.org/parks/sit-means-sit-dog-training-corpus-christi,https://dogtrainingcorpuschristi.com/?utm_source=google&utm_medium=gmb&utm_campaign=google_listing,(361) 236-5748,Portland,TX,false
Harley and Sergio Dog Training (SK9),,https://www.indoordogpark.org/parks/harley-and-sergio-dog-training-sk9,https://harleyandsergiodogtraining.com/?utm_campaign=gmb,(361) 360-6131,Corpus Christi,TX,false
Animal Smart Training,,https://www.indoordogpark.org/parks/animal-smart-training,https://animalsmarttraining.com/,(361) 537-0531,Corpus Christi,TX,false
PetSmart Dog Training,,https://www.indoordogpark.org/parks/petsmart-dog-training,https://stores.petsmart.com/tx/corpus-christi/corpus-christi/dog-training?utm_source=google&utm_medium=organic&utm_campaign=google-my-business,(361) 993-8882,Corpus Christi,TX,false
K9 Coastal Sports,,https://www.indoordogpark.org/parks/k9-coastal-sports,,(361) 332-2017,Aransas Pass,TX,false
K9 Conditioning and Rehab Services,,https://www.indoordogpark.org/parks/k9-conditioning-and-rehab-services,,(361) 947-7297,Corpus Christi,TX,false
Mindful Canines of Texas,,https://www.indoordogpark.org/parks/mindful-canines-of-texas,https://www.mindfulcaninestx.com/,(361) 445-7627,Port Aransas,TX,false
EarthWise Pet Nutrition Center & Wellness Spa Corpus Christi,,https://www.indoordogpark.org/parks/earthwise-pet-nutrition-center-wellness-spa-corpus-christi,http://www.earthwisepet.com/corpuschristi,(361) 353-7387,Corpus Christi,TX,false
Petco Dog Training,,https://www.indoordogpark.org/parks/petco-dog-training,https://stores.petco.com/tx/corpuschristi/dog-training-corpuschristi-tx-1425.html,(361) 986-9222,Corpus Christi,TX,false
Petco Dog Training,,https://www.indoordogpark.org/parks/petco-dog-training,https://stores.petco.com/tx/corpuschristi/dog-training-corpuschristi-tx-2423.html,(361) 241-2072,Corpus Christi,TX,false
Master Trainer Co,,https://www.indoordogpark.org/parks/master-trainer-co,http://www.master-trainer.com/,(361) 991-0728,Corpus Christi,TX,false
Liv Kennels,,https://www.indoordogpark.org/parks/liv-kennels,,(361) 271-6082,Spur Loop,TX,false
Furry Land Mobile Grooming Corpus Christi,,https://www.indoordogpark.org/parks/furry-land-mobile-grooming-corpus-christi,https://furryland.us/locations/corpus-christi-mobile-pet-groomers/,(210) 960-2210,Corpus Christi,TX,false
Penny and the Wolf Pet Grooming,,https://www.indoordogpark.org/parks/penny-and-the-wolf-pet-grooming,https://www.pennyandthewolf.com/,(361) 425-3162,Corpus Christi,TX,false
Happy Dog Grooming Salon,,https://www.indoordogpark.org/parks/happy-dog-grooming-salon,,(361) 905-0101,Corpus Christi,TX,false
"Muddy Paws Self-Wash, Pet Supplies AND More",,https://www.indoordogpark.org/parks/muddy-paws-self-wash-pet-supplies-and-more,http://www.muddypawscctx.com/,(361) 500-4038,Corpus Christi,TX,false
Lady Luck Pet Grooming,,https://www.indoordogpark.org/parks/lady-luck-pet-grooming,,(361) 437-2544,Corpus Christi,TX,false
Coastal Pet Supply and Grooming,,https://www.indoordogpark.org/parks/coastal-pet-supply-and-grooming,,(361) 589-4477,Corpus Christi,TX,false
PetSmart,,https://www.indoordogpark.org/parks/petsmart,https://www.petsmart.com/stores/us/tx/irving-store0181.html?utm_source=google&utm_medium=organic&utm_campaign=google-my-business,(972) 255-0027,Irving,TX,false
Grooming Boutique,,https://www.indoordogpark.org/parks/grooming-boutique,,(361) 241-8131,Corpus Christi,TX,false
The Paw Spa,,https://www.indoordogpark.org/parks/the-paw-spa,,,Corpus Christi,TX,false
Pet Supplies Plus Corpus Christi,,https://www.indoordogpark.org/parks/pet-supplies-plus-corpus-christi,https://www.petsuppliesplus.com/store/tx/corpus-christi/4232-corpus-christi/4232,(361) 462-4186,Corpus Christi,TX,false
Pawsitive Style Corpus Christi Boutique & Spa,,https://www.indoordogpark.org/parks/pawsitive-style-corpus-christi-boutique-spa,http://m.facebook.com/CC.pawsitivestyle,(361) 688-1860,Corpus Christi,TX,false
Pretty Paws Pet Salon,,https://www.indoordogpark.org/parks/pretty-paws-pet-salon,,(361) 443-6916,Corpus Christi,TX,false
Paradise Pet Spaw,,https://www.indoordogpark.org/parks/paradise-pet-spaw,http://paradisepetspaw.square.site/,(972) 922-1667,Corpus Christi,TX,false
"Oso Bay Wetlands Preserve and Learning Center Corpus Christi, TX",,https://www.indoordogpark.org/parks/oso-bay-wetlands-preserve-and-learning-center-corpus-christi-tx,http://www.cctexas.com/government/parks-recreation/parks-development/oso-bay-wetlands-preserve/index,(361) 826-3335,Corpus Christi,TX,false
Palmetto Park,,https://www.indoordogpark.org/parks/palmetto-park,https://sandee.com/united-states/texas/corpus-christi/palmetto-park-beach,,Corpus Christi,TX,false
Doddridge Park,,https://www.indoordogpark.org/parks/doddridge-park,,(361) 826-7529,Corpus Christi,TX,false
Breckenridge Park,,https://www.indoordogpark.org/parks/breckenridge-park,http://www.cctexas.com/,,Corpus Christi,TX,false
Paws and Relax Dogsitting in Bay Area,,https://www.indoordogpark.org/parks/paws-and-relax-dogsitting-in-bay-area,,(361) 510-8848,Corpus Christi,TX,false
Dog Park at Windhaven Meadows Park,,https://www.indoordogpark.org/parks/dog-park-at-windhaven-meadows-park,https://www.plano.gov/1515/Dog-Park-at-Windhaven-Meadows-Park,(972) 210-2936,Plano,TX,false
Jack Carter Dog Park,,https://www.indoordogpark.org/parks/jack-carter-dog-park,https://www.plano.gov/1459/Dog-Park-at-Jack-Carter-Park,(972) 210-2936,Plano,TX,false
Windhaven Meadows Park,,https://www.indoordogpark.org/parks/windhaven-meadows-park,https://www.plano.gov/1514/Windhaven-Meadows-Park,(972) 210-2936,Plano,TX,false
Dogtopia of Plano,,https://www.indoordogpark.org/parks/dogtopia-of-plano,https://www.dogtopia.com/texas-plano/,(972) 752-8204,Plano,TX,false
Ruff Range Dog Park,,https://www.indoordogpark.org/parks/ruff-range-dog-park,https://www.friscotexas.gov/1819/Ruff-Range-Dog-Park,(972) 292-6500,Frisco,TX,false
Windhaven Park,,https://www.indoordogpark.org/parks/windhaven-park,http://www.planoparks.org/,(972) 941-7250,Plano,TX,false
Dog Park | Bob Woodruff,,https://www.indoordogpark.org/parks/dog-park-bob-woodruff,https://www.plano.gov/1423/Dog-Park-at-Bob-Woodruff-Park,(972) 210-2936,Plano,TX,false
Pawsome Playground Dog Park,,https://www.indoordogpark.org/parks/pawsome-playground-dog-park,https://www.thecolonytx.gov/923/Pawsome-Playground-Dog-Park,(972) 625-1106,The Colony,TX,false
Liberty Playground at Windhaven Meadows Park,,https://www.indoordogpark.org/parks/liberty-playground-at-windhaven-meadows-park,,,Plano,TX,false
2nd Family Dogs,,https://www.indoordogpark.org/parks/2nd-family-dogs,https://www.2ndfamilydogs.com/,(469) 854-6380,McKinney,TX,false
K9 Corral at Craig Ranch,,https://www.indoordogpark.org/parks/k9-corral-at-craig-ranch,,,McKinney,TX,false
Dogtopia of Frisco-Preston,,https://www.indoordogpark.org/parks/dogtopia-of-frisco-preston,https://www.dogtopia.com/frisco-preston/,(469) 778-7300,Frisco,TX,false
Bob Woodruff Park,,https://www.indoordogpark.org/parks/bob-woodruff-park,https://www.plano.gov/1411/Bob-Woodruff-Park-North,(972) 941-7250,Plano,TX,false
Rosemeade Dog Park,,https://www.indoordogpark.org/parks/rosemeade-dog-park,http://www.cityofcarrollton.com/,(972) 466-3080,Carrollton,TX,false
Bush Central Barkway,,https://www.indoordogpark.org/parks/bush-central-barkway,,(972) 744-4301,Richardson,TX,false
Camp Bow Wow Plano,,https://www.indoordogpark.org/parks/camp-bow-wow-plano,https://www.campbowwow.com/plano/,(469) 817-9334,Plano,TX,false
Doggie's Wonderland,,https://www.indoordogpark.org/parks/doggie-s-wonderland,http://www.doggieswonderland.com/,(972) 954-1551,Plano,TX,false
K9 Resorts Luxury Pet Hotel Plano,,https://www.indoordogpark.org/parks/k9-resorts-luxury-pet-hotel-plano,https://www.k9resorts.com/plano/,(469) 702-8925,Plano,TX,false
The Dog Stop - Plano (Central),,https://www.indoordogpark.org/parks/the-dog-stop-plano-central,https://thedogstop.com/locations/texas/plano/,(972) 954-3068,Plano,TX,false
Paws Up Daycare And Boarding,,https://www.indoordogpark.org/parks/paws-up-daycare-and-boarding,https://www.pawsupdaycare.com/,(469) 409-3044,Plano,TX,false
Woof Pack Stay & Play,,https://www.indoordogpark.org/parks/woof-pack-stay-play,https://www.woofpacktx.com/,(469) 814-9802,Plano,TX,false
Pet Paradise Plano Premier,,https://www.indoordogpark.org/parks/pet-paradise-plano-premier,https://www.petparadise.com/plano-premier.htm,(972) 424-7387,Plano,TX,false
Pappy's Pet Lodge - N. Plano,,https://www.indoordogpark.org/parks/pappy-s-pet-lodge-n-plano,http://www.pappyspetlodge.com/,(972) 964-7387,Plano,TX,false
Sparta Pet Palazzo,,https://www.indoordogpark.org/parks/sparta-pet-palazzo,https://www.spartapetpalazzo.com/?utm_source=gmb&utm_medium=Yext&cp=9728336450&y_source=1_MTk0NTc4OTAtNzE1LWxvY2F0aW9uLndlYnNpdGU%3D,(972) 833-6450,Plano,TX,false
K-9 University,,https://www.indoordogpark.org/parks/k-9-university,https://www.k-9.com/,(972) 801-9090,Plano,TX,false
Pets Are Inn,,https://www.indoordogpark.org/parks/pets-are-inn,https://www.petsareinn2.com/,,Plano,TX,false
Pet Paradise Plano Custer,,https://www.indoordogpark.org/parks/pet-paradise-plano-custer,https://www.petparadise.com/plano-custer.htm,(972) 359-9822,Plano,TX,false
Doggie Zen Den,,https://www.indoordogpark.org/parks/doggie-zen-den,http://www.doggiezenden.com/,(972) 747-0222,Plano,TX,false
Metro Animals,,https://www.indoordogpark.org/parks/metro-animals,http://metroanimals.com/plano,(214) 291-0514,Plano,TX,false
Top Paw Resort,,https://www.indoordogpark.org/parks/top-paw-resort,http://www.toppawresort.com/,(972) 307-7648,Carrollton,TX,false
UltiMutts,,https://www.indoordogpark.org/parks/ultimutts,http://www.ultimuttsmckinney.com/,(469) 631-0291,McKinney,TX,false
Pappy's Pet Lodge - S Plano,,https://www.indoordogpark.org/parks/pappy-s-pet-lodge-s-plano,http://pappyspetlodge.com/,(214) 473-9869,Plano,TX,false
Zoom Room Dog Training,,https://www.indoordogpark.org/parks/zoom-room-dog-training,https://zoomroom.com/location/plano/,(469) 298-9044,Plano,TX,false
Wiggle Butt Academy,,https://www.indoordogpark.org/parks/wiggle-butt-academy,https://www.wigglebuttacademy.com/,(469) 444-1474,Plano,TX,false
Tip Top K9 Dog Training,,https://www.indoordogpark.org/parks/tip-top-k9-dog-training,https://tiptopk9.com/our-locations/mckinney-dog-training/,(833) 484-7867,McKinney,TX,false
What A Great Dog!,,https://www.indoordogpark.org/parks/what-a-great-dog,http://www.whatagreatdog.com/,(214) 297-3000,Frisco,TX,false
Dog Training Elite Frisco,,https://www.indoordogpark.org/parks/dog-training-elite-frisco,https://dogtrainingelite.com/frisco,(214) 383-3391,Frisco,TX,false
Tip Top K9 Dog Training,,https://www.indoordogpark.org/parks/tip-top-k9-dog-training,https://tiptopk9.com/our-locations/frisco-dog-training/,(833) 484-7867,Frisco,TX,false
Sit Means Sit Dog Training Frisco,,https://www.indoordogpark.org/parks/sit-means-sit-dog-training-frisco,https://sitmeanssit.com/dog-training-mu/frisco-dog-training/?utm_source=google&utm_medium=gmb&utm_campaign=google_listing,(214) 433-6123,Celina,TX,false
Canine Protection International,,https://www.indoordogpark.org/parks/canine-protection-international,http://www.protectiondogs.com/,(469) 653-1524,Frisco,TX,false
Erika Ashley's Elite Dog Grooming,,https://www.indoordogpark.org/parks/erika-ashley-s-elite-dog-grooming,https://eaelitedoggrooming.myonlineappointment.com/,(469) 892-6198,Plano,TX,false
Los Rios Pet Grooming,,https://www.indoordogpark.org/parks/los-rios-pet-grooming,https://losriospetgrooming.top/,(469) 929-6123,Plano,TX,false
15th Street Pet Grooming,,https://www.indoordogpark.org/parks/15th-street-pet-grooming,http://15thstreetpetgrooming.com/,(817) 832-2854,Plano,TX,false
Rita’s Grooming Spa,,https://www.indoordogpark.org/parks/rita-s-grooming-spa,http://www.ritasgroomingspa.com/,(469) 734-1702,Plano,TX,false
Woof Gang Bakery & Grooming Plano,,https://www.indoordogpark.org/parks/woof-gang-bakery-grooming-plano,https://woofgangbakeryplano.com/,(972) 985-9663,Dallas,TX,false
Hound Therapy,,https://www.indoordogpark.org/parks/hound-therapy,https://www.houndtherapy.com/,(469) 367-0009,Plano,TX,false
Oh the Pawsibilities Salon & Stay,,https://www.indoordogpark.org/parks/oh-the-pawsibilities-salon-stay,http://ohthepawsibilities.net/,(469) 910-8000,Plano,TX,false
Woof Gang Bakery & Grooming Stonebriar,,https://www.indoordogpark.org/parks/woof-gang-bakery-grooming-stonebriar,https://woofgangbakerystonebriar.com/,(214) 407-8349,Plano,TX,false
Lakeside Pet Spa,,https://www.indoordogpark.org/parks/lakeside-pet-spa,http://lakesidepetspa.com/,(972) 403-8801,Plano,TX,false
La Pawz Dog Care,,https://www.indoordogpark.org/parks/la-pawz-dog-care,https://pgacademyusa.com/,(972) 599-7870,Plano,TX,false
Lucky Dog Grooming Plano,,https://www.indoordogpark.org/parks/lucky-dog-grooming-plano,https://luckydoggroomingtx.com/,(972) 208-4411,Plano,TX,false
Dirty Dog Salon LLC,,https://www.indoordogpark.org/parks/dirty-dog-salon-llc,https://www.dirtydogsalon.com/,(469) 560-6584,Plano,TX,false
Pet Palace,,https://www.indoordogpark.org/parks/pet-palace,http://petpalaceplano.com/,(972) 208-3530,Plano,TX,false
Le Paws Grooming,,https://www.indoordogpark.org/parks/le-paws-grooming,https://www.lepawsgrooming.net/,(972) 491-7321,Plano,TX,false
Classy Doggie Cuts LLC,,https://www.indoordogpark.org/parks/classy-doggie-cuts-llc,,(972) 618-4085,Plano,TX,false
Paw Oasis Pet Resort,,https://www.indoordogpark.org/parks/paw-oasis-pet-resort,http://pawoasispetresort.com/,(214) 432-1579,The Colony,TX,false
Prosper Dog Retreat,,https://www.indoordogpark.org/parks/prosper-dog-retreat,https://www.prosperdogretreat.com/?utm_source=gmb&utm_medium=Yext&cp=4695051202&y_source=1_MTAwMzkxMDMyMS03MTUtbG9jYXRpb24ud2Vic2l0ZQ%3D%3D,(469) 505-1202,Prosper,TX,false
Bliss Pet Resort,,https://www.indoordogpark.org/parks/bliss-pet-resort,http://www.blisspetresort.com/,(972) 347-6249,Prosper,TX,false
Willowbend Pet Sitting,,https://www.indoordogpark.org/parks/willowbend-pet-sitting,http://www.willowbendpetsitting.com/,(972) 841-7160,Plano,TX,false
The Velvet Snout,,https://www.indoordogpark.org/parks/the-velvet-snout,http://www.thevelvetsnout.com/,(972) 907-3647,Richardson,TX,false
McInnish Dog Park,,https://www.indoordogpark.org/parks/mcinnish-dog-park,https://www.cityofcarrollton.com/dogparks,(972) 466-3080,Carrollton,TX,false
Bonnie Wenk Park Dog Park,,https://www.indoordogpark.org/parks/bonnie-wenk-park-dog-park,https://www.mckinneytexas.org/1121/Dog-Park,(972) 547-7331,McKinney,TX,false
Ms Kitty's Pet Concierge,,https://www.indoordogpark.org/parks/ms-kitty-s-pet-concierge,http://pethelp.info/,(972) 853-1088,Plano,TX,false
McAlister Dog Park,,https://www.indoordogpark.org/parks/mcalister-dog-park,https://ci.lubbock.tx.us/departments/parks-recreation/parks/dog-parks,(806) 775-2687,Lubbock,TX,false
Clapp- Hub City Dog Park,,https://www.indoordogpark.org/parks/clapp-hub-city-dog-park,,,Lubbock,TX,false
MacKenzie Canyon Run Dog Park,,https://www.indoordogpark.org/parks/mackenzie-canyon-run-dog-park,,,Lubbock,TX,false
Prairie Dog Town,,https://www.indoordogpark.org/parks/prairie-dog-town,https://ci.lubbock.tx.us/departments/parks-recreation/parks/prairie-dog-town,(806) 775-2673,Lubbock,TX,false
DJ2 Private Dog Park,,https://www.indoordogpark.org/parks/dj2-private-dog-park,https://www.sniffspot.com/listings/lubbock-tx/dj2-1-acre-fully-fenced-private-dog-park-in-lubbock-147865,(409) 781-9525,Lubbock,TX,false
Private Dog Park Lubbock,,https://www.indoordogpark.org/parks/private-dog-park-lubbock,,,Lubbock,TX,false
Mackenzie Main City Park,,https://www.indoordogpark.org/parks/mackenzie-main-city-park,https://www.ci.lubbock.tx.us/,(806) 775-2673,Lubbock,TX,false
Milestones Development and Play Park,,https://www.indoordogpark.org/parks/milestones-development-and-play-park,https://milestonespark.org/,(806) 701-5290,Lubbock,TX,false
Adventure Park,,https://www.indoordogpark.org/parks/adventure-park,https://adventureparkfun.com/,(806) 793-7275,Lubbock,TX,false
wagbnb,,https://www.indoordogpark.org/parks/wagbnb,https://www.wagbnb.com/?utm_source=google_my_business&utm_medium=organic,(806) 300-8800,Lubbock,TX,false
Clapp Park,,https://www.indoordogpark.org/parks/clapp-park,https://ci.lubbock.tx.us/departments/parks-recreation/parks/lubbock-parks,(806) 797-4520,Lubbock,TX,false
McAlister Park,,https://www.indoordogpark.org/parks/mcalister-park,,(806) 775-3000,Lubbock,TX,false
Tech Terrace Park,,https://www.indoordogpark.org/parks/tech-terrace-park,https://ci.lubbock.tx.us/departments/parks-recreation/home,(806) 775-2687,Lubbock,TX,false
Richard Lopez Park,,https://www.indoordogpark.org/parks/richard-lopez-park,https://ci.lubbock.tx.us/departments/parks-recreation/parks/lubbock-parks,(806) 775-2687,Lubbock,TX,false
Remington Park,,https://www.indoordogpark.org/parks/remington-park,https://ci.lubbock.tx.us/departments/parks-recreation/parks/lubbock-parks,(806) 775-2673,Lubbock,TX,false
Pioneer Park,,https://www.indoordogpark.org/parks/pioneer-park,,(806) 775-2687,Lubbock,TX,false
Aztlan Park,,https://www.indoordogpark.org/parks/aztlan-park,,(806) 775-2687,Lubbock,TX,false
Lubbock KOA Campground & RV Park,,https://www.indoordogpark.org/parks/lubbock-koa-campground-rv-park,https://koa.com/campgrounds/lubbock/,(806) 762-8653,Lubbock,TX,false
Bill & Ann Miller Park,,https://www.indoordogpark.org/parks/bill-ann-miller-park,https://ci.lubbock.tx.us/departments/parks-recreation/parks,(806) 775-2687,Lubbock,TX,false
Hodges Park,,https://www.indoordogpark.org/parks/hodges-park,https://ci.lubbock.tx.us/departments/parks-recreation/parks/lubbock-parks,(806) 775-2687,Lubbock,TX,false
Good Paws Bed & Biscuit Inc,,https://www.indoordogpark.org/parks/good-paws-bed-biscuit-inc,,(806) 544-7919,Lubbock,TX,false
Camp Happy Pawz Boarding & Day Care,,https://www.indoordogpark.org/parks/camp-happy-pawz-boarding-day-care,http://camphappypawz.com/,(806) 805-1918,Lubbock,TX,false
Regal Pet Resort,,https://www.indoordogpark.org/parks/regal-pet-resort,http://www.regalpetresort.com/,(806) 687-1100,Lubbock,TX,false
Paw Spa Hotail & Barkery,,https://www.indoordogpark.org/parks/paw-spa-hotail-barkery,,(806) 781-5524,Lubbock,TX,false
Live Oak Pet Hotel,,https://www.indoordogpark.org/parks/live-oak-pet-hotel,https://www.liveoaklubbock.com/,(806) 794-7000,Lubbock,TX,false
Blue Sky Kennels,,https://www.indoordogpark.org/parks/blue-sky-kennels,https://blueskykennels.dog/,(806) 544-0541,Lubbock,TX,false
Pampered Paws,,https://www.indoordogpark.org/parks/pampered-paws,https://www.pamperedpawsoflubbock.com/,(806) 793-7387,Lubbock,TX,false
Tipton Pet Hotel,,https://www.indoordogpark.org/parks/tipton-pet-hotel,http://www.tiptonpethotel.com/,(806) 771-7387,Lubbock,TX,false
Dreamland Kennel,,https://www.indoordogpark.org/parks/dreamland-kennel,http://www.dreamlandkennel.com/,(806) 234-2230,Lubbock,TX,false
Lollipop Farm Boarding Kennel,,https://www.indoordogpark.org/parks/lollipop-farm-boarding-kennel,,(806) 746-6875,Lubbock,TX,false
K9CareLBK,,https://www.indoordogpark.org/parks/k9carelbk,https://k9carelbk.com/,(806) 602-8444,Lubbock,TX,false
Hollywood Pet Resort,,https://www.indoordogpark.org/parks/hollywood-pet-resort,https://www.hollywoodpetresort.com/,(806) 866-4512,Wolfforth,TX,false
"Leash and Collar Pet Care, LLC",,https://www.indoordogpark.org/parks/leash-and-collar-pet-care-llc,,(806) 370-7455,Lubbock,TX,false
Above & Beyond Pet Care Hospital,,https://www.indoordogpark.org/parks/above-beyond-pet-care-hospital,https://www.aboveandbeyondpets.com/?utm_source=gmb&utm_medium=organic&y_source=1_MTE2Njg4MDQtNzE1LWxvY2F0aW9uLndlYnNpdGU%3D,(806) 792-7297,Lubbock,TX,false
Tailored Tails of Lubbock,,https://www.indoordogpark.org/parks/tailored-tails-of-lubbock,https://www.tailoredtailsoflubbock.com/,(806) 201-5313,Lubbock,TX,false
PetSmart Doggie Day Camp,,https://www.indoordogpark.org/parks/petsmart-doggie-day-camp,https://stores.petsmart.com/tx/lubbock/lubbock/petshotel-doggie-day-camp?utm_source=google&utm_medium=organic&utm_campaign=google-my-business,(806) 798-0717,Lubbock,TX,false
PetHotels Lubbock Dog Boarding ( Cat & Dog Friendly Hotels),,https://www.indoordogpark.org/parks/pethotels-lubbock-dog-boarding-cat-dog-friendly-hotels,,(806) 304-2183,Lubbock,TX,false
K-9 Kennels,,https://www.indoordogpark.org/parks/k-9-kennels,,(806) 792-1325,Lubbock,TX,false
Lubbock Family Dog Training,,https://www.indoordogpark.org/parks/lubbock-family-dog-training,https://www.lubbockfamilydogtraining.com/,(806) 779-4072,Lubbock,TX,false
Live Oak Animal Hospital,,https://www.indoordogpark.org/parks/live-oak-animal-hospital,https://www.liveoaklubbock.com/,(806) 794-9000,Lubbock,TX,false
PetsHotel Lubbock,,https://www.indoordogpark.org/parks/petshotel-lubbock,https://reservations.petsmart.com/index.php/reservation_controller/loadReservation/188?utm_source=google&utm_medium=organic&utm_campaign=google-my-business,(806) 798-0717,Lubbock,TX,false
Off Leash K9 Training of Lubbock TX,,https://www.indoordogpark.org/parks/off-leash-k9-training-of-lubbock-tx,https://lubbockdogtraining.com/,(806) 656-3093,Lubbock,TX,false
The Disciplined Dog,,https://www.indoordogpark.org/parks/the-disciplined-dog,http://www.thedisciplineddog.com/,(806) 252-9549,Lubbock,TX,false
South Plains Obedience Training,,https://www.indoordogpark.org/parks/south-plains-obedience-training,http://www.spotc.org/,(806) 793-7708,Lubbock,TX,false
A Dog's Life Training Center,,https://www.indoordogpark.org/parks/a-dog-s-life-training-center,http://a-dogs-life.net/,(806) 319-3681,Lubbock,TX,false
PetSmart Dog Training,,https://www.indoordogpark.org/parks/petsmart-dog-training,https://stores.petsmart.com/tx/lubbock/west-lubbock/dog-training?utm_source=google&utm_medium=organic&utm_campaign=google-my-business,(806) 799-4637,Lubbock,TX,false
Rocking Paw Dog Training & Kennel Suites,,https://www.indoordogpark.org/parks/rocking-paw-dog-training-kennel-suites,http://rockingpaw.com/,(806) 562-2043,Ropesville,TX,false
Integrity K9 Trainers,,https://www.indoordogpark.org/parks/integrity-k9-trainers,http://www.ik9trainers.com/,(806) 616-6195,Idalou,TX,false
PetSmart Dog Training,,https://www.indoordogpark.org/parks/petsmart-dog-training,https://stores.petsmart.com/tx/lubbock/lubbock/dog-training?utm_source=google&utm_medium=organic&utm_campaign=google-my-business,(806) 798-0717,Lubbock,TX,false
Cimarron Pet Salon,,https://www.indoordogpark.org/parks/cimarron-pet-salon,http://www.cimarronpetsalon.com/,(806) 794-0897,Lubbock,TX,false
Woof Gang Bakery & Grooming Lubbock South,,https://www.indoordogpark.org/parks/woof-gang-bakery-grooming-lubbock-south,http://woofgangbakery.com/lubbocksouthtx,(806) 702-8091,Lubbock,TX,false
Well Groomed - Lubbock,,https://www.indoordogpark.org/parks/well-groomed-lubbock,https://wellgroomedpets.com/lubbock/,(806) 749-6045,Lubbock,TX,false
Kristi's Happy Tails Dog Grooming,,https://www.indoordogpark.org/parks/kristi-s-happy-tails-dog-grooming,,(325) 669-8601,Lubbock,TX,false
Lubbock Pet Grooming,,https://www.indoordogpark.org/parks/lubbock-pet-grooming,,(806) 785-1010,Lubbock,TX,false
Fresh Pawz Grooming by Emileigh Bishop,,https://www.indoordogpark.org/parks/fresh-pawz-grooming-by-emileigh-bishop,https://freshpawzgrooming.square.site/,(806) 438-4331,Lubbock,TX,false
Heavenly Paws Grooming and Spa,,https://www.indoordogpark.org/parks/heavenly-paws-grooming-and-spa,http://www.heavenlylubbock.com/,(806) 793-4468,Lubbock,TX,false
Legacy Grooming,,https://www.indoordogpark.org/parks/legacy-grooming,,(806) 281-8885,Lubbock,TX,false
Barking Beauties LBK,,https://www.indoordogpark.org/parks/barking-beauties-lbk,https://www.barkingbeautieslbk.com/,(806) 782-8875,Lubbock,TX,false
Resa's K-9 Salon,,https://www.indoordogpark.org/parks/resa-s-k-9-salon,http://resask-9salon.com/,(806) 793-9191,Lubbock,TX,false
Dog Gone Beautiful,,https://www.indoordogpark.org/parks/dog-gone-beautiful,https://doggonebeautifullbk.com/,(806) 796-2115,Lubbock,TX,false
Classic Grooming,,https://www.indoordogpark.org/parks/classic-grooming,,(806) 792-8055,Lubbock,TX,false
Pet Supplies Plus Lubbock,,https://www.indoordogpark.org/parks/pet-supplies-plus-lubbock,https://www.petsuppliesplus.com/store/tx/lubbock/4511-lubbock/4511,(806) 701-6011,Lubbock,TX,false
Oodles & Doodles Grooming of Lubbock,,https://www.indoordogpark.org/parks/oodles-doodles-grooming-of-lubbock,,(806) 772-5809,Lubbock,TX,false
PetSmart,,https://www.indoordogpark.org/parks/petsmart,https://www.petsmart.com/stores/us/tx/lubbock-store0188.html?utm_source=google&utm_medium=organic&utm_campaign=google-my-business,(806) 798-0717,Lubbock,TX,false
Pawsitively Purrfect,,https://www.indoordogpark.org/parks/pawsitively-purrfect,,(806) 795-3323,Lubbock,TX,false
Green Acres Boarding Kennels,,https://www.indoordogpark.org/parks/green-acres-boarding-kennels,,(806) 783-0122,Lubbock,TX,false
Garland Dog Park,,https://www.indoordogpark.org/parks/garland-dog-park,http://www.garlandtx.gov/2099/Dog-Park,(972) 205-2750,Garland,TX,false
Central Dog Park,,https://www.indoordogpark.org/parks/central-dog-park,http://garlandtx.gov/,,Garland,TX,false
Bailey’s Backyard Dallas,,https://www.indoordogpark.org/parks/bailey-s-backyard-dallas,https://baileysbackyarddallas.com/,(469) 688-5779,Garland,TX,false
Paws by Coleman,,https://www.indoordogpark.org/parks/paws-by-coleman,https://pawsbycoleman.com/,(945) 327-7528,Garland,TX,false
Miss Vicky's Pet Sitting & Services,,https://www.indoordogpark.org/parks/miss-vicky-s-pet-sitting-services,http://www.missvickyspetsitting.com/,(972) 740-1887,Garland,TX,false
Camp Bow Wow Rowlett,,https://www.indoordogpark.org/parks/camp-bow-wow-rowlett,https://www.campbowwow.com/rowlett/,(469) 972-8717,Rowlett,TX,false
Doggie Daddy Daycare,,https://www.indoordogpark.org/parks/doggie-daddy-daycare,,(832) 377-7332,Wylie,TX,false
Kinder Kritter,,https://www.indoordogpark.org/parks/kinder-kritter,http://kinderkritter.com/,(214) 321-3939,Dallas,TX,false
Force Free Cain9’s,,https://www.indoordogpark.org/parks/force-free-cain9-s,,(239) 537-9883,Garland,TX,false
Lake Pointe Pet Resort,,https://www.indoordogpark.org/parks/lake-pointe-pet-resort,http://www.lakepointepetresort.com/,(972) 412-7250,Rowlett,TX,false
A Purr-Fect Dog Grooming & Day Care,,https://www.indoordogpark.org/parks/a-purr-fect-dog-grooming-day-care,https://www.facebook.com/purrfectdog1/,(214) 934-6239,Garland,TX,false
Frankies paws and play,,https://www.indoordogpark.org/parks/frankies-paws-and-play,https://frankiespawsandplay.com/,(469) 212-3737,Rowlett,TX,false
Dogtopia of The Shire at CityLine,,https://www.indoordogpark.org/parks/dogtopia-of-the-shire-at-cityline,https://www.dogtopia.com/richardson-theshire-cityline/,(469) 202-0787,Richardson,TX,false
Hounds Town - Dallas - Sunnyvale,,https://www.indoordogpark.org/parks/hounds-town-dallas-sunnyvale,https://houndstownusa.com/locations/dallas-sunnyvale/?utm_source=google&utm_medium=map&utm_id=dallas-sunnyvale,(469) 807-7297,Sunnyvale,TX,false
PetSuites Murphy,,https://www.indoordogpark.org/parks/petsuites-murphy,https://murphy.petsuitesofamerica.com/?utm_source=gmb&utm_medium=organic&y_source=1_MTE2NjkwNzktNzE1LWxvY2F0aW9uLndlYnNpdGU%3D,(469) 722-7718,Murphy,TX,false
Pappy's Pet Lodge - Richardson,,https://www.indoordogpark.org/parks/pappy-s-pet-lodge-richardson,http://www.pappyspetlodge.com/,(972) 919-1900,Richardson,TX,false
"The Dog House , LLC",,https://www.indoordogpark.org/parks/the-dog-house-llc,http://thedoghouserockwall.com/,(972) 771-2230,Rockwall,TX,false
Canine & Co. Dog Resort,,https://www.indoordogpark.org/parks/canine-co-dog-resort,https://www.caninecoresort.com/,(469) 653-0065,Rockwall,TX,false
Camp Diggy Bones,,https://www.indoordogpark.org/parks/camp-diggy-bones,http://www.campdiggybones.com/,(214) 298-7562,Lavon,TX,false
PetHotels,,https://www.indoordogpark.org/parks/pethotels,,(682) 338-5311,Garland,TX,false
Center for Canine Sports,,https://www.indoordogpark.org/parks/center-for-canine-sports,,,Garland,TX,false
Dog Training Institute,,https://www.indoordogpark.org/parks/dog-training-institute,http://www.dallasdti.com/,(469) 466-4906,Rockwall,TX,false
PetSmart Dog Training,,https://www.indoordogpark.org/parks/petsmart-dog-training,https://stores.petsmart.com/tx/garland/garland/dog-training?utm_source=google&utm_medium=organic&utm_campaign=google-my-business,(972) 675-4900,Garland,TX,false
Petco Dog Training,,https://www.indoordogpark.org/parks/petco-dog-training,https://stores.petco.com/tx/garland/dog-training-garland-tx-1476.html,(214) 703-0632,Garland,TX,false
Puppy Dreams - Garland,,https://www.indoordogpark.org/parks/puppy-dreams-garland,http://www.mypuppydreams.com/,(469) 209-0535,Garland,TX,false
PetSmart Dog Training,,https://www.indoordogpark.org/parks/petsmart-dog-training,https://stores.petsmart.com/tx/rowlett/rowlett/dog-training?utm_source=google&utm_medium=organic&utm_campaign=google-my-business,(972) 412-1624,Rowlett,TX,false
Traveling Dog Trainer,,https://www.indoordogpark.org/parks/traveling-dog-trainer,http://www.travelingdogtrainer.com/,(972) 364-7910,Dallas,TX,false
Dallas Dog Elite,,https://www.indoordogpark.org/parks/dallas-dog-elite,,(214) 548-3356,Richardson,TX,false
Espresso Dog Training,,https://www.indoordogpark.org/parks/espresso-dog-training,http://espressodogtraining.com/,(945) 258-5139,Garland,TX,false
The Dog House Grooming,,https://www.indoordogpark.org/parks/the-dog-house-grooming,,(972) 675-9769,Garland,TX,false
Dfw pet love spa Pet grooming,,https://www.indoordogpark.org/parks/dfw-pet-love-spa-pet-grooming,https://lpet.net/explore/dfw-pet-love-spa-pet-grooming/,(214) 422-3090,Garland,TX,false
K-9 Cuts Groom & Board,,https://www.indoordogpark.org/parks/k-9-cuts-groom-board,http://k9cutsgarland.com/,(972) 240-6477,Garland,TX,false
Rebecca’s Grooming,,https://www.indoordogpark.org/parks/rebecca-s-grooming,http://www.rebeccasgrooming.net/,(469) 847-4319,Garland,TX,false
K9's Paws 'n Claws,,https://www.indoordogpark.org/parks/k9-s-paws-n-claws,,(972) 530-8116,Garland,TX,false
Doggie Wash LLC,,https://www.indoordogpark.org/parks/doggie-wash-llc,https://doggiewash.net/,(214) 501-4564,Garland,TX,false
Victor's Pet Grooming,,https://www.indoordogpark.org/parks/victor-s-pet-grooming,,(469) 987-9534,Garland,TX,false
Durango Pets Grooming #2,,https://www.indoordogpark.org/parks/durango-pets-grooming-2,https://www.facebook.com/durangopetsgrooming2,(214) 422-3090,Garland,TX,false
Life Spa Pet Grooming LLC,,https://www.indoordogpark.org/parks/life-spa-pet-grooming-llc,,(214) 422-3090,Garland,TX,false
petbar Boutique - Sachse,,https://www.indoordogpark.org/parks/petbar-boutique-sachse,https://www.petbarinc.com/locations/sachse-tx/,(214) 440-2252,Sachse,TX,false
Hot Diggity Dog,,https://www.indoordogpark.org/parks/hot-diggity-dog,https://bit.ly/3NNOGop,(972) 463-2992,Rowlett,TX,false
April's Grooming,,https://www.indoordogpark.org/parks/april-s-grooming,https://aprilsgrooming.services/,(972) 310-6598,Garland,TX,false
PetSmart,,https://www.indoordogpark.org/parks/petsmart,https://www.petsmart.com/stores/us/tx/garland-store1109.html?utm_source=google&utm_medium=organic&utm_campaign=google-my-business,(972) 675-4900,Garland,TX,false
Petco Grooming,,https://www.indoordogpark.org/parks/petco-grooming,https://stores.petco.com/tx/pasadena/full-service-grooming-pasadena-tx-492.html,(713) 944-1777,Pasadena,TX,false
Pet Supplies Plus Garland,,https://www.indoordogpark.org/parks/pet-supplies-plus-garland,https://www.petsuppliesplus.com/Store/TX/Garland/Garland/7015,(469) 814-0988,Garland,TX,false
Campbell Park Animal Hospital,,https://www.indoordogpark.org/parks/campbell-park-animal-hospital,https://campbellparkvet.com/,(972) 495-3083,Garland,TX,false
Kindness Small Animal Hospital,,https://www.indoordogpark.org/parks/kindness-small-animal-hospital,http://www.kindnessvets.com/,(972) 530-5463,Garland,TX,false
Barkington Inn,,https://www.indoordogpark.org/parks/barkington-inn,,(214) 908-6788,Mesquite,TX,false
Paws Colinas Dog Park,,https://www.indoordogpark.org/parks/paws-colinas-dog-park,http://lascolinas.org/paws,(972) 721-2501,Irving,TX,false
Irving Dog Park,,https://www.indoordogpark.org/parks/irving-dog-park,https://www.cityofirving.org/facilities/facility/details/cityofirvingdogpark-114,(972) 721-2256,Irving,TX,false
Wuf Pet Resort & Spa,,https://www.indoordogpark.org/parks/wuf-pet-resort-spa,http://www.wufspa.com/,(972) 785-2983,Irving,TX,false
Dog's Day Out,,https://www.indoordogpark.org/parks/dog-s-day-out,http://www.dogsdayouttexas.com/,(972) 459-6690,Lewisville,TX,false
Dogtopia of Las Colinas,,https://www.indoordogpark.org/parks/dogtopia-of-las-colinas,https://www.dogtopia.com/texas-las-colinas/,(469) 691-0213,Carrollton,TX,false
Pet Paradise Las Colinas,,https://www.indoordogpark.org/parks/pet-paradise-las-colinas,https://www.petparadise.com/las-colinas.htm,(972) 401-3647,Irving,TX,false
Larry's Dog Boarding & Dog Day Care,,https://www.indoordogpark.org/parks/larry-s-dog-boarding-dog-day-care,,(972) 201-4450,Irving,TX,false
Camp Bow Wow Coppell,,https://www.indoordogpark.org/parks/camp-bow-wow-coppell,https://www.campbowwow.com/coppell/?utm_source=GMB&utm_medium=organic&utm_campaign=Coppell,(469) 402-5803,Coppell,TX,false
The Paw Bud,,https://www.indoordogpark.org/parks/the-paw-bud,https://www.thepawbud.com/,(817) 366-2938,Irving,TX,false
Camp Bow Wow Grapevine Airport,,https://www.indoordogpark.org/parks/camp-bow-wow-grapevine-airport,https://www.campbowwow.com/grapevine-airport/,(817) 697-7875,Grapevine,TX,false
Barney's Ranch,,https://www.indoordogpark.org/parks/barney-s-ranch,https://www.barneysranch.com/,(469) 450-7040,Carrollton,TX,false
VCA Metroplex Animal Hospital & Pet Lodge,,https://www.indoordogpark.org/parks/vca-metroplex-animal-hospital-pet-lodge,https://vcahospitals.com/metroplex?utm_source=maps&utm_medium=organic&utm_campaign=AU_558,(972) 438-7113,Irving,TX,false
PetHotels - Irving Dog Boarding ( Cat & Dog Friendly Hotels),,https://www.indoordogpark.org/parks/pethotels-irving-dog-boarding-cat-dog-friendly-hotels,,(682) 338-5308,Irving,TX,false
CityVet | Las Colinas,,https://www.indoordogpark.org/parks/cityvet-las-colinas,https://www.cityvet.com/las-colinas/,(972) 402-6377,Irving,TX,false
Tip Top K9 Irving Dog Training,,https://www.indoordogpark.org/parks/tip-top-k9-irving-dog-training,https://tiptopk9.com/our-locations/irving-dog-training/?utm_source=gbp&utm_medium=organic&utm_campaign=irving-gbp,(469) 397-3000,Irving,TX,false
Canine Companions South Central training Center,,https://www.indoordogpark.org/parks/canine-companions-south-central-training-center,http://www.canine.org/southcentral,(214) 259-4700,Irving,TX,false
Prestige K9 DFW,,https://www.indoordogpark.org/parks/prestige-k9-dfw,https://prestigek9.com/dfw-tx/,(469) 382-3116,Cedar Hill,TX,false
PetSmart Dog Training,,https://www.indoordogpark.org/parks/petsmart-dog-training,https://stores.petsmart.com/tx/irving/irving/dog-training?utm_source=google&utm_medium=organic&utm_campaign=google-my-business,(972) 255-0027,Irving,TX,false
PetSmart Dog Training,,https://www.indoordogpark.org/parks/petsmart-dog-training,https://stores.petsmart.com/tx/irving/las-colinas/dog-training?utm_source=google&utm_medium=organic&utm_campaign=google-my-business,(972) 506-7740,Irving,TX,false
JRK9 Dog Training,,https://www.indoordogpark.org/parks/jrk9-dog-training,https://www.jrk9.com/,(469) 287-0672,Corinth,TX,false
Eze Does It K-9 Training,,https://www.indoordogpark.org/parks/eze-does-it-k-9-training,https://ezedoesit.com/,(254) 833-0966,Farmers Branch,TX,false
CMC Dog Training,,https://www.indoordogpark.org/parks/cmc-dog-training,http://cmcdogtraining.com/,(817) 430-1292,Flower Mound,TX,false
What An Obedient Dog!,,https://www.indoordogpark.org/parks/what-an-obedient-dog,https://www.rebeccahkleinberg.com/dog-training/,(469) 464-4547,Carrollton,TX,false
"USA Dog Behavior, LLC",,https://www.indoordogpark.org/parks/usa-dog-behavior-llc,https://www.usadogbehavior.com/,(972) 965-4687,Dallas,TX,false
Complete Passion Dog Grooming,,https://www.indoordogpark.org/parks/complete-passion-dog-grooming,https://lpet.net/explore/complete-passion-dog-grooming/,(972) 457-0084,Irving,TX,false
Complete Passion Dog Grooming,,https://www.indoordogpark.org/parks/complete-passion-dog-grooming,https://www.facebook.com/completepassiondoggrooming?mibextid=LQQJ4d,(903) 647-7796,Irving,TX,false
Petco Grooming,,https://www.indoordogpark.org/parks/petco-grooming,https://stores.petco.com/tx/irving/full-service-grooming-irving-tx-2406.html,(972) 871-0525,Irving,TX,false
PCoCo Dog Grooming - Salon,,https://www.indoordogpark.org/parks/pcoco-dog-grooming-salon,https://pcocodoggrooming.com/,(469) 464-3734,Coppell,TX,false
PetSmart,,https://www.indoordogpark.org/parks/petsmart,https://www.petsmart.com/stores/us/tx/irving-store1104.html?utm_source=google&utm_medium=organic&utm_campaign=google-my-business,(972) 506-7740,Irving,TX,false
Splash and Dash Groomerie & Boutique,,https://www.indoordogpark.org/parks/splash-and-dash-groomerie-boutique,http://splashanddashfordogs.com/coppell,(972) 745-7387,Coppell,TX,false
PetSmart Grooming,,https://www.indoordogpark.org/parks/petsmart-grooming,https://stores.petsmart.com/tx/irving/irving/grooming?utm_source=google&utm_medium=organic&utm_campaign=google-my-business,(972) 255-0027,Irving,TX,false
O'Connor Animal Hospital,,https://www.indoordogpark.org/parks/o-connor-animal-hospital,http://oconnoranimalhospital.com/,(972) 570-0234,Irving,TX,false
Story Road Animal Hospital,,https://www.indoordogpark.org/parks/story-road-animal-hospital,https://veterinarianirvingtx.com/?utm_source=gmb&utm_medium=Yext&cp=9729457158&y_source=1_MTYxMTMwMjQtNzE1LWxvY2F0aW9uLndlYnNpdGU%3D,(972) 945-7158,Irving,TX,false
Cutie Pie Pets Grooming & Boutique,,https://www.indoordogpark.org/parks/cutie-pie-pets-grooming-boutique,https://www.cutiepiepetsgrooming.com/,(972) 745-7387,Coppell,TX,false
Petco,,https://www.indoordogpark.org/parks/petco,https://stores.petco.com/tx/grandpairie/pet-supplies-grandpairie-tx-1474.html,(972) 522-2202,Grand Prairie,TX,false
Canine Courtyard Lewisville,,https://www.indoordogpark.org/parks/canine-courtyard-lewisville,https://caninecourtyard.com/?utm_source=gmb&utm_medium=Yext&cp=9727774815&y_source=1_MjQ4NzkzNzAtNzE1LWxvY2F0aW9uLndlYnNpdGU%3D,(972) 777-4815,Lewisville,TX,false
Animal Boarding of Farmers Branch,,https://www.indoordogpark.org/parks/animal-boarding-of-farmers-branch,https://animalboardingandgrooming.com/,(972) 247-7900,Farmers Branch,TX,false
Ryan's Cuddles and Care,,https://www.indoordogpark.org/parks/ryan-s-cuddles-and-care,https://www.rccpetboardingservices.com/,(504) 339-8335,Irving,TX,false
John Stiff Memorial Dog Park,,https://www.indoordogpark.org/parks/john-stiff-memorial-dog-park,,(806) 378-3036,Amarillo,TX,false
Dog Park at Love’s Travel Stops,,https://www.indoordogpark.org/parks/dog-park-at-love-s-travel-stops,https://www.loves.com/dogparks,(806) 358-2551,Amarillo,TX,false
Benton Park,,https://www.indoordogpark.org/parks/benton-park,https://amarilloparks.org/parks-facilities/parks/benton-park,(806) 378-3036,Amarillo,TX,false
Thompson Memorial Park,,https://www.indoordogpark.org/parks/thompson-memorial-park,https://www.amarilloparks.org/parks-facilities/parks/thompson-memorial-park,(806) 378-3036,Amarillo,TX,false
Southeast Park Dog Park,,https://www.indoordogpark.org/parks/southeast-park-dog-park,https://www.canyontx.gov/688/Parks-Recreation,,Canyon,TX,false
Amarillo Fetch,,https://www.indoordogpark.org/parks/amarillo-fetch,https://www.amarillofetch.com/?utm_source=ignite&utm_medium=localseo&utm_campaign=gbp,(806) 680-5557,Amarillo,TX,false
Ellwood Park,,https://www.indoordogpark.org/parks/ellwood-park,https://www.amarilloparks.org/parks-facilities/parks/ellwood-park,(806) 378-3036,Amarillo,TX,false
Thompson Dog Park,,https://www.indoordogpark.org/parks/thompson-dog-park,,,Amarillo,TX,false
Medical Center Park,,https://www.indoordogpark.org/parks/medical-center-park,https://amarilloparks.org/parks-facilities/parks/medical-center-park,(806) 378-3036,Amarillo,TX,false
Big Texan RV Ranch,,https://www.indoordogpark.org/parks/big-texan-rv-ranch,https://www.bigtexanrvranch.com/,(806) 373-4962,Amarillo,TX,false
Stephen F. Austin Park,,https://www.indoordogpark.org/parks/stephen-f-austin-park,,,Amarillo,TX,false
AMBUCS Playground at John Ward Memorial Park,,https://www.indoordogpark.org/parks/ambucs-playground-at-john-ward-memorial-park,http://amarilloparks.org/,(806) 378-3036,Amarillo,TX,false
Southeast Park,,https://www.indoordogpark.org/parks/southeast-park,https://www.amarilloparks.org/parks-facilities/parks/southeast-park,(806) 378-3036,Amarillo,TX,false
"Sidekicks Stay & Play - Amarillo, TX",,https://www.indoordogpark.org/parks/sidekicks-stay-play-amarillo-tx,http://www.sidekicksamarillo.com/,(806) 395-3133,Amarillo,TX,false
Fort Amarillo RV Park,,https://www.indoordogpark.org/parks/fort-amarillo-rv-park,http://fortrvparks.com/,(806) 331-1700,Amarillo,TX,false
John Stiff Memorial Park,,https://www.indoordogpark.org/parks/john-stiff-memorial-park,https://www.amarilloparks.org/parks-facilities/parks/john-stiff-memorial-park,(806) 378-3036,Amarillo,TX,false
Canine Country Club,,https://www.indoordogpark.org/parks/canine-country-club,http://www.caninecountryclubamarillo.com/,(806) 352-6086,Amarillo,TX,false
Critter Camp Pet Resort,,https://www.indoordogpark.org/parks/critter-camp-pet-resort,http://www.crittercamp.com/,(806) 655-8444,Canyon,TX,false
Borger Dog Park,,https://www.indoordogpark.org/parks/borger-dog-park,https://www.borgertx.gov/442/Borger-Dog-Park,(806) 273-0900,Borger,TX,false
El Alamo Park,,https://www.indoordogpark.org/parks/el-alamo-park,https://www.amarilloparks.org/parks-facilities/parks/el-alamo-park,(806) 378-3036,Amarillo,TX,false
Good Dog Pet Ranch,,https://www.indoordogpark.org/parks/good-dog-pet-ranch,http://www.gooddogpetranch.com/,(806) 310-9999,Amarillo,TX,false
Central Bark Amarillo,,https://www.indoordogpark.org/parks/central-bark-amarillo,https://www.centralbarkusa.com/amarillo/,(806) 437-1060,Amarillo,TX,false
Le Chateau Pet Resort - Pet Boarding Amarillo,,https://www.indoordogpark.org/parks/le-chateau-pet-resort-pet-boarding-amarillo,http://lechateaupetresort.com/,(806) 331-1100,Amarillo,TX,false
Willow Creek Kennels,,https://www.indoordogpark.org/parks/willow-creek-kennels,http://www.amarillodogboarding.com/,(806) 383-6155,Amarillo,TX,false
Beaus Backyard,,https://www.indoordogpark.org/parks/beaus-backyard,http://www.beausbackyard.net/,(806) 367-5254,Amarillo,TX,false
White House Pet Supplies,,https://www.indoordogpark.org/parks/white-house-pet-supplies,http://806whitehousepetsupplies.com/,(806) 433-4079,Amarillo,TX,false
Rowdy Dogs Pet Resort,,https://www.indoordogpark.org/parks/rowdy-dogs-pet-resort,,(806) 316-0406,Amarillo,TX,false
Precious Pets Hotel,,https://www.indoordogpark.org/parks/precious-pets-hotel,,(806) 353-3388,Amarillo,TX,false
Shaggy to Chic Dog Enhancement Center,,https://www.indoordogpark.org/parks/shaggy-to-chic-dog-enhancement-center,http://www.shaggytochicdec.com/,(806) 570-7806,Amarillo,TX,false
Bomb City K9 Training,,https://www.indoordogpark.org/parks/bomb-city-k9-training,http://www.bombcityk9training.com/,(806) 336-5900,Amarillo,TX,false
Proven K9 Training Amarillo,,https://www.indoordogpark.org/parks/proven-k9-training-amarillo,https://www.provendogtraining.com/?utm_source=google-map&utm_campaign=gmb&utm_medium=organic,(806) 429-4620,Amarillo,TX,false
Integrity K9 Trainers,,https://www.indoordogpark.org/parks/integrity-k9-trainers,http://www.ik9trainers.com/,(806) 332-7000,Amarillo,TX,false
Doggie Stylin Spaw,,https://www.indoordogpark.org/parks/doggie-stylin-spaw,http://doggiestylinspaw.com/,(806) 410-9137,Amarillo,TX,false
RuffLife,,https://www.indoordogpark.org/parks/rufflife,http://rufflifek9.com/?utm_source=google&utm_medium=wix_google_business_profile&utm_campaign=7478896837465288556,(806) 670-3603,Amarillo,TX,false
The Classy Pooch LLC,,https://www.indoordogpark.org/parks/the-classy-pooch-llc,http://www.facebook.com/doggroomingbyalisen,(806) 468-7604,Amarillo,TX,false
The Kitty Oasis,,https://www.indoordogpark.org/parks/the-kitty-oasis,https://thekittyoasis.com/,(806) 803-1850,Amarillo,TX,false
Off Leash K9 Training Amarillo,,https://www.indoordogpark.org/parks/off-leash-k9-training-amarillo,https://amarillodogtrainers.com/,(806) 680-6845,Amarillo,TX,false
Happy Tracks Horse Motel,,https://www.indoordogpark.org/parks/happy-tracks-horse-motel,https://www.happytrackshorsemotel.com/,(806) 352-9508,Amarillo,TX,false
Amarillo Obedience Training Club,,https://www.indoordogpark.org/parks/amarillo-obedience-training-club,http://www.aotcdogs.com/,,Amarillo,TX,false
Bent Creek Kennels,,https://www.indoordogpark.org/parks/bent-creek-kennels,http://bentcreekkennels.com/,(806) 679-1972,Amarillo,TX,false
PetSmart Dog Training,,https://www.indoordogpark.org/parks/petsmart-dog-training,https://stores.petsmart.com/tx/amarillo/amarillo/dog-training?utm_source=google&utm_medium=organic&utm_campaign=google-my-business,(806) 351-1171,Amarillo,TX,false
Petco Dog Training,,https://www.indoordogpark.org/parks/petco-dog-training,https://stores.petco.com/tx/amarillo/dog-training-amarillo-tx-1479.html,(806) 353-3304,Amarillo,TX,false
Woof Gang Bakery & Grooming Amarillo,,https://www.indoordogpark.org/parks/woof-gang-bakery-grooming-amarillo,https://www.woofgangbakery.com/amarillotx?utm_source=google&utm_medium=gmb,(806) 318-5003,Amarillo,TX,false
Phat and Sassy Dog Grooming,,https://www.indoordogpark.org/parks/phat-and-sassy-dog-grooming,http://www.amarillodoggrooming.com/,(806) 640-2850,Amarillo,TX,false
Need Us Bark Us Dog Salon & Spa,,https://www.indoordogpark.org/parks/need-us-bark-us-dog-salon-spa,http://www.needusbarkus.net/,(806) 356-0579,Amarillo,TX,false
Diamond in the Ruff dog grooming,,https://www.indoordogpark.org/parks/diamond-in-the-ruff-dog-grooming,,(806) 418-6750,Amarillo,TX,false
Diva dogs grooming,,https://www.indoordogpark.org/parks/diva-dogs-grooming,,(806) 236-9117,Amarillo,TX,false
Unleashed,,https://www.indoordogpark.org/parks/unleashed,http://www.unleashedamarillo.com/,(806) 355-1222,Amarillo,TX,false
The Paw Spa,,https://www.indoordogpark.org/parks/the-paw-spa,,(806) 674-1935,Amarillo,TX,false
Best Lil Grooming Shop In Texas,,https://www.indoordogpark.org/parks/best-lil-grooming-shop-in-texas,,(806) 282-8885,Amarillo,TX,false
Muttley’s Pet Salon,,https://www.indoordogpark.org/parks/muttley-s-pet-salon,https://muttleyspetsalon.com/,(806) 352-0159,Amarillo,TX,false
The Groomery,,https://www.indoordogpark.org/parks/the-groomery,,(806) 437-1606,Amarillo,TX,false
Le Pucci Bijou Dog Grooming Parlor,,https://www.indoordogpark.org/parks/le-pucci-bijou-dog-grooming-parlor,http://le-pucci-bijou-dog-grooming-parlor.square.site/,(806) 310-3459,Amarillo,TX,false
Squeaky Paws Dog Grooming,,https://www.indoordogpark.org/parks/squeaky-paws-dog-grooming,,(806) 930-2657,Amarillo,TX,false
Carol's Pet Salon,,https://www.indoordogpark.org/parks/carol-s-pet-salon,https://www.carolspetsalon.com/,(806) 352-6861,Amarillo,TX,false
Paula's Paws Pet Grooming,,https://www.indoordogpark.org/parks/paula-s-paws-pet-grooming,,(806) 654-5153,Amarillo,TX,false
Groovy Dog Grooming,,https://www.indoordogpark.org/parks/groovy-dog-grooming,,(806) 910-8313,Amarillo,TX,false
Coronado Pet Shoppe,,https://www.indoordogpark.org/parks/coronado-pet-shoppe,http://coronadopets.com/,(806) 353-1511,Amarillo,TX,false
The Great Escape,,https://www.indoordogpark.org/parks/the-great-escape,https://thegreatescapepets.wixsite.com/petservices,(315) 545-6887,Amarillo,TX,false
Dog City Boarding,,https://www.indoordogpark.org/parks/dog-city-boarding,https://dog-city-1.ueniweb.com/,(469) 650-6719,Grand Prairie,TX,false
PetSmart Dog Training,,https://www.indoordogpark.org/parks/petsmart-dog-training,https://stores.petsmart.com/tx/grand-prairie/grand-prairie/dog-training?utm_source=google&utm_medium=organic&utm_campaign=google-my-business,(972) 660-8844,Grand Prairie,TX,false
Top Dog k9 club,,https://www.indoordogpark.org/parks/top-dog-k9-club,,(214) 885-2749,Grand Prairie,TX,false
Petco Dog Training,,https://www.indoordogpark.org/parks/petco-dog-training,https://stores.petco.com/tx/grandprairie/dog-training-grandprairie-tx-1474.html,(972) 522-2202,Grand Prairie,TX,false
Petco Dog Training,,https://www.indoordogpark.org/parks/petco-dog-training,https://stores.petco.com/tx/grandprairie/dog-training-grandprairie-tx-2425.html?cm_mmc=GMAPSPET-_-GMB-_-SVC-_-TRN-_-TRN-_-AQU-_-NA-_-SVC_GMB_Evergreen_Training_TX_Grand%20Prairie_2425-_-GMB-_-TrainingGMB,(214) 677-4926,Grand Prairie,TX,false
Dallas Air Dogs,,https://www.indoordogpark.org/parks/dallas-air-dogs,,(972) 740-9157,Midlothian,TX,false
Ward's Dog Training,,https://www.indoordogpark.org/parks/ward-s-dog-training,http://www.wardsdogtraining.com/,(972) 768-5374,Midlothian,TX,false
Shiloh Road Dog Training,,https://www.indoordogpark.org/parks/shiloh-road-dog-training,http://www.shilohroaddogtraining.com/,(469) 834-8144,Midlothian,TX,false
Only Champs Club,,https://www.indoordogpark.org/parks/only-champs-club,,(817) 995-5569,Grand Prairie,TX,false
"The Balanced Canine DFW, LLC",,https://www.indoordogpark.org/parks/the-balanced-canine-dfw-llc,https://thebalancedcaninedfw.com/,(817) 798-1909,Midlothian,TX,false
Tailored Tails Pet Spa,,https://www.indoordogpark.org/parks/tailored-tails-pet-spa,https://www.tailoredtailspetspa.com/,(972) 246-8006,Grand Prairie,TX,false
Doggie Do's Spa,,https://www.indoordogpark.org/parks/doggie-do-s-spa,,(972) 602-9901,Grand Prairie,TX,false
Mobile Dog Grooming and Training,,https://www.indoordogpark.org/parks/mobile-dog-grooming-and-training,https://mobiledoggroomingandtraining.com/,(817) 320-2010,Mansfield,TX,false
PetSmart,,https://www.indoordogpark.org/parks/petsmart,https://www.petsmart.com/stores/us/tx/grand-prairie-store1070.html?utm_source=google&utm_medium=organic&utm_campaign=google-my-business,(972) 660-8844,Grand Prairie,TX,false
PetSmart Grooming,,https://www.indoordogpark.org/parks/petsmart-grooming,https://stores.petsmart.com/tx/grand-prairie/grand-prairie/grooming?utm_source=google&utm_medium=organic&utm_campaign=google-my-business,(972) 660-8844,Grand Prairie,TX,false
Autumn’s Pampered Paws,,https://www.indoordogpark.org/parks/autumn-s-pampered-paws,http://autumnspamperedpaws.com/,(281) 814-5352,Euless,TX,false
Petco Grooming,,https://www.indoordogpark.org/parks/petco-grooming,https://stores.petco.com/tx/grandprairie/full-service-grooming-grandprairie-tx-2425.html,(214) 677-4926,Grand Prairie,TX,false
Petco Grooming,,https://www.indoordogpark.org/parks/petco-grooming,https://stores.petco.com/tx/grandprairie/full-service-grooming-grandprairie-tx-1474.html,(972) 522-2202,Grand Prairie,TX,false
Pet Village,,https://www.indoordogpark.org/parks/pet-village,http://www.thepetvillage.us/,(972) 709-7387,Duncanville,TX,false
Pup It Up,,https://www.indoordogpark.org/parks/pup-it-up,,(817) 225-6800,Mansfield,TX,false
Penny Paws Animal Hospital - Grand Prairie,,https://www.indoordogpark.org/parks/penny-paws-animal-hospital-grand-prairie,https://www.pennypaws.com/,(682) 253-5177,Grand Prairie,TX,false
All About Dogs,,https://www.indoordogpark.org/parks/all-about-dogs,https://www.midlodogs.com/,(972) 775-7800,Midlothian,TX,false
Petco,,https://www.indoordogpark.org/parks/petco,https://stores.petco.com/tx/grandprairie/pet-supplies-grandprairie-tx-2425.html,(214) 677-4926,Grand Prairie,TX,false
Pets of Perfection,,https://www.indoordogpark.org/parks/pets-of-perfection,https://midlo-pop.com/,(972) 775-3377,Midlothian,TX,false
Passion Pet Care Services,,https://www.indoordogpark.org/parks/passion-pet-care-services,https://www.passionpetcareservices.com/,(972) 514-7833,Grand Prairie,TX,false
Catherine B. Stillman Dog Park,,https://www.indoordogpark.org/parks/catherine-b-stillman-dog-park,https://www.brownsvilletx.gov/facilities/facility/details/Catherine-Stillman-Dog-Park-4,(956) 544-7351,Olmito,TX,false
Redmore Dog Park,,https://www.indoordogpark.org/parks/redmore-dog-park,,,Brownsville,TX,false
Windwood Park,,https://www.indoordogpark.org/parks/windwood-park,http://parks.cob.us/,(956) 542-2064,Brownsville,TX,false
Lincoln Park,,https://www.indoordogpark.org/parks/lincoln-park,https://www.brownsvilletx.gov/facilities/facility/details/Lincoln-Park-13,(956) 997-4875,Brownsville,TX,false
Harlingen Rotary Bark Park,,https://www.indoordogpark.org/parks/harlingen-rotary-bark-park,https://www.harlingentx.gov/business_detail_T34_R303.php,(956) 216-5951,Harlingen,TX,false
Tony Gonzalez Park,,https://www.indoordogpark.org/parks/tony-gonzalez-park,http://parks.cob.us/,(956) 541-6202,Brownsville,TX,false
Brownsville Sports Park,,https://www.indoordogpark.org/parks/brownsville-sports-park,http://www.btxsportspark.com/,(956) 574-6650,Brownsville,TX,false
Ernesto Gamez Cascade Park,,https://www.indoordogpark.org/parks/ernesto-gamez-cascade-park,,(956) 838-0162,Brownsville,TX,false
The Broken Sprocket,,https://www.indoordogpark.org/parks/the-broken-sprocket,https://thebrokensprocketr.wixsite.com/-rgv,(956) 551-6365,Brownsville,TX,false
Resaca De La Palma State Park & World Birding Center,,https://www.indoordogpark.org/parks/resaca-de-la-palma-state-park-world-birding-center,http://tpwd.texas.gov/state-parks/resaca-de-la-palma,(956) 350-2920,Brownsville,TX,false
Space Dog Station,,https://www.indoordogpark.org/parks/space-dog-station,https://www.thespacedogstation.com/,(956) 479-9880,Brownsville,TX,false
Chester’s Dog Daycare Center,,https://www.indoordogpark.org/parks/chester-s-dog-daycare-center,,(956) 505-1398,Brownsville,TX,false
FOUR PAWS PET HOTEL BOUTIQUE & SPA,,https://www.indoordogpark.org/parks/four-paws-pet-hotel-boutique-spa,http://www.4pawspethotel.com/,,Brownsville,TX,false
Pawsh Pet Grooming and Daycare - Brownsville,,https://www.indoordogpark.org/parks/pawsh-pet-grooming-and-daycare-brownsville,https://pawshtx.square.site/,(956) 561-4153,Brownsville,TX,false
K9 King Dog Grooming & Boarding.,,https://www.indoordogpark.org/parks/k9-king-dog-grooming-boarding,,(956) 546-4656,Brownsville,TX,false
Wagging Tails Pet Store,,https://www.indoordogpark.org/parks/wagging-tails-pet-store,,(956) 504-6559,Brownsville,TX,false
Canine Country Club Kennel,,https://www.indoordogpark.org/parks/canine-country-club-kennel,,(956) 233-1746,Los Fresnos,TX,false
Boarding and Daycare by South Bark Grooming,,https://www.indoordogpark.org/parks/boarding-and-daycare-by-south-bark-grooming,https://www.facebook.com/SouthBarkBoardingAndDaycare,(956) 433-5545,Port Isabel,TX,false
Cristi's Pet-Sitting,,https://www.indoordogpark.org/parks/cristi-s-pet-sitting,https://www.facebook.com/profile.php?id=100086445464201&mibextid=kFxxJD,,Brownsville,TX,false
Ruffin' It Pet Resort,,https://www.indoordogpark.org/parks/ruffin-it-pet-resort,https://www.facebook.com/RuffinItPetResortHarlingen,(956) 752-7833,Harlingen,TX,false
ALPHA PUPS,,https://www.indoordogpark.org/parks/alpha-pups,http://www.alphapupsgrooming.com/,(956) 561-4110,Brownsville,TX,false
Oh My Dog! Spa and Grooming Brownsville,,https://www.indoordogpark.org/parks/oh-my-dog-spa-and-grooming-brownsville,,(956) 518-7671,Brownsville,TX,false
Hugs 'n' Lubs Pet Sitting,,https://www.indoordogpark.org/parks/hugs-n-lubs-pet-sitting,,(956) 589-8403,Brownsville,TX,false
Smith Ranch Kennels,,https://www.indoordogpark.org/parks/smith-ranch-kennels,http://smithranchkennels.com/,(956) 233-5553,Los Fresnos,TX,false
Boca Chica Animal Hospital,,https://www.indoordogpark.org/parks/boca-chica-animal-hospital,https://www.bocachicaanimalhospital.com/,(956) 541-5249,Brownsville,TX,false
Top Dog,,https://www.indoordogpark.org/parks/top-dog,https://m.facebook.com/pages/category/Pet-Groomer/Top-Dog-Grooming-311098832698250/,(956) 542-2627,Brownsville,TX,false
South Bark Grooming,,https://www.indoordogpark.org/parks/south-bark-grooming,https://booking.moego.pet/go/?name=SouthBarkGroomingisland,(956) 374-9314,South Padre Island,TX,false
Paws and Claws Pet Resort,,https://www.indoordogpark.org/parks/paws-and-claws-pet-resort,https://pawsandclawsrgv.com/,(956) 384-9301,Edinburg,TX,false
Pet Go Shop & Pet Groomer,,https://www.indoordogpark.org/parks/pet-go-shop-pet-groomer,,(956) 908-4260,Brownsville,TX,false
Happy Tails Pet Groom & Supplies,,https://www.indoordogpark.org/parks/happy-tails-pet-groom-supplies,https://www.facebook.com/HappyTailsPetsG/,(956) 982-3931,Brownsville,TX,false
Wet Paws Pet Grooming & Boarding,,https://www.indoordogpark.org/parks/wet-paws-pet-grooming-boarding,,(956) 518-1100,Los Fresnos,TX,false
PetSmart Dog Training,,https://www.indoordogpark.org/parks/petsmart-dog-training,https://stores.petsmart.com/tx/brownsville/brownsville/dog-training?utm_source=google&utm_medium=organic&utm_campaign=google-my-business,(956) 350-0608,Brownsville,TX,false
Brownsville Dog Trainer,,https://www.indoordogpark.org/parks/brownsville-dog-trainer,,(956) 831-8572,Brownsville,TX,false
Vid Dog Grooming,,https://www.indoordogpark.org/parks/vid-dog-grooming,,(956) 504-0608,Brownsville,TX,false
Paws Pet Grooming,,https://www.indoordogpark.org/parks/paws-pet-grooming,,(956) 518-5954,Brownsville,TX,false
All Breed Pet Grooming,,https://www.indoordogpark.org/parks/all-breed-pet-grooming,,(956) 544-7672,Brownsville,TX,false
Space Dog Grooming,,https://www.indoordogpark.org/parks/space-dog-grooming,,(956) 336-8220,Brownsville,TX,false
Kanino Dog Grooming,,https://www.indoordogpark.org/parks/kanino-dog-grooming,,(956) 544-4435,Brownsville,TX,false
Top Dog Salon,,https://www.indoordogpark.org/parks/top-dog-salon,,(956) 577-4860,Brownsville,TX,false
Head2paw Mobile Grooming Services,,https://www.indoordogpark.org/parks/head2paw-mobile-grooming-services,https://www.facebook.com/Head2Paw,(956) 434-0488,Port Isabel,TX,false
Happy Paws Pets Grooming,,https://www.indoordogpark.org/parks/happy-paws-pets-grooming,,(956) 455-2162,Brownsville,TX,false
Blue-Ribbon Pet Grooming,,https://www.indoordogpark.org/parks/blue-ribbon-pet-grooming,,(956) 554-0760,Brownsville,TX,false
Golden Paws Grooming,,https://www.indoordogpark.org/parks/golden-paws-grooming,,(956) 455-4995,Brownsville,TX,false
Texas Pet Resort & Grooming Spa,,https://www.indoordogpark.org/parks/texas-pet-resort-grooming-spa,,(956) 428-5400,Harlingen,TX,false
Pet Resort at Border Animal Hospital,,https://www.indoordogpark.org/parks/pet-resort-at-border-animal-hospital,https://www.borderanimalhospital.com/pet-resort,(956) 968-3858,Weslaco,TX,false
Paw N Spaw,,https://www.indoordogpark.org/parks/paw-n-spaw,https://booking.moego.pet/ol/landing?name=PawNSpaw,(956) 626-2298,San Benito,TX,false
PetSmart,,https://www.indoordogpark.org/parks/petsmart,https://www.petsmart.com/stores/us/tx/brownsville-store1577.html?utm_source=google&utm_medium=organic&utm_campaign=google-my-business,(956) 350-0608,Brownsville,TX,false
Rockin' S Pet Boarding,,https://www.indoordogpark.org/parks/rockin-s-pet-boarding,http://www.rockinspetboarding.com/,(903) 880-7348,Brownsboro,TX,false
Companion Animal Hospital,,https://www.indoordogpark.org/parks/companion-animal-hospital,https://cahrgv.com/,(956) 544-5868,Brownsville,TX,false
Brownsville Animal Regulation and Care Center,,https://www.indoordogpark.org/parks/brownsville-animal-regulation-and-care-center,https://www.brownsvilletx.gov/719/Brownsville-Animal-Regulation-Care-Cente,(956) 544-7351,Brownsville,TX,false
Park,,https://www.indoordogpark.org/parks/park,,,Brownsville,TX,false
Chachalaca Park,,https://www.indoordogpark.org/parks/chachalaca-park,,(956) 542-2064,Brownsville,TX,false
Veterans Park,,https://www.indoordogpark.org/parks/veterans-park,https://www.brownsvilletx.gov/facilities/facility/details/Veterans-Park-24,(956) 542-2064,Brownsville,TX,false
Southern Pacific Linear Park,,https://www.indoordogpark.org/parks/southern-pacific-linear-park,http://parks.cob.us/,(956) 542-2064,Brownsville,TX,false
Brownsville Event Center Running Trail,,https://www.indoordogpark.org/parks/brownsville-event-center-running-trail,,,Brownsville,TX,false
Garfield Park,,https://www.indoordogpark.org/parks/garfield-park,,(956) 247-3650,Brownsville,TX,false
Junior's Puppyland,,https://www.indoordogpark.org/parks/junior-s-puppyland,,(956) 982-8799,Brownsville,TX,false
Partnership Park,,https://www.indoordogpark.org/parks/partnership-park,http://hcp2.com/,(713) 221-6000,Pasadena,TX,false
Dogtopia of Fairmont Parkway,,https://www.indoordogpark.org/parks/dogtopia-of-fairmont-parkway,,,Pasadena,TX,false
Pets Gone Wild Resort LLC,,https://www.indoordogpark.org/parks/pets-gone-wild-resort-llc,http://www.petsgonewildresort.com/,(281) 991-1421,Pasadena,TX,false
Red Bluff Pet Resort & Grooming Salon,,https://www.indoordogpark.org/parks/red-bluff-pet-resort-grooming-salon,https://www.redbluffpetresort.com/,(281) 680-6000,Pasadena,TX,false
Snuffy's Grooming & Boarding Boutique,,https://www.indoordogpark.org/parks/snuffy-s-grooming-boarding-boutique,,(713) 453-5357,Pasadena,TX,false
PetSmart Doggie Day Camp,,https://www.indoordogpark.org/parks/petsmart-doggie-day-camp,https://stores.petsmart.com/tx/pasadena/pasadena/petshotel-doggie-day-camp?utm_source=google&utm_medium=organic&utm_campaign=google-my-business,(281) 991-6043,Pasadena,TX,false
The Pet Palace,,https://www.indoordogpark.org/parks/the-pet-palace,https://www.thepetpalace.net/?utm_source=gmb&utm_medium=Yext&cp=2812149232&y_source=1_Njc3Nzg1NTYtNzE1LWxvY2F0aW9uLndlYnNpdGU%3D,(281) 214-9232,Webster,TX,false
Clear Lake Kennels,,https://www.indoordogpark.org/parks/clear-lake-kennels,http://www.clearlakekennels.com/,(281) 332-4870,Webster,TX,false
Pasadena Pet Motel,,https://www.indoordogpark.org/parks/pasadena-pet-motel,http://www.pasadenapetmotel.com/,(727) 345-2852,South Pasadena,TX,false
Pasadena Poodle Salon & Boarding Kennel,,https://www.indoordogpark.org/parks/pasadena-poodle-salon-boarding-kennel,,(713) 473-5058,Pasadena,TX,false
The Mannerly Dog,,https://www.indoordogpark.org/parks/the-mannerly-dog,https://themannerlydog.com/,,Pasadena,TX,false
WHAT-A-CANINE LLC,,https://www.indoordogpark.org/parks/what-a-canine-llc,http://whatacanine.com/,(281) 713-0533,Seabrook,TX,false
Loke and Friends K9,,https://www.indoordogpark.org/parks/loke-and-friends-k9,http://lokeandfriendsk9.com/,(213) 455-6439,Houston,TX,false
PetSmart Dog Training,,https://www.indoordogpark.org/parks/petsmart-dog-training,https://stores.petsmart.com/tx/pasadena/pasadena/dog-training?utm_source=google&utm_medium=organic&utm_campaign=google-my-business,(281) 991-6043,Pasadena,TX,false
Cultivated Canine Stay & Play,,https://www.indoordogpark.org/parks/cultivated-canine-stay-play,http://www.cultivatedcaninepearland.com/,(832) 407-9854,Pearland,TX,false
FTX K9 Academy LLC,,https://www.indoordogpark.org/parks/ftx-k9-academy-llc,http://www.ftxk9.com/,(713) 478-2682,Friendswood,TX,false
Petco Dog Training,,https://www.indoordogpark.org/parks/petco-dog-training,https://stores.petco.com/tx/pasadena/dog-training-pasadena-tx-492.html,(713) 944-1777,Pasadena,TX,false
Daisys Groom Room LLC,,https://www.indoordogpark.org/parks/daisys-groom-room-llc,http://daisysgroomroom.com/,(832) 450-8977,Pasadena,TX,false
Ultimate Pet Spa,,https://www.indoordogpark.org/parks/ultimate-pet-spa,http://www.ultimatepetspa.com/,(281) 991-6959,Pasadena,TX,false
TOPKNOT GROOMING,,https://www.indoordogpark.org/parks/topknot-grooming,https://groomingbyashleytorres.square.site/,(832) 425-9228,Pasadena,TX,false
Ana's Grooming,,https://www.indoordogpark.org/parks/ana-s-grooming,,(281) 501-0519,Pasadena,TX,false
Spencer Pet Salon,,https://www.indoordogpark.org/parks/spencer-pet-salon,,(281) 487-5502,Pasadena,TX,false
PetSmart,,https://www.indoordogpark.org/parks/petsmart,https://www.petsmart.com/stores/us/tx/pasadena-store0632.html?utm_source=google&utm_medium=organic&utm_campaign=google-my-business,(281) 991-6043,Pasadena,TX,false
Grooming Gal,,https://www.indoordogpark.org/parks/grooming-gal,http://www.groominggalhtx.com/,(518) 594-8926,El Lago,TX,false
Puppy Palace Dog Grooming Salon & Mobile,,https://www.indoordogpark.org/parks/puppy-palace-dog-grooming-salon-mobile,http://puppypalacetx.com/,(713) 423-9550,El Lago,TX,false
Pets Gone Wild Grooming LLC,,https://www.indoordogpark.org/parks/pets-gone-wild-grooming-llc,http://www.petsgonewildgrooming.com/,(281) 991-1421,Pasadena,TX,false
Apawllo 13 Grooming,,https://www.indoordogpark.org/parks/apawllo-13-grooming,http://apawllo13grooming.com/,(833) 272-9556,Houston,TX,false
Klippin' Kritters,,https://www.indoordogpark.org/parks/klippin-kritters,http://www.klippinkritters.com/,(832) 821-7198,Deer Park,TX,false
LUV Grooming,,https://www.indoordogpark.org/parks/luv-grooming,,(713) 946-4630,South Houston,TX,false
Pawsh Dog House Clear Lake,,https://www.indoordogpark.org/parks/pawsh-dog-house-clear-lake,https://pawshdoghouse.biz/locations/houston/,(281) 461-7297,Houston,TX,false
Bear Bayou Kennels,,https://www.indoordogpark.org/parks/bear-bayou-kennels,,(281) 452-7676,Channelview,TX,false
Yellowstone Park,,https://www.indoordogpark.org/parks/yellowstone-park,https://www.pasadenatx.gov/Facilities/Facility/Details/Yellowstone-Park-81,(713) 475-7048,Pasadena,TX,false
Bark Park at Countryside (League City Dog Park),,https://www.indoordogpark.org/parks/bark-park-at-countryside-league-city-dog-park,,(281) 554-1000,League,TX,false
Alice's Dog Park,,https://www.indoordogpark.org/parks/alice-s-dog-park,https://www.cityofpasadena.net/parks-and-rec/parks/vina-vieja-park/,(626) 744-7195,Pasadena,TX,false
Lake Nassau Park: Dog Park,,https://www.indoordogpark.org/parks/lake-nassau-park-dog-park,https://www.nassaubay.com/499/Dog-Park,(281) 333-4211,Houston,TX,false
Southdown Dog Park,,https://www.indoordogpark.org/parks/southdown-dog-park,https://www.parks.pearlandtx.gov/Home/Components/FacilityDirectory/FacilityDirectory/18/2095,(281) 412-8900,Pearland,TX,false
Farrington Dog Park,,https://www.indoordogpark.org/parks/farrington-dog-park,,,La Porte,TX,false
Golden Acres Park,,https://www.indoordogpark.org/parks/golden-acres-park,https://www.pasadenatx.gov/Facilities/Facility/Details/Golden-Acres-Park-59,(713) 475-7048,Pasadena,TX,false
Pasadena Highlands Park,,https://www.indoordogpark.org/parks/pasadena-highlands-park,https://www.pasadenatx.gov/facilities/facility/details/Pasadena-Highlands-Park-68,(713) 475-7048,Pasadena,TX,false
Friendswood Dogsafe Park,,https://www.indoordogpark.org/parks/friendswood-dogsafe-park,https://www.ci.friendswood.tx.us/261/Dog-Park,(281) 996-3220,Friendswood,TX,false
Holly Bay Park,,https://www.indoordogpark.org/parks/holly-bay-park,https://www.pasadenatx.gov/Facilities/Facility/Details/Holly-Bay-Park-61,(713) 475-7048,Pasadena,TX,false
Pasadena Animal Shelter,,https://www.indoordogpark.org/parks/pasadena-animal-shelter,http://www.pasadenashelter.com/,(281) 991-0602,Pasadena,TX,false
Bonnie Wenk Playgrounds,,https://www.indoordogpark.org/parks/bonnie-wenk-playgrounds,https://www.mckinneytexas.org/BonnieWenk,,McKinney,TX,false
Bonnie Wenk Park,,https://www.indoordogpark.org/parks/bonnie-wenk-park,https://www.mckinneytexas.org/1148/Bonnie-Wenk-Park,(972) 547-7480,McKinney,TX,false
Bonnie Wenk All-Abilities Playground,,https://www.indoordogpark.org/parks/bonnie-wenk-all-abilities-playground,https://www.mckinneytexas.org/BonnieWenk,(972) 547-7480,McKinney,TX,false
Finch Park Playground,,https://www.indoordogpark.org/parks/finch-park-playground,https://www.mckinneytexas.org/859/Finch-Park,,McKinney,TX,false
Gabe Nesbitt Community Park,,https://www.indoordogpark.org/parks/gabe-nesbitt-community-park,https://www.mckinneytexas.org/1510/Gabe-Nesbitt-Park,(972) 547-7480,McKinney,TX,false
Charlie's Pet Park,,https://www.indoordogpark.org/parks/charlie-s-pet-park,,,Princeton,TX,false
Old Joe dog Park,,https://www.indoordogpark.org/parks/old-joe-dog-park,https://www.mckinneymud1.com/,(469) 243-0028,McKinney,TX,false
Finch Park Pickleball Court,,https://www.indoordogpark.org/parks/finch-park-pickleball-court,https://www.mckinneytexas.org/859/Finch-Park,,McKinney,TX,false
Dogtopia of McKinney,,https://www.indoordogpark.org/parks/dogtopia-of-mckinney,https://www.dogtopia.com/mckinney,(972) 954-2322,McKinney,TX,false
Camp Bow Wow McKinney,,https://www.indoordogpark.org/parks/camp-bow-wow-mckinney,https://www.campbowwow.com/mckinney/,(469) 517-3643,McKinney,TX,false
Rover Resort,,https://www.indoordogpark.org/parks/rover-resort,http://roverresort.com/?utm_source=gmb&utm_medium=Yext&cp=2148337356&y_source=1_MTU3OTA0NjUtNzE1LWxvY2F0aW9uLndlYnNpdGU%3D,(214) 833-7356,McKinney,TX,false
The Four Paws Resort,,https://www.indoordogpark.org/parks/the-four-paws-resort,http://www.thefourpawsresort.com/,(214) 762-3062,McKinney,TX,false
Pawsome Pet Resort & Boarding,,https://www.indoordogpark.org/parks/pawsome-pet-resort-boarding,https://mypawsomeresort.com/,(972) 904-4388,McKinney,TX,false
Furkids & Friends,,https://www.indoordogpark.org/parks/furkids-friends,https://furkidsandfriends.com/,(972) 542-5600,McKinney,TX,false
Castle Creek Pet Resort & Spa,,https://www.indoordogpark.org/parks/castle-creek-pet-resort-spa,http://www.castlecreekpetresort.com/,(214) 491-6900,McKinney,TX,false
Companion K-9 Dog Services,,https://www.indoordogpark.org/parks/companion-k-9-dog-services,http://www.companionk9.com/,(214) 677-7331,McKinney,TX,false
Fetch Me Later,,https://www.indoordogpark.org/parks/fetch-me-later,https://www.fetchmelatermckinney.com/?utm_source=google&utm_medium=organic&utm_campaign=gbp&utm_term=%5BMcKinney%2C+Texas%5D,(972) 562-9910,McKinney,TX,false
All Fur Luv Pet Sitting,,https://www.indoordogpark.org/parks/all-fur-luv-pet-sitting,http://allfurluvs.com/,(469) 831-4961,McKinney,TX,false
Bark! ...the boutique hotel for dogs,,https://www.indoordogpark.org/parks/bark-the-boutique-hotel-for-dogs,http://barkhotelfordogs.com/,(972) 398-0634,McKinney,TX,false
Digg Pet Resort,,https://www.indoordogpark.org/parks/digg-pet-resort,http://www.diggpetresort.com/,(469) 460-1553,Prosper,TX,false
PetSuites McKinney,,https://www.indoordogpark.org/parks/petsuites-mckinney,https://mckinney.petsuitesofamerica.com/?utm_source=gmb&utm_medium=organic&y_source=1_MzAxMzIzMzktNzE1LWxvY2F0aW9uLndlYnNpdGU%3D,(945) 224-0156,McKinney,TX,false
Pet Paradise Resort,,https://www.indoordogpark.org/parks/pet-paradise-resort,http://www.pet-paradise.net/,(972) 838-2738,Melissa,TX,false
The Pup Shack,,https://www.indoordogpark.org/parks/the-pup-shack,http://thepupshacktexas.com/,(214) 926-4534,Allen,TX,false
Mona Mico Ranch,,https://www.indoordogpark.org/parks/mona-mico-ranch,http://www.monamicoranch.com/,(972) 800-0800,McKinney,TX,false
Tame Dog Training & Boarding,,https://www.indoordogpark.org/parks/tame-dog-training-boarding,https://tamedogtraining.com/,(972) 832-9100,McKinney,TX,false
Dogsense Training Academy Texas LLC,,https://www.indoordogpark.org/parks/dogsense-training-academy-texas-llc,https://dogsensetrainingacademy.com/sm-dog-training-dallas/,(877) 566-5350,McKinney,TX,false
Puppy Adventure Academy,,https://www.indoordogpark.org/parks/puppy-adventure-academy,http://www.puppyadventureacademy.com/,(469) 444-5466,Melissa,TX,false
Backyard Pet Training,,https://www.indoordogpark.org/parks/backyard-pet-training,https://backyardpetservices.com/dog-training/,(469) 481-8900,McKinney,TX,false
"Hilton Butler, Inc.",,https://www.indoordogpark.org/parks/hilton-butler-inc,https://www.hiltonbutler.com/,(972) 747-9977,Farmersville,TX,false
De's Doggos Dog Training,,https://www.indoordogpark.org/parks/de-s-doggos-dog-training,https://desdoggos.com/,(951) 537-9085,Princeton,TX,false
The Educated Dog,,https://www.indoordogpark.org/parks/the-educated-dog,http://theeducateddog.com/,(469) 222-7934,McKinney,TX,false
The Collar Club Academy,,https://www.indoordogpark.org/parks/the-collar-club-academy,https://www.thecollarclubacademy.com/,(469) 290-3306,Denton,TX,false
Sit Means Sit Dog Training Metroplex East,,https://www.indoordogpark.org/parks/sit-means-sit-dog-training-metroplex-east,https://sitmeanssit.com/dog-training-mu/east-texas,(469) 630-6071,Royse City,TX,false
Woof Gang Bakery & Grooming McKinney,,https://www.indoordogpark.org/parks/woof-gang-bakery-grooming-mckinney,https://woofgangbakery.com/mckinney,(214) 592-0614,McKinney,TX,false
Legacy Pet Grooming,,https://www.indoordogpark.org/parks/legacy-pet-grooming,http://legacygrooming.com/,(469) 631-0929,McKinney,TX,false
FUR SPAWS GROOMING,,https://www.indoordogpark.org/parks/fur-spaws-grooming,http://www.furspawsgrooming.com/,(430) 355-1524,McKinney,TX,false
Fur Friends Pet Salon,,https://www.indoordogpark.org/parks/fur-friends-pet-salon,http://www.furfriends.net/,(469) 422-6062,McKinney,TX,false
petbar Boutique - McKinney,,https://www.indoordogpark.org/parks/petbar-boutique-mckinney,https://www.petbarinc.com/locations/mckinney/,(214) 548-4673,McKinney,TX,false
Scenthound McKinney,,https://www.indoordogpark.org/parks/scenthound-mckinney,https://www.scenthound.com/mckinney,(469) 902-0097,McKinney,TX,false
Pretty Polished Paw,,https://www.indoordogpark.org/parks/pretty-polished-paw,https://prettypolishedpaw.com/,(469) 796-9508,McKinney,TX,false
Ooh La La Pet Spa,,https://www.indoordogpark.org/parks/ooh-la-la-pet-spa,http://oohlalapetspa.crd.co/,(972) 540-0300,McKinney,TX,false
All Paws Stars Pet Grooming,,https://www.indoordogpark.org/parks/all-paws-stars-pet-grooming,http://apsgrooming.squarespace.com/,(469) 536-1861,McKinney,TX,false
Dog Den,,https://www.indoordogpark.org/parks/dog-den,,(972) 548-9272,McKinney,TX,false
Eldorado Pet Grooming,,https://www.indoordogpark.org/parks/eldorado-pet-grooming,http://www.eldoradopetgrooming.net/,(972) 984-1550,McKinney,TX,false
The Mutt Puddle,,https://www.indoordogpark.org/parks/the-mutt-puddle,http://www.themuttpuddle.com/,(972) 540-2705,McKinney,TX,false
"Pet Evolution - McKinney, TX - Grooming | Self-Wash | Healthy Food | Mobile Nail Trim",,https://www.indoordogpark.org/parks/pet-evolution-mckinney-tx-grooming-self-wash-healthy-food-mobile-nail-trim,https://www.petevolution.com/tx-mckinney/,(469) 536-0055,Frisco,TX,false
Dive Into Dogs Mobile Grooming & Spa,,https://www.indoordogpark.org/parks/dive-into-dogs-mobile-grooming-spa,https://www.diveintodogs.com/,(214) 620-0997,McKinney,TX,false
Grooming by Val,,https://www.indoordogpark.org/parks/grooming-by-val,,(915) 472-0926,McKinney,TX,false
Twin Lakes Pet Resort & Spa,,https://www.indoordogpark.org/parks/twin-lakes-pet-resort-spa,http://twinlakespetresort.com/,(972) 347-6900,Aubrey,TX,false
Blue Barn Pet Resort,,https://www.indoordogpark.org/parks/blue-barn-pet-resort,https://bluebarnpetresort.com/,(214) 843-7992,Princeton,TX,false
Perky Paws Pet Hospital,,https://www.indoordogpark.org/parks/perky-paws-pet-hospital,http://perkypawspethospital.com/,(214) 592-9939,McKinney,TX,false
Princeton Dog Park,,https://www.indoordogpark.org/parks/princeton-dog-park,,,Princeton,TX,false
Dig It Dog Park (Private Park),,https://www.indoordogpark.org/parks/dig-it-dog-park-private-park,https://fairviewtexas.org/services/parks-and-recreation.html,,Fairview,TX,false
Lucky Paws Pet Lodge,,https://www.indoordogpark.org/parks/lucky-paws-pet-lodge,http://www.luckypawspetlodge.com/,(469) 854-9718,Allen,TX,false
City of Mesquite Dog Park,,https://www.indoordogpark.org/parks/city-of-mesquite-dog-park,https://www.cityofmesquite.com/1587/Leash-Free-Zone,(972) 216-6260,Mesquite,TX,false
Copeland Dog Park,,https://www.indoordogpark.org/parks/copeland-dog-park,http://www.cityofmesquite.com/LeashFreeZone,,Mesquite,TX,false
Heartbeats at your Feet Pet Services,,https://www.indoordogpark.org/parks/heartbeats-at-your-feet-pet-services,,(214) 542-2998,Mesquite,TX,false
P'etcetera Boarding and Grooming,,https://www.indoordogpark.org/parks/p-etcetera-boarding-and-grooming,http://www.p-etcetera.net/,(972) 279-8887,Mesquite,TX,false
PetSmart Doggie Day Camp,,https://www.indoordogpark.org/parks/petsmart-doggie-day-camp,https://stores.petsmart.com/tx/mesquite/mesquite/petshotel-doggie-day-camp?utm_source=google&utm_medium=organic&utm_campaign=google-my-business,(972) 686-3990,Mesquite,TX,false
Pawtham City,,https://www.indoordogpark.org/parks/pawtham-city,http://www.pawthamcity.com/,(972) 266-4804,Sunnyvale,TX,false
Bark Canine Club & Resort,,https://www.indoordogpark.org/parks/bark-canine-club-resort,http://www.barkcanineclub.com/,(702) 306-6146,Mesquite,TX,false
Precious Pets Day Spa,,https://www.indoordogpark.org/parks/precious-pets-day-spa,http://preciouspetsds.com/,(972) 552-2548,Forney,TX,false
Whitney's Loving Care,,https://www.indoordogpark.org/parks/whitney-s-loving-care,https://www.whitneyslovingcare.org/,(817) 703-5558,Forney,TX,false
D ‘ Top Dog Professional Pet Services,,https://www.indoordogpark.org/parks/d-top-dog-professional-pet-services,https://dtopdogpetservices.com/,(214) 447-8280,Balch Springs,TX,false
WagsTexas,,https://www.indoordogpark.org/parks/wagstexas,http://www.wagstexas.com/,(214) 245-4562,Forney,TX,false
Elite Suites Pet Resort - Heath,,https://www.indoordogpark.org/parks/elite-suites-pet-resort-heath,https://www.elitesuites.com/locations/rockwall-heath?y_source=1_MTQ3NDY4NTQtNzE1LWxvY2F0aW9uLndlYnNpdGU%3D,(469) 397-4364,Heath,TX,false
A&J Kennels co,,https://www.indoordogpark.org/parks/a-j-kennels-co,,(214) 263-1771,Mesquite,TX,false
PetSmart,,https://www.indoordogpark.org/parks/petsmart,https://www.petsmart.com/stores/us/tx/mesquite-store1775.html?utm_source=google&utm_medium=organic&utm_campaign=google-my-business,(972) 686-3990,Mesquite,TX,false
PetSmart Dog Training,,https://www.indoordogpark.org/parks/petsmart-dog-training,https://stores.petsmart.com/tx/mesquite/mesquite/dog-training?utm_source=google&utm_medium=organic&utm_campaign=google-my-business,(972) 686-3990,Mesquite,TX,false
The Grooming House,,https://www.indoordogpark.org/parks/the-grooming-house,,(972) 279-1193,Mesquite,TX,false
Pet Purr-Fection All Breed Pet Spa And Boutique,,https://www.indoordogpark.org/parks/pet-purr-fection-all-breed-pet-spa-and-boutique,https://www.facebook.com/pages/Pet-Purr-Fection/101745793246460,(972) 222-1104,Mesquite,TX,false
"A Patient Paw Grooming, LLC",,https://www.indoordogpark.org/parks/a-patient-paw-grooming-llc,https://facebook.com/patiencefordays,(972) 834-3567,Mesquite,TX,false
Polished Pooches,,https://www.indoordogpark.org/parks/polished-pooches,https://www.doggroominginmesquite.com/,(214) 242-0002,Mesquite,TX,false
Dirty Dog,,https://www.indoordogpark.org/parks/dirty-dog,,(972) 289-9883,Mesquite,TX,false
Glamour Pet Shop & Grooming,,https://www.indoordogpark.org/parks/glamour-pet-shop-grooming,http://www.myglamourpets.com/,(972) 557-7387,Balch Springs,TX,false
La de' Paws Grooming Salon,,https://www.indoordogpark.org/parks/la-de-paws-grooming-salon,http://ladepawsmesquite.com/,(702) 345-4085,Mesquite,TX,false
Pet Supplies Plus Mesquite,,https://www.indoordogpark.org/parks/pet-supplies-plus-mesquite,https://www.petsuppliesplus.com/Store/TX/Mesquite/Mesquite/4386,(469) 320-1229,Mesquite,TX,false
Durango Pets Grooming,,https://www.indoordogpark.org/parks/durango-pets-grooming,http://www.facebook.com/durangopetsgrooming,(469) 309-0750,Balch Springs,TX,false
LOVE WITH TAILS,,https://www.indoordogpark.org/parks/love-with-tails,http://www.lovewithtails.com/,(857) 389-4397,Forney,TX,false
Coketa's Dog Grooming Salon,,https://www.indoordogpark.org/parks/coketa-s-dog-grooming-salon,,(214) 535-0953,Dallas,TX,false
Forney Pet Spa,,https://www.indoordogpark.org/parks/forney-pet-spa,http://www.facebook.com/forneypetspa,(972) 552-3772,Forney,TX,false
Campground Kennels Boarding Retreat,,https://www.indoordogpark.org/parks/campground-kennels-boarding-retreat,https://www.campgroundkennels.com/,(469) 833-8969,Rockwall,TX,false
Bodark Grange Dog Boarding,,https://www.indoordogpark.org/parks/bodark-grange-dog-boarding,http://forneydogboarding.com/,(469) 975-1345,Forney,TX,false
Paws Up,,https://www.indoordogpark.org/parks/paws-up,http://www.pawsup.org/,(972) 564-7522,Forney,TX,false
McAllen Dog Park,,https://www.indoordogpark.org/parks/mcallen-dog-park,https://www.mcallenparks.net/,(956) 681-3333,McAllen,TX,false
Banworth Dog Park,,https://www.indoordogpark.org/parks/banworth-dog-park,https://missiontexas.us/city-departments/parks-and-recreation/city-parks/,(956) 580-8650,Mission,TX,false
Sisters Private Pet Park & More,,https://www.indoordogpark.org/parks/sisters-private-pet-park-more,https://www.sniffspot.com/to/tlavk,(956) 667-0507,Mission,TX,false
Weslaco Dog Park,,https://www.indoordogpark.org/parks/weslaco-dog-park,https://www.weslacotx.gov/departments/parks___recreation/parks.php,,Weslaco,TX,false
"Lucky Dog Spa, LLC",,https://www.indoordogpark.org/parks/lucky-dog-spa-llc,http://lucky-dogspa.com/,(956) 515-8256,McAllen,TX,false
Bannworth Park,,https://www.indoordogpark.org/parks/bannworth-park,http://www.missiontexas.us/city-departments/parks-and-recreation/city-parks,(956) 580-8650,Mission,TX,false
La Vista Park,,https://www.indoordogpark.org/parks/la-vista-park,https://www.mcallenparks.net/,(956) 681-3333,McAllen,TX,false
Zinnia Park,,https://www.indoordogpark.org/parks/zinnia-park,https://www.mcallenparks.net/,(956) 681-1000,McAllen,TX,false
Garza Park,,https://www.indoordogpark.org/parks/garza-park,https://www.mcallenparks.net/,,McAllen,TX,false
Edinburg Bicentennial Park,,https://www.indoordogpark.org/parks/edinburg-bicentennial-park,https://cityofedinburg.com/departments/parks_and_recreation/parks_division.php,(956) 381-5631,Edinburg,TX,false
Perfect Paws Resort,,https://www.indoordogpark.org/parks/perfect-paws-resort,http://perfectpawsresort.com/,(956) 683-7297,McAllen,TX,false
Tres Lagos Park,,https://www.indoordogpark.org/parks/tres-lagos-park,https://www.treslagosmcallen.com/amenities/,(956) 205-0605,McAllen,TX,false
Crossings Park,,https://www.indoordogpark.org/parks/crossings-park,https://www.mcallenparks.net/,,McAllen,TX,false
Palm Valley Animal Society - Laurie P. Andrews Center,,https://www.indoordogpark.org/parks/palm-valley-animal-society-laurie-p-andrews-center,http://www.pvastx.org/,(956) 720-4563,Edinburg,TX,false
Doggie Day Spa & Pet Hotel,,https://www.indoordogpark.org/parks/doggie-day-spa-pet-hotel,,(956) 687-4120,McAllen,TX,false
Melissa’s pet services,,https://www.indoordogpark.org/parks/melissa-s-pet-services,https://www.facebook.com/share/1BrLfDRsBN/?mibextid=wwXIfr,(956) 655-8427,McAllen,TX,false
Animals Etc Pet Motel,,https://www.indoordogpark.org/parks/animals-etc-pet-motel,,(956) 682-3806,McAllen,TX,false
Pawsitive Vibes Pet Resort,,https://www.indoordogpark.org/parks/pawsitive-vibes-pet-resort,https://pawsitivevibespetresort.com/,(956) 270-4745,Edinburg,TX,false
High-Happy Pet Resort,,https://www.indoordogpark.org/parks/high-happy-pet-resort,https://www.highhappypetresort.com/,(956) 378-6076,Edinburg,TX,false
Paws Pet Grooming & Daycare,,https://www.indoordogpark.org/parks/paws-pet-grooming-daycare,,(956) 917-8030,McAllen,TX,false
Fifi's Pet Salon Hotel and Villas,,https://www.indoordogpark.org/parks/fifi-s-pet-salon-hotel-and-villas,,(956) 664-9003,McAllen,TX,false
Friendly Paws Dog Daycare,,https://www.indoordogpark.org/parks/friendly-paws-dog-daycare,,(956) 732-8166,Pharr,TX,false
Fazzio Dog Sitting,,https://www.indoordogpark.org/parks/fazzio-dog-sitting,,(956) 270-9315,Edinburg,TX,false
Kirey's Pet Salon MobileGrooming Boarding,,https://www.indoordogpark.org/parks/kirey-s-pet-salon-mobilegrooming-boarding,http://www.kireys.org/,(956) 432-3985,Mission,TX,false
Best In Show Pet Salon & Retreat,,https://www.indoordogpark.org/parks/best-in-show-pet-salon-retreat,,(956) 627-2242,McAllen,TX,false
Exotic Tropical Petworld,,https://www.indoordogpark.org/parks/exotic-tropical-petworld,,(956) 668-7387,McAllen,TX,false
"Canines In Action Academy, LLC",,https://www.indoordogpark.org/parks/canines-in-action-academy-llc,http://www.myciaacademy.com/,(956) 383-5982,Edinburg,TX,false
"K&B Dog Learning Center, Inc.",,https://www.indoordogpark.org/parks/k-b-dog-learning-center-inc,,(956) 532-7558,Pharr,TX,false
Dog Obedience Inc,,https://www.indoordogpark.org/parks/dog-obedience-inc,https://dogobedienceinc.org/,(956) 638-5964,Edinburg,TX,false
Show Dog Grooming & Training,,https://www.indoordogpark.org/parks/show-dog-grooming-training,https://www.facebook.com/ShowDogGroomingAndTraining/,(956) 205-9893,McAllen,TX,false
PetSmart Dog Training,,https://www.indoordogpark.org/parks/petsmart-dog-training,https://stores.petsmart.com/tx/mcallen/north-mcallen/dog-training?utm_source=google&utm_medium=organic&utm_campaign=google-my-business,(956) 686-9037,McAllen,TX,false
PetSmart Dog Training,,https://www.indoordogpark.org/parks/petsmart-dog-training,https://stores.petsmart.com/tx/mcallen/south-mcallen/dog-training?utm_source=google&utm_medium=organic&utm_campaign=google-my-business,(956) 618-2203,McAllen,TX,false
DOG's Athletic Performance LLC,,https://www.indoordogpark.org/parks/dog-s-athletic-performance-llc,,(956) 451-8859,Weslaco,TX,false
Superior k9 traininabg solutions,,https://www.indoordogpark.org/parks/superior-k9-traininabg-solutions,,(818) 664-5626,McAllen,TX,false
I Love Dogs (I-Luv-Dogs),,https://www.indoordogpark.org/parks/i-love-dogs-i-luv-dogs,https://www.i-luv-dogs.com/,(408) 857-8347,McAllen,TX,false
Ground zero training facility,,https://www.indoordogpark.org/parks/ground-zero-training-facility,,(956) 627-2200,McAllen,TX,false
Paw Spa Pet Grooming,,https://www.indoordogpark.org/parks/paw-spa-pet-grooming,,(956) 530-4582,McAllen,TX,false
Bubbles Dog Grooming,,https://www.indoordogpark.org/parks/bubbles-dog-grooming,https://www.facebook.com/BubblesMcAllen,(956) 213-8141,McAllen,TX,false
Fetch Pet Salon,,https://www.indoordogpark.org/parks/fetch-pet-salon,http://www.fetchpetsalon.com/,(956) 651-8552,McAllen,TX,false
Nails 2 Tails McAllen,,https://www.indoordogpark.org/parks/nails-2-tails-mcallen,http://www.nails2tailsgrooming.com/,(956) 322-5652,McAllen,TX,false
Coco's Dog Salon & Grooming,,https://www.indoordogpark.org/parks/coco-s-dog-salon-grooming,https://m.facebook.com/CocosDogSalon/,(956) 515-5269,McAllen,TX,false
Royal Pet Salon & Dog Grooming,,https://www.indoordogpark.org/parks/royal-pet-salon-dog-grooming,https://www.royalpetsalon.co/,(956) 377-9982,McAllen,TX,false
Scruffy 2 Fluffy Dog Grooming,,https://www.indoordogpark.org/parks/scruffy-2-fluffy-dog-grooming,http://myscruffy2fluffy.com/,(956) 223-4987,Pharr,TX,false
Fido’s Pet Grooming & Hotel,,https://www.indoordogpark.org/parks/fido-s-pet-grooming-hotel,,(956) 331-8480,McAllen,TX,false
Coats N Tails Luxury Spa,,https://www.indoordogpark.org/parks/coats-n-tails-luxury-spa,,(956) 648-2416,McAllen,TX,false
Pet-Max,,https://www.indoordogpark.org/parks/pet-max,,(956) 322-3237,McAllen,TX,false
Paws & Co. Pet Care,,https://www.indoordogpark.org/parks/paws-co-pet-care,https://caferpetsalon.com/,(956) 360-7968,Mission,TX,false
Pets A Like,,https://www.indoordogpark.org/parks/pets-a-like,https://www.facebook.com/petsalike,(956) 562-8856,Edinburg,TX,false
The Kitty Korner Pro Feline Grooming,,https://www.indoordogpark.org/parks/the-kitty-korner-pro-feline-grooming,https://www.facebook.com/profile.php?id=61560611768142&mibextid=LQQJ4d,,McAllen,TX,false
Flash Pet Salon & Hotel,,https://www.indoordogpark.org/parks/flash-pet-salon-hotel,,(956) 715-7866,Mission,TX,false
Paws Paradise,,https://www.indoordogpark.org/parks/paws-paradise,http://pawsparadisetexas.com/,(956) 616-1001,McAllen,TX,false
Northwest Puppies,,https://www.indoordogpark.org/parks/northwest-puppies,https://linktr.ee/NorthwestPuppies,(956) 583-3943,Mission,TX,false
The Pet Palace,,https://www.indoordogpark.org/parks/the-pet-palace,,(956) 208-0348,McAllen,TX,false
Junior's Pet House,,https://www.indoordogpark.org/parks/junior-s-pet-house,https://juniorpethouse.com/,(956) 800-5120,McAllen,TX,false
"Glamour Dogs-Edinburg Doggy Grooming, Daycare & Boarding",,https://www.indoordogpark.org/parks/glamour-dogs-edinburg-doggy-grooming-daycare-boarding,http://www.glamourdogsrgv.com/,(956) 720-4129,Edinburg,TX,false
PetSmart,,https://www.indoordogpark.org/parks/petsmart,https://www.petsmart.com/stores/us/tx/mcallen-store0197.html?utm_source=google&utm_medium=organic&utm_campaign=google-my-business,(956) 618-2203,McAllen,TX,false
Mickey's Dog Park,,https://www.indoordogpark.org/parks/mickey-s-dog-park,https://www.killeentexas.gov/facilities/facility/details/Mickeys-Dog-Park-2,(254) 501-6390,Killeen,TX,false
Central Texas Bark Park,,https://www.indoordogpark.org/parks/central-texas-bark-park,,(254) 298-5586,Temple,TX,false
Yowell Ranch Dog Park,,https://www.indoordogpark.org/parks/yowell-ranch-dog-park,,,Killeen,TX,false
Stillhouse Luxury Pet Hotel,,https://www.indoordogpark.org/parks/stillhouse-luxury-pet-hotel,http://www.stillhousepets.com/,(254) 501-7298,Killeen,TX,false
Zuset's doggie day spa,,https://www.indoordogpark.org/parks/zuset-s-doggie-day-spa,,(254) 462-3799,Killeen,TX,false
PetHotels.com - Killeen Dog Boarding Cat & Dog Friendly Hotels,,https://www.indoordogpark.org/parks/pethotels-com-killeen-dog-boarding-cat-dog-friendly-hotels,https://pethotels.com/us/tx/killeen/pet-boarding,(254) 261-7333,Killeen,TX,false
Board With Love,,https://www.indoordogpark.org/parks/board-with-love,http://facebook.com/boardwithlove,(254) 220-7000,Harker Heights,TX,false
Killeen Animal Care,,https://www.indoordogpark.org/parks/killeen-animal-care,http://www.killeengroomandkennel.com/,(254) 634-2284,Killeen,TX,false
Rags to Rich's,,https://www.indoordogpark.org/parks/rags-to-rich-s,https://ragstorichs.com/,(254) 690-2686,Harker Heights,TX,false
Shangri Paw LLC,,https://www.indoordogpark.org/parks/shangri-paw-llc,http://www.shangri-paw.com/,(254) 554-7297,Harker Heights,TX,false
"Tails a Waggin Groomin and Roomin, LLC",,https://www.indoordogpark.org/parks/tails-a-waggin-groomin-and-roomin-llc,http://www.tawgar.com/,(254) 200-9433,Killeen,TX,false
Michael's Pet Grooming and Boarding,,https://www.indoordogpark.org/parks/michael-s-pet-grooming-and-boarding,,(254) 630-0905,Killeen,TX,false
Almost Home Pet Resort,,https://www.indoordogpark.org/parks/almost-home-pet-resort,https://almosthomepetresorttx.com/,(254) 939-2501,Temple,TX,false
Barker Heights Bed & Biscuit,,https://www.indoordogpark.org/parks/barker-heights-bed-biscuit,http://www.barkerheightsbb.com/,(254) 519-2422,Harker Heights,TX,false
Fuzzy Friends Inn,,https://www.indoordogpark.org/parks/fuzzy-friends-inn,http://www.fuzzyfriendsinn.com/,,Copperas Cove,TX,false
The Dog Spot,,https://www.indoordogpark.org/parks/the-dog-spot,http://www.saladodogspot.com/,(254) 947-3647,Salado,TX,false
Wagging Tails Dog Grooming,,https://www.indoordogpark.org/parks/wagging-tails-dog-grooming,,(254) 200-2909,Killeen,TX,false
Abba Bubbles,,https://www.indoordogpark.org/parks/abba-bubbles,http://www.abbabubbles.com/,(254) 350-7588,Killeen,TX,false
"M Pack Dog Training, LLC",,https://www.indoordogpark.org/parks/m-pack-dog-training-llc,http://mpackdogtraining.com/,(512) 677-4606,Killeen,TX,false
"Copilot Academy, LLC",,https://www.indoordogpark.org/parks/copilot-academy-llc,http://www.copilotacademy.com/,(254) 218-4141,Killeen,TX,false
A Pup's Life LLC,,https://www.indoordogpark.org/parks/a-pup-s-life-llc,http://apupslifellc.com/,(254) 258-9302,Killeen,TX,false
Pouncing Paws,,https://www.indoordogpark.org/parks/pouncing-paws,,,Harker Heights,TX,false
The Pet Stop,,https://www.indoordogpark.org/parks/the-pet-stop,https://thepetstop.pet/,(254) 345-9973,Killeen,TX,false
Bed and Biscuit Dog Boarding,,https://www.indoordogpark.org/parks/bed-and-biscuit-dog-boarding,https://www.bedandbiscuitdogboarding.com/?utm_source=google&utm_medium=wix_google_business_profile&utm_campaign=6784033204063499907,(254) 499-8170,Kempner,TX,false
Animal House Hotel,,https://www.indoordogpark.org/parks/animal-house-hotel,https://www.animalhousehotel.com/,(254) 291-5510,Lampasas,TX,false
Paws Landing,,https://www.indoordogpark.org/parks/paws-landing,https://pawslandinglh.com/,(512) 253-3069,Leander,TX,false
On Command Dog Training,,https://www.indoordogpark.org/parks/on-command-dog-training,http://www.oncommandtraining.com/,(254) 265-7400,Killeen,TX,false
Sit Means Sit Dog Training Central Texas,,https://www.indoordogpark.org/parks/sit-means-sit-dog-training-central-texas,http://www.centraltexas.sitmeanssit.com/,(254) 541-3343,Belton,TX,false
Canine Karma Training - Texas,,https://www.indoordogpark.org/parks/canine-karma-training-texas,https://caninekarma-tx.com/,(208) 391-3243,Killeen,TX,false
Star K9 Services LLC,,https://www.indoordogpark.org/parks/star-k9-services-llc,http://www.stark9servicesllc.com/,(254) 680-3909,Copperas Cove,TX,false
Integrated Dog Training,,https://www.indoordogpark.org/parks/integrated-dog-training,,(254) 449-5918,Killeen,TX,false
"Kindred Spirit Ranch, LLC",,https://www.indoordogpark.org/parks/kindred-spirit-ranch-llc,http://www.kindredspiritranch.com/,(919) 602-8859,Copperas Cove,TX,false
Alpha Leader K9 Training,,https://www.indoordogpark.org/parks/alpha-leader-k9-training,https://alphaleaderk9.com/,(254) 228-6471,Temple,TX,false
KJ K9,,https://www.indoordogpark.org/parks/kj-k9,https://www.kjk9dt.com/,(361) 271-3354,Florence,TX,false
PetSmart Dog Training,,https://www.indoordogpark.org/parks/petsmart-dog-training,https://stores.petsmart.com/tx/killeen/killeen/dog-training?utm_source=google&utm_medium=organic&utm_campaign=google-my-business,(254) 634-1664,Killeen,TX,false
Compatible Companions Dog Services,,https://www.indoordogpark.org/parks/compatible-companions-dog-services,http://compatiblecompanionsdogservices.com/,(254) 394-6968,Harker Heights,TX,false
Impawsible Dog Training,,https://www.indoordogpark.org/parks/impawsible-dog-training,http://impawsibledogtraining.com/,(254) 258-9020,Killeen,TX,false
"Gold Paw Dog Training, LLC",,https://www.indoordogpark.org/parks/gold-paw-dog-training-llc,https://www.facebook.com/goldpawdogtrainingllc,(254) 577-1888,Killeen,TX,false
Paw-sitively Swaggin,,https://www.indoordogpark.org/parks/paw-sitively-swaggin,https://pawsitivelyswaggin.my.canva.site/www,(254) 290-2535,Killeen,TX,false
PawSitive Vibes Grooming Salon LLC,,https://www.indoordogpark.org/parks/pawsitive-vibes-grooming-salon-llc,https://pvgs20.com/,(254) 813-9972,Killeen,TX,false
Pet Supplies Plus Killeen,,https://www.indoordogpark.org/parks/pet-supplies-plus-killeen,https://www.petsuppliesplus.com/store/tx/killeen/4360-killeen/4360,(254) 343-7333,Killeen,TX,false
Bonnie & Clyde Grooming and Supplies,,https://www.indoordogpark.org/parks/bonnie-clyde-grooming-and-supplies,,(254) 392-8026,Harker Heights,TX,false
Mother Of Dog's Grooming,,https://www.indoordogpark.org/parks/mother-of-dog-s-grooming,https://motherofdogsgrooming.com/,(347) 526-2007,Harker Heights,TX,false
PetSmart,,https://www.indoordogpark.org/parks/petsmart,https://www.petsmart.com/stores/us/tx/killeen-store0628.html?utm_source=google&utm_medium=organic&utm_campaign=google-my-business,(254) 634-1664,Killeen,TX,false
Pampered Pets Grooming Salon,,https://www.indoordogpark.org/parks/pampered-pets-grooming-salon,,(254) 542-2271,Copperas Cove,TX,false
PetSmart Grooming,,https://www.indoordogpark.org/parks/petsmart-grooming,https://stores.petsmart.com/tx/killeen/killeen/grooming?utm_source=google&utm_medium=organic&utm_campaign=google-my-business,(254) 634-1664,Killeen,TX,false
Dog Paws & Awes Grooming,,https://www.indoordogpark.org/parks/dog-paws-awes-grooming,https://dogpawsandawes.org/,(254) 727-0227,Harker Heights,TX,false
Country Home Pet Boarding,,https://www.indoordogpark.org/parks/country-home-pet-boarding,http://countryhomepet.com/?utm_source=gmb&utm_medium=referral,(254) 228-9332,Temple,TX,false
Barking Oaks Pet Resort,,https://www.indoordogpark.org/parks/barking-oaks-pet-resort,http://www.barkingoakspetresort.com/,(254) 778-2275,Temple,TX,false
Pet Medical Center,,https://www.indoordogpark.org/parks/pet-medical-center,https://pet-medcenter.com/?utm_source=gmb&utm_medium=organic,(254) 690-6769,Harker Heights,TX,false
Booker´s Pet Hotel,,https://www.indoordogpark.org/parks/booker-s-pet-hotel,,(254) 699-6365,Harker Heights,TX,false
AKA Kennels,,https://www.indoordogpark.org/parks/aka-kennels,https://www.akakennelsps.com/?utm_source=google&utm_medium=wix_google_business_profile&utm_campaign=7079814580061690974,,Killeen,TX,false
Brazos Valley Boarding Kennels,,https://www.indoordogpark.org/parks/brazos-valley-boarding-kennels,https://brazosvalleybk.com/,(254) 420-8407,Lorena,TX,false
Pups and Pints,,https://www.indoordogpark.org/parks/pups-and-pints,https://pupsandpints.dog/,(757) 703-7877,Virginia Beach,VA,false
Marshview Dog Park,,https://www.indoordogpark.org/parks/marshview-dog-park,,,Virginia Beach,VA,false
Snouts & Stouts - Indoor Dog Park & Bar,,https://www.indoordogpark.org/parks/snouts-stouts-indoor-dog-park-bar,https://www.snoutsnstouts.com/,(571) 317-2239,Arlington,VA,false
Zoom Room Dog Training,,https://www.indoordogpark.org/parks/zoom-room-dog-training,https://zoomroom.com/location/virginia-beach/,(757) 932-5382,Virginia Beach,VA,false
Red Wing Dog Park,,https://www.indoordogpark.org/parks/red-wing-dog-park,https://parks.virginiabeach.gov/outdoors/dog-parks,,Virginia Beach,VA,false
Bark VB,,https://www.indoordogpark.org/parks/bark-vb,http://www.barkvb.com/,(757) 904-1450,Virginia Beach,VA,false
Lafayette Dog Park,,https://www.indoordogpark.org/parks/lafayette-dog-park,,,Norfolk,VA,false
Dogtopia of Town Center – Virginia Beach,,https://www.indoordogpark.org/parks/dogtopia-of-town-center-virginia-beach,https://www.dogtopia.com/towncenter-virginiabeach/,(757) 517-8010,Virginia Beach,VA,false
Salem Woods Dog Park,,https://www.indoordogpark.org/parks/salem-woods-dog-park,,,Virginia Beach,VA,false
Red Wing Park,,https://www.indoordogpark.org/parks/red-wing-park,https://parks.virginiabeach.gov/outdoors/city-parks/red-wing-park,(757) 437-2038,Virginia Beach,VA,false
Ocean View Dog Park,,https://www.indoordogpark.org/parks/ocean-view-dog-park,,,Norfolk,VA,false
Bayville Farms Park,,https://www.indoordogpark.org/parks/bayville-farms-park,https://parks.virginiabeach.gov/outdoors/city-parks/bayville-farms-park,(757) 460-7569,Virginia Beach,VA,false
Bea Arthur Dog Park,,https://www.indoordogpark.org/parks/bea-arthur-dog-park,https://spotlight.peta.org/petadogpark/,(757) 622-7382,Norfolk,VA,false
Woodstock Park,,https://www.indoordogpark.org/parks/woodstock-park,https://parks.virginiabeach.gov/outdoors/city-parks/woodstock-park,(757) 385-0400,Virginia Beach,VA,false
Little Dog Adventures Doggie Daycare,,https://www.indoordogpark.org/parks/little-dog-adventures-doggie-daycare,http://www.littledogadventures.com/,(757) 418-1462,Virginia Beach,VA,false
Great Neck Park & Indoor Pavilion,,https://www.indoordogpark.org/parks/great-neck-park-indoor-pavilion,https://parks.virginiabeach.gov/outdoors/city-parks/great-neck-park,,Virginia Beach,VA,false
Marshview Park,,https://www.indoordogpark.org/parks/marshview-park,https://parks.virginiabeach.gov/outdoors/city-parks/marshview-park-natural-areas,(757) 385-4329,Virginia Beach,VA,false
Shirlington Dog Park,,https://www.indoordogpark.org/parks/shirlington-dog-park,https://shirlingtondogs.org/,(703) 228-6525,Arlington,VA,false
Ghent Dog Park,,https://www.indoordogpark.org/parks/ghent-dog-park,,(757) 609-0437,Norfolk,VA,false
Woodstock Dog Park,,https://www.indoordogpark.org/parks/woodstock-dog-park,,(757) 385-0400,Virginia Beach,VA,false
K9 Resorts Luxury Pet Hotel Virginia Beach,,https://www.indoordogpark.org/parks/k9-resorts-luxury-pet-hotel-virginia-beach,https://www.k9resorts.com/virginia-beach/,(757) 866-5892,Virginia Beach,VA,false
The Ruff House Stay & Play at Bayside,,https://www.indoordogpark.org/parks/the-ruff-house-stay-play-at-bayside,https://www.bayside.ruffhouseva.com/,(757) 499-7697,Virginia Beach,VA,false
Cosmo's Corner Doggie Day Care,,https://www.indoordogpark.org/parks/cosmo-s-corner-doggie-day-care,http://www.cosmoscorneronline.com/,(757) 457-7834,Virginia Beach,VA,false
Great Neck Doggie Day Care,,https://www.indoordogpark.org/parks/great-neck-doggie-day-care,http://greatneckdoggiedaycare.com/,(757) 416-5289,Virginia Beach,VA,false
Camp Bow Wow Virginia Beach,,https://www.indoordogpark.org/parks/camp-bow-wow-virginia-beach,https://www.campbowwow.com/virginia-beach/,(757) 720-7666,Virginia Beach,VA,false
Holly Ridge Manor Canine Country Club,,https://www.indoordogpark.org/parks/holly-ridge-manor-canine-country-club,http://www.hollyridgemanor.com/,(757) 426-6100,Virginia Beach,VA,false
Sterling Meadows Kennel and Cattery,,https://www.indoordogpark.org/parks/sterling-meadows-kennel-and-cattery,http://www.sterlingmeadowskennel.com/,(757) 471-0040,Virginia Beach,VA,false
Fur'st Choice Doggie Daycare,,https://www.indoordogpark.org/parks/fur-st-choice-doggie-daycare,https://furstchoicedoggydaycarevb.com/,(757) 481-3858,Virginia Beach,VA,false
PetSuites Virginia Beach,,https://www.indoordogpark.org/parks/petsuites-virginia-beach,http://virginiabeach.petsuitesofamerica.com/?utm_source=gmb&utm_medium=organic&y_source=1_MjYwOTcwODMtNzE1LWxvY2F0aW9uLndlYnNpdGU%3D,(757) 354-1917,Virginia Beach,VA,false
Dappy Dayz Dogs LLC,,https://www.indoordogpark.org/parks/dappy-dayz-dogs-llc,http://dappydayzdogs.com/,(757) 663-7009,Norfolk,VA,false
Obedient Paws,,https://www.indoordogpark.org/parks/obedient-paws,http://www.obedientpaws.org/,(757) 506-9148,Virginia Beach,VA,false
The Ruff House Stay & Play at Greenbrier,,https://www.indoordogpark.org/parks/the-ruff-house-stay-play-at-greenbrier,https://www.greenbrier.ruffhouseva.com/,(757) 251-0699,Chesapeake,VA,false
Shipp's Corner Pet Spa & Resort,,https://www.indoordogpark.org/parks/shipp-s-corner-pet-spa-resort,https://sites.google.com/view/shippscornerpetspaandresort/home,(757) 301-6941,Virginia Beach,VA,false
Hunt Club Boarding Kennel and Cattery,,https://www.indoordogpark.org/parks/hunt-club-boarding-kennel-and-cattery,https://huntclubkennel757.com/,(757) 427-6611,Virginia Beach,VA,false
Claudia's Dogs - Doggy Daycare & Boarding,,https://www.indoordogpark.org/parks/claudia-s-dogs-doggy-daycare-boarding,https://www.claudias-dogs-doggy-daycare-boarding.com/,(757) 354-5351,Norfolk,VA,false
PetSmart Doggie Day Camp,,https://www.indoordogpark.org/parks/petsmart-doggie-day-camp,https://stores.petsmart.com/va/virginia-beach/virginia-beach-hilltop/petshotel-doggie-day-camp?utm_source=google&utm_medium=organic&utm_campaign=google-my-business,(757) 425-0286,Virginia Beach,VA,false
Care-A-Lot Pet Supply,,https://www.indoordogpark.org/parks/care-a-lot-pet-supply,https://www.carealotpets.com/?utm_source=google&utm_medium=organic&utm_campaign=gmb-listing&utm_content=diamond-springs,(757) 457-9431,Virginia Beach,VA,false
"Ballypines Dog Ranch, LLC",,https://www.indoordogpark.org/parks/ballypines-dog-ranch-llc,http://www.ballypinesdogranch.com/,(904) 504-1929,Chesapeake,VA,false
Four Paws Inn,,https://www.indoordogpark.org/parks/four-paws-inn,http://www.caninetrainingunlimited.com/,(757) 436-3973,Chesapeake,VA,false
Happy Tails Resort,,https://www.indoordogpark.org/parks/happy-tails-resort,http://www.happytailscamp.com/,(757) 226-8444,Norfolk,VA,false
Canine Obedience Training at Hunt Club,,https://www.indoordogpark.org/parks/canine-obedience-training-at-hunt-club,http://dog-school.biz/,(757) 427-2292,Virginia Beach,VA,false
K9 Functional Training,,https://www.indoordogpark.org/parks/k9-functional-training,http://functionaldogtrainers.com/,(757) 925-8885,Virginia Beach,VA,false
"Playful Pups & Performance Training, Inc.",,https://www.indoordogpark.org/parks/playful-pups-performance-training-inc,http://www.playfulpupstraining.com/,(757) 469-6282,Virginia Beach,VA,false
Hampton Roads Obedience Training Club,,https://www.indoordogpark.org/parks/hampton-roads-obedience-training-club,http://hrotc.org/,(757) 264-0259,Virginia Beach,VA,false
Dutch East Dogs Training Center,,https://www.indoordogpark.org/parks/dutch-east-dogs-training-center,http://dutcheastdogs.com/,(757) 426-1223,Virginia Beach,VA,false
Lead K9,,https://www.indoordogpark.org/parks/lead-k9,https://www.leadk9.com/,(757) 328-7873,Virginia Beach,VA,false
K9Aholics Dog Training,,https://www.indoordogpark.org/parks/k9aholics-dog-training,https://www.k9aholics.com/,(757) 578-9883,Norfolk,VA,false
Canine Training Unlimited,,https://www.indoordogpark.org/parks/canine-training-unlimited,https://www.caninetrainingunlimited.com/,(757) 436-3973,Chesapeake,VA,false
Off Leash K9 Training Hampton Roads,,https://www.indoordogpark.org/parks/off-leash-k9-training-hampton-roads,http://www.hamptonroadsdogtrainers.com/,(757) 296-8366,Yorktown,VA,false
Citizen K9 Dog Training And Agility,,https://www.indoordogpark.org/parks/citizen-k9-dog-training-and-agility,http://www.citizenk9dogtraining.com/,(757) 904-1633,Norfolk,VA,false
Freak On A Leash Dog Training,,https://www.indoordogpark.org/parks/freak-on-a-leash-dog-training,https://freakonaleashdogtraining.com/,(757) 301-1161,Chesapeake,VA,false
"Doggy Decorum, LLC",,https://www.indoordogpark.org/parks/doggy-decorum-llc,http://doggydecorumllc.com/,(347) 645-1555,Virginia Beach,VA,false
Half Moon Bay,,https://www.indoordogpark.org/parks/half-moon-bay,http://www.halfmoonbaycaninetraining.com/,(757) 621-6163,Chesapeake,VA,false
Dog Gone Good Dog Training,,https://www.indoordogpark.org/parks/dog-gone-good-dog-training,https://doggonegood.biz/,(757) 620-0557,Virginia Beach,VA,false
Woof Gang Bakery & Grooming Virginia Beach,,https://www.indoordogpark.org/parks/woof-gang-bakery-grooming-virginia-beach,https://woofgangbakery.com/pages/locations/virginia-beach?utm_source=google&utm_medium=gmb,(757) 937-0282,Virginia Beach,VA,false
Muddy Buddy - Pet Wash & Grooming,,https://www.indoordogpark.org/parks/muddy-buddy-pet-wash-grooming,https://muddybuddydog.com/,(757) 321-7297,Virginia Beach,VA,false
Preppie Pooch,,https://www.indoordogpark.org/parks/preppie-pooch,http://www.preppiepooch.com/,(757) 631-5900,Virginia Beach,VA,false
Salon Versace Dog Wash & Grooming,,https://www.indoordogpark.org/parks/salon-versace-dog-wash-grooming,http://www.salonversace.com/,(757) 452-4922,Virginia Beach,VA,false
JA-Pens Grooming Salon,,https://www.indoordogpark.org/parks/ja-pens-grooming-salon,http://www.japensgroomingsalon.com/,(757) 497-7387,Virginia Beach,VA,false
Blue Ribbon Pet Salon,,https://www.indoordogpark.org/parks/blue-ribbon-pet-salon,http://www.blueribbonpetsalon.com,(757) 361-6688,Virginia Beach,VA,false
Blue Haven Pet Salon,,https://www.indoordogpark.org/parks/blue-haven-pet-salon,http://bluehavenpetsalon.com/,(757) 368-6226,Virginia Beach,VA,false
Doggie & Kitty Cat Grooming Salon,,https://www.indoordogpark.org/parks/doggie-kitty-cat-grooming-salon,https://www.dkcgroomingsalon.com/,(757) 708-3979,Virginia Beach,VA,false
Blue Dog Pet Grooming - Pleasure House,,https://www.indoordogpark.org/parks/blue-dog-pet-grooming-pleasure-house,http://www.bluedogpetgrooming.com/,(757) 343-3499,Virginia Beach,VA,false
Paws & Purrs Grooming,,https://www.indoordogpark.org/parks/paws-purrs-grooming,,(757) 424-2252,Virginia Beach,VA,false
Beach Pups Pet Styling,,https://www.indoordogpark.org/parks/beach-pups-pet-styling,https://beachpupspetstyling.com/,(757) 904-3612,Virginia Beach,VA,false
Doggie Stylin' Pet Salon,,https://www.indoordogpark.org/parks/doggie-stylin-pet-salon,https://doggiestylinpet.top/,(757) 333-4911,Virginia Beach,VA,false
Great Neck Pet Grooming,,https://www.indoordogpark.org/parks/great-neck-pet-grooming,http://www.greatneckpetgrooming.com/,(757) 995-5632,Virginia Beach,VA,false
Town & Country Pet Grooming,,https://www.indoordogpark.org/parks/town-country-pet-grooming,http://townandcountrygroomingforyourpet.com/,(757) 496-0293,Virginia Beach,VA,false
Two Brothers Dog Wash,,https://www.indoordogpark.org/parks/two-brothers-dog-wash,http://www.twobrothersdogwash.com/,(757) 497-9274,Virginia Beach,VA,false
Pet Supplies Plus Virginia Beach,,https://www.indoordogpark.org/parks/pet-supplies-plus-virginia-beach,https://www.petsuppliesplus.com/store/va/virginia-beach/8016-virginia-beach/8016,(757) 424-8448,Virginia Beach,VA,false
Clip Pets Grooming,,https://www.indoordogpark.org/parks/clip-pets-grooming,http://www.clippetsonline.com/,(757) 491-2371,Virginia Beach,VA,false
Queen of the Paws | Norfolk VA | Pet Groomer,,https://www.indoordogpark.org/parks/queen-of-the-paws-norfolk-va-pet-groomer,https://www.queenofthepaws.com/,(757) 698-1814,Norfolk,VA,false
Animal Palace,,https://www.indoordogpark.org/parks/animal-palace,https://www.facebook.com/animalpalaceva/,(757) 340-2224,Virginia Beach,VA,false
Royal Cutz Pet Spa,,https://www.indoordogpark.org/parks/royal-cutz-pet-spa,https://royalcutzpetspa.square.site/,(757) 233-6495,Virginia Beach,VA,false
"Kitty Island, LLC",,https://www.indoordogpark.org/parks/kitty-island-llc,http://www.kittyisland.com/,(757) 425-7877,Virginia Beach,VA,false
Canine Resort,,https://www.indoordogpark.org/parks/canine-resort,https://www.canineresortllc.com/,(804) 224-1010,Colonial Beach,VA,false
Crawford Kennels,,https://www.indoordogpark.org/parks/crawford-kennels,http://www.crawford_kennels.com/,(757) 230-9042,Virginia Beach,VA,false
Salem Woods Park,,https://www.indoordogpark.org/parks/salem-woods-park,,(757) 385-1100,Virginia Beach,VA,false
Marshview Park Field,,https://www.indoordogpark.org/parks/marshview-park-field,,,Virginia Beach,VA,false
Point O' Woods Park,,https://www.indoordogpark.org/parks/point-o-woods-park,,,Virginia Beach,VA,false
Downtown Dog Park,,https://www.indoordogpark.org/parks/downtown-dog-park,,,Norfolk,VA,false
DogTown,,https://www.indoordogpark.org/parks/dogtown,http://dogtownva.com/,(757) 754-6446,Norfolk,VA,false
Tait Terrace Dog Park,,https://www.indoordogpark.org/parks/tait-terrace-dog-park,https://www.norfolk.gov/5442/Dog-Parks,,Norfolk,VA,false
Meadowbrook Dog Park,,https://www.indoordogpark.org/parks/meadowbrook-dog-park,https://www.norfolk.gov/Facilities?clear=True,,Norfolk,VA,false
Colonial Place Dog Park,,https://www.indoordogpark.org/parks/colonial-place-dog-park,,,Norfolk,VA,false
Dog Park,,https://www.indoordogpark.org/parks/dog-park,,,Norfolk,VA,false
Ridgway Bark Park,,https://www.indoordogpark.org/parks/ridgway-bark-park,https://www.hampton.gov/facilities/facility/details/Ridgway-Bark-Park-15,(757) 727-6348,Hampton,VA,false
Petquoson Private Dog Park,,https://www.indoordogpark.org/parks/petquoson-private-dog-park,https://petquoson.com/pages/private-play-park,,Poquoson,VA,false
"K9 and Feline Daycare Services, LLC",,https://www.indoordogpark.org/parks/k9-and-feline-daycare-services-llc,https://mrsdesisecret1.wixsite.com/k9andfelinedaycarese,(757) 514-1449,Norfolk,VA,false
Muddy Paws,,https://www.indoordogpark.org/parks/muddy-paws,http://www.muddypawsnorfolk.com/,(757) 965-9702,Norfolk,VA,false
Kingdom For Dogs,,https://www.indoordogpark.org/parks/kingdom-for-dogs,https://kingdomsfordogs.wixsite.com/sample,(804) 895-2773,Norfolk,VA,false
The Pawlor,,https://www.indoordogpark.org/parks/the-pawlor,http://thepawlor1.com/,(757) 904-6424,Norfolk,VA,false
Top Dog Walk,,https://www.indoordogpark.org/parks/top-dog-walk,http://www.topdogwalk.com/,(757) 750-0445,Norfolk,VA,false
Bennett Dog Business,,https://www.indoordogpark.org/parks/bennett-dog-business,https://bennettdogbusiness.com/,(757) 949-8433,Norfolk,VA,false
Port Rover,,https://www.indoordogpark.org/parks/port-rover,https://www.portrover.com/,(757) 657-8060,Portsmouth,VA,false
Dog & Cat Hospital,,https://www.indoordogpark.org/parks/dog-cat-hospital,https://dogandcathospitalnorfolk.com/?utm_source=gmb&utm_medium=organic,(757) 622-1788,Norfolk,VA,false
Churchland K9,,https://www.indoordogpark.org/parks/churchland-k9,http://www.churchlandk9.com/,(757) 686-8207,Portsmouth,VA,false
"Blue Sky Farms, Home of K9 Country Inn",,https://www.indoordogpark.org/parks/blue-sky-farms-home-of-k9-country-inn,http://blueskyfarmshomeofk9countryinn.com/,(757) 204-7574,Chesapeake,VA,false
Merrimac Dog Training Club,,https://www.indoordogpark.org/parks/merrimac-dog-training-club,http://www.merrimacdogtrainingclub.org/,(757) 723-8141,Hampton,VA,false
Shades Of Blu Dog Training INC,,https://www.indoordogpark.org/parks/shades-of-blu-dog-training-inc,https://www.shadesofbludogtraining.com/,(757) 775-7047,Chesapeake,VA,false
"T.C. Canines, LLC",,https://www.indoordogpark.org/parks/t-c-canines-llc,http://www.tccanines.com/,(757) 947-7097,Portsmouth,VA,false
On Command Dog Training LLC,,https://www.indoordogpark.org/parks/on-command-dog-training-llc,https://www.oncommanddogtraining.net/aboutus,,Newport News,VA,false
PetSmart Dog Training,,https://www.indoordogpark.org/parks/petsmart-dog-training,https://stores.petsmart.com/va/norfolk/norfolk/dog-training?utm_source=google&utm_medium=organic&utm_campaign=google-my-business,(757) 459-6712,Norfolk,VA,false
Dean's List K9 Training LLC,,https://www.indoordogpark.org/parks/dean-s-list-k9-training-llc,http://www.deanslistk9training.com/,(757) 807-0227,Suffolk,VA,false
Bayview Pet Salon,,https://www.indoordogpark.org/parks/bayview-pet-salon,,(757) 639-3004,Norfolk,VA,false
Groomingdale's Pet Salon & Spa,,https://www.indoordogpark.org/parks/groomingdale-s-pet-salon-spa,http://www.groomingdalesva.com/,(757) 627-1162,Norfolk,VA,false
9 Tails Pet Grooming salon,,https://www.indoordogpark.org/parks/9-tails-pet-grooming-salon,,(757) 857-5414,Norfolk,VA,false
JO'S PET SPA,,https://www.indoordogpark.org/parks/jo-s-pet-spa,http://jospetspa-salon.com/,(757) 201-8360,Norfolk,VA,false
TM Grooming,,https://www.indoordogpark.org/parks/tm-grooming,,(757) 583-8482,Norfolk,VA,false
Robin's Grooming Nest,,https://www.indoordogpark.org/parks/robin-s-grooming-nest,http://www.petgroomersva.com/,(757) 583-2225,Norfolk,VA,false
Go Grooming Gallery Spa and Training LLC.,,https://www.indoordogpark.org/parks/go-grooming-gallery-spa-and-training-llc,http://gogroominggalleryspa.com/,(757) 295-1326,Norfolk,VA,false
Pawsnickety Pets,,https://www.indoordogpark.org/parks/pawsnickety-pets,http://www.pawsnicketypets.com/,(757) 622-2831,Norfolk,VA,false
PetSuites Chesapeake,,https://www.indoordogpark.org/parks/petsuites-chesapeake,https://chesapeake.petsuitesofamerica.com/?utm_source=gmb&utm_medium=organic&y_source=1_MTE2NjkwNzYtNzE1LWxvY2F0aW9uLndlYnNpdGU%3D,(757) 301-5654,Chesapeake,VA,false
Serenity Pet Spa and Hotel,,https://www.indoordogpark.org/parks/serenity-pet-spa-and-hotel,https://www.pets4serenity.com/,(757) 410-3399,Chesapeake,VA,false
Pet Resort At Greensprings,,https://www.indoordogpark.org/parks/pet-resort-at-greensprings,https://williamsburgpetresort.com/,(757) 220-2880,Williamsburg,VA,false
Cambridge Crescent Dog Park,,https://www.indoordogpark.org/parks/cambridge-crescent-dog-park,,(757) 575-5240,Norfolk,VA,false
Top Dog Walk,,https://www.indoordogpark.org/parks/top-dog-walk,http://www.topdogwalk.com/,(757) 750-0445,Norfolk,VA,false
Fur-Get Me Not Pet Care,,https://www.indoordogpark.org/parks/fur-get-me-not-pet-care,https://www.furgetmenot.com/,(703) 933-1935,Arlington,VA,false
District Dogs Clarendon,,https://www.indoordogpark.org/parks/district-dogs-clarendon,http://www.districtdogs.com/clarendon,(703) 888-0528,Arlington,VA,false
Playful Pack,,https://www.indoordogpark.org/parks/playful-pack,https://playfulpack.com/,(703) 852-7353,Leesburg,VA,false
District Dogs National Landing,,https://www.indoordogpark.org/parks/district-dogs-national-landing,https://districtdogs.com/national-landing/,(571) 312-8987,Arlington,VA,false
Two Way Pet Services,,https://www.indoordogpark.org/parks/two-way-pet-services,http://www.twowaydogwalking.com/,(571) 399-4111,Arlington,VA,false
Dogtopia of Arlington-Shirlington,,https://www.indoordogpark.org/parks/dogtopia-of-arlington-shirlington,https://www.dogtopia.com/arlington-shirlington/,(703) 845-3647,Arlington,VA,false
Bark + Boarding,,https://www.indoordogpark.org/parks/bark-boarding,http://www.barkandboarding.com/,(703) 931-5057,Bailey's Crossroads,VA,false
Pooch Pals LLC - Dog Walker,,https://www.indoordogpark.org/parks/pooch-pals-llc-dog-walker,http://www.thepoochpals.com/,(703) 475-9360,Arlington,VA,false
Heart + Paw,,https://www.indoordogpark.org/parks/heart-paw,https://heartandpaw.com/locations/ballston-quarter?utm_source=google&utm_medium=gbp&utm_campaign=urbain&utm_content=websitelink,(571) 701-2571,Arlington,VA,false
Arlington Dog Nanny,,https://www.indoordogpark.org/parks/arlington-dog-nanny,http://www.arlingtondognanny.com/,(703) 261-4918,Arlington,VA,false
Dude’s Dog House & Spa,,https://www.indoordogpark.org/parks/dude-s-dog-house-spa,https://dudesdoghouse.com/,(703) 857-1400,Falls Church,VA,false
Pet Sitting 4 Comfort (PS4C) LLC,,https://www.indoordogpark.org/parks/pet-sitting-4-comfort-ps4c-llc,http://www.petsitting4comfort.com/,(571) 839-0088,Falls Church,VA,false
WOOFS! Dog Training Center,,https://www.indoordogpark.org/parks/woofs-dog-training-center,https://www.woofsdogtraining.com/,(703) 526-0218,Arlington,VA,false
Dogtopia of Alexandria,,https://www.indoordogpark.org/parks/dogtopia-of-alexandria,http://www.dogtopia.com/alexandria,(703) 278-2110,Alexandria,VA,false
The Board Hound,,https://www.indoordogpark.org/parks/the-board-hound,http://theboardhound.com/,(703) 382-9143,Alexandria,VA,false
Whole Dogz,,https://www.indoordogpark.org/parks/whole-dogz,http://wholedogz.com/,(571) 427-7025,Alexandria,VA,false
Club Canine Cardio,,https://www.indoordogpark.org/parks/club-canine-cardio,https://clubcaninecardio.com/,(571) 317-2239,Arlington,VA,false
Arlington Dog Daycare and Boarding,,https://www.indoordogpark.org/parks/arlington-dog-daycare-and-boarding,http://www.arlingtondogdaycare.com/,(972) 204-5835,Arlington,VA,false
Playful Pack,,https://www.indoordogpark.org/parks/playful-pack,https://playfulpack.com/,(703) 496-7277,McLean,VA,false
Pet Grand Hotel,,https://www.indoordogpark.org/parks/pet-grand-hotel,https://petgrandhotel.com/,(703) 466-5100,Falls Church,VA,false
Olde Towne Pet Resort,,https://www.indoordogpark.org/parks/olde-towne-pet-resort,https://www.oldetownepetresort.com/?utm_source=GMB&utm_medium=local&utm_campaign=north-bethesda-md,(703) 455-9000,North Bethesda,VA,false
Montrose Pet Hotel,,https://www.indoordogpark.org/parks/montrose-pet-hotel,http://www.montrosepethotel.com/#montrosepethotel,(703) 425-5000,Fairfax,VA,false
Pixee's Paws Pet Palace Dog Boarding,,https://www.indoordogpark.org/parks/pixee-s-paws-pet-palace-dog-boarding,https://pixeespawspetpalace.com/?utm_source=google&utm_medium=organic&utm_term=gmb&utm_campaign=Arlington,(682) 999-8684,Arlington,VA,false
Affectionate Pet Care,,https://www.indoordogpark.org/parks/affectionate-pet-care,http://www.affectionatepetcare.com/,(703) 250-5233,Fairfax,VA,false
"Unleashed Abilities: Coaching People, Training Dogs",,https://www.indoordogpark.org/parks/unleashed-abilities-coaching-people-training-dogs,http://www.unleashedabilities.com/,(703) 371-9800,Falls Church,VA,false
Nova Pack Dog Training LLC,,https://www.indoordogpark.org/parks/nova-pack-dog-training-llc,https://novapackdogtraining.com/,(571) 308-2170,Falls Church,VA,false
Ridgeside K9 - Dog Training,,https://www.indoordogpark.org/parks/ridgeside-k9-dog-training,https://ridgesidek9.com/,(571) 271-5595,Bluemont,VA,false
Wholistic Hound Academy,,https://www.indoordogpark.org/parks/wholistic-hound-academy,http://www.wholistichound.com/,(703) 962-6335,Alexandria,VA,false
Frolick Dogs,,https://www.indoordogpark.org/parks/frolick-dogs,http://www.frolickdogs.com/,(703) 957-8946,Alexandria,VA,false
Core Canine,,https://www.indoordogpark.org/parks/core-canine,http://www.corecanine.com/,(571) 488-9004,Alexandria,VA,false
Olde Towne School For Dogs,,https://www.indoordogpark.org/parks/olde-towne-school-for-dogs,http://otsfd.com/,(703) 836-7643,Alexandria,VA,false
District Dogs Enrichment Facility,,https://www.indoordogpark.org/parks/district-dogs-enrichment-facility,http://www.districtdogtraining.com/,(202) 813-3913,Washington,VA,false
Off Leash K9 Training Maryland,,https://www.indoordogpark.org/parks/off-leash-k9-training-maryland,https://www.olk9md.com/?utm_source=google&utm_medium=organic&utm_campaign=gmb,(443) 743-3221,Elkridge,VA,false
Zoom Room Dog Training - Springfield,,https://www.indoordogpark.org/parks/zoom-room-dog-training-springfield,https://www.zoomroomdogtrainingva.com/,(571) 652-2620,Springfield,VA,false
DogOn Fitness - Arlington McLean Falls Church,,https://www.indoordogpark.org/parks/dogon-fitness-arlington-mclean-falls-church,http://dogonfitness.com/,,Arlington,VA,false
The Muddy Mutt,,https://www.indoordogpark.org/parks/the-muddy-mutt,http://www.themuddymutt.com/,(703) 888-2303,Arlington,VA,false
Happy Grooming,,https://www.indoordogpark.org/parks/happy-grooming,http://www.happygroomingva.com/,(703) 528-7292,Arlington,VA,false
Dogma Bakery - Village at Shirlington,,https://www.indoordogpark.org/parks/dogma-bakery-village-at-shirlington,http://www.dogmabakery.com/,(571) 422-0370,Arlington,VA,false
InStyle Pet Grooming,,https://www.indoordogpark.org/parks/instyle-pet-grooming,https://petq.net/explore/instyle-pet-grooming/,(703) 300-9738,Arlington,VA,false
Woof Gang Bakery & Grooming Arlington,,https://www.indoordogpark.org/parks/woof-gang-bakery-grooming-arlington,https://woofgangbakery.com/arlington,(571) 312-5630,Arlington,VA,false
The Groomery Ltd.,,https://www.indoordogpark.org/parks/the-groomery-ltd,http://thegroomeryltd.com/,(703) 299-0299,Alexandria,VA,false
Gigi's Pet Salon,,https://www.indoordogpark.org/parks/gigi-s-pet-salon,,(703) 532-7888,Arlington,VA,false
From Head to Tail Grooming Spa,,https://www.indoordogpark.org/parks/from-head-to-tail-grooming-spa,http://www.headtotailspa.com/,(571) 312-7989,Alexandria,VA,false
Barkley Square,,https://www.indoordogpark.org/parks/barkley-square,https://www.barkleysquare.com/,(703) 237-3650,Falls Church,VA,false
Peachy Pooches Dog Spa & Grooming,,https://www.indoordogpark.org/parks/peachy-pooches-dog-spa-grooming,http://peachypooches.net/,(703) 712-8207,McLean,VA,false
Pawsh Dog Wash,,https://www.indoordogpark.org/parks/pawsh-dog-wash,http://www.pawshdw.com/,(703) 566-9044,Alexandria,VA,false
"Paw Spa, LLC.",,https://www.indoordogpark.org/parks/paw-spa-llc,http://pawspava.com/,(703) 517-4438,Alexandria,VA,false
Bessie's Pet Grooming,,https://www.indoordogpark.org/parks/bessie-s-pet-grooming,http://www.bessiepetgrooming.com/,(703) 457-2665,Annandale,VA,false
For Pets' Sake,,https://www.indoordogpark.org/parks/for-pets-sake,http://forpetssakeofalexandria.com/,(703) 931-2600,Alexandria,VA,false
Gia Styles Grooming,,https://www.indoordogpark.org/parks/gia-styles-grooming,https://www.giastylesgrooming.com/,(703) 567-6839,Alexandria,VA,false
GROOM! Salon,,https://www.indoordogpark.org/parks/groom-salon,http://groomsaloninc.com/,(301) 328-5750,Silver Spring,VA,false
Giving Tree Pet Resort & Grooming,,https://www.indoordogpark.org/parks/giving-tree-pet-resort-grooming,http://givingtreepetresort.com/,(571) 325-2994,Reston,VA,false
Olde Towne Pet Resort,,https://www.indoordogpark.org/parks/olde-towne-pet-resort,https://www.oldetownepetresort.com/?utm_source=GMB&utm_medium=local&utm_campaign=sterling-va,(703) 455-9000,Sterling,VA,false
The Royal Pet Resort and Spa,,https://www.indoordogpark.org/parks/the-royal-pet-resort-and-spa,http://www.theroyalpetresort.com/,(817) 478-8000,Arlington,VA,false
Pet Resort in The Gardens,,https://www.indoordogpark.org/parks/pet-resort-in-the-gardens,https://petresortinthegardens.com/?utm_source=gmb&utm_medium=organic,(817) 635-5510,Arlington,VA,false
PetSuites Arlington,,https://www.indoordogpark.org/parks/petsuites-arlington,https://arlington.petsuitesofamerica.com/?utm_source=gmb&utm_medium=organic&y_source=1_MTg1NDkzNTUtNzE1LWxvY2F0aW9uLndlYnNpdGU%3D,(469) 890-0270,Arlington,VA,false
Olde Towne Pet Resort,,https://www.indoordogpark.org/parks/olde-towne-pet-resort,https://www.oldetownepetresort.com/?utm_source=GMB&utm_medium=local&utm_campaign=north-bethesda-md,(703) 455-9000,North Bethesda,VA,false
MVP Resort,,https://www.indoordogpark.org/parks/mvp-resort,https://resort.mainstayvet.com/,(703) 280-4588,Fairfax,VA,false
Pender Pet Retreat at Dulles Gateway,,https://www.indoordogpark.org/parks/pender-pet-retreat-at-dulles-gateway,https://penderpetretreat.com/,(703) 631-9590,Chantilly,VA,false
Dogtopia of Falls Church,,https://www.indoordogpark.org/parks/dogtopia-of-falls-church,https://www.dogtopia.com/falls-church/,(571) 356-9223,Falls Church,VA,false
Glencarlyn Dog Park,,https://www.indoordogpark.org/parks/glencarlyn-dog-park,https://www.arlingtonva.us/Government/Departments/Parks-Recreation/Locations/Parks/Glencarlyn-Park/Glencarlyn-Dog-Park,,Arlington,VA,false
James Hunter Dog Park,,https://www.indoordogpark.org/parks/james-hunter-dog-park,https://www.arlingtonva.us/Government/Departments/Parks-Recreation/Locations/Parks/James-Hunter-Dog-Park,(703) 228-6525,Arlington,VA,false
Benjamin Banneker Dog Park,,https://www.indoordogpark.org/parks/benjamin-banneker-dog-park,,,Arlington,VA,false
Gateway Park Interim Dog Park,,https://www.indoordogpark.org/parks/gateway-park-interim-dog-park,https://parks.arlingtonva.us/parksfacilities/dog-parks/,,Arlington,VA,false
Clarendon Dog Park,,https://www.indoordogpark.org/parks/clarendon-dog-park,https://www.arlingtonva.us/Government/Departments/Parks-Recreation/Locations/Parks/James-Hunter-Dog-Park,(703) 228-6525,Arlington,VA,false
Fort Barnard Dog Park,,https://www.indoordogpark.org/parks/fort-barnard-dog-park,https://parks.arlingtonva.us/locations/fort-barnard-park/,(703) 228-6525,Arlington,VA,false
Utah Dog Park,,https://www.indoordogpark.org/parks/utah-dog-park,,(703) 228-7529,Arlington,VA,false
Benjamin Banneker Park,,https://www.indoordogpark.org/parks/benjamin-banneker-park,https://www.arlingtonva.us/Government/Departments/Parks-Recreation/Locations/Parks/Benjamin-Banneker-Park,(703) 228-6525,Arlington,VA,false
Bark Park,,https://www.indoordogpark.org/parks/bark-park,,,Arlington,VA,false
Shirlington Park,,https://www.indoordogpark.org/parks/shirlington-park,https://www.arlingtonva.us/Government/Departments/Parks-Recreation/Locations/Parks/Shirlington-Park,(703) 228-6525,Arlington,VA,false
Westgrove Dog Park,,https://www.indoordogpark.org/parks/westgrove-dog-park,http://www.westgrovepack.org/,,Alexandria,VA,false
Glencarlyn Park,,https://www.indoordogpark.org/parks/glencarlyn-park,https://www.arlingtonva.us/Government/Departments/Parks-Recreation/Locations/Parks/Glencarlyn-Park,(703) 228-6525,Arlington,VA,false
Big Dog Run,,https://www.indoordogpark.org/parks/big-dog-run,http://parks.arlingtonva.us/,(571) 560-0924,Arlington,VA,false
Dog Run Park at Carlyle,,https://www.indoordogpark.org/parks/dog-run-park-at-carlyle,https://www.alexandriava.gov/Dogs,(703) 746-4343,Alexandria,VA,false
Fort Barnard Park,,https://www.indoordogpark.org/parks/fort-barnard-park,https://www.arlingtonva.us/Government/Departments/Parks-Recreation/Locations/Parks/Fort-Barnard-Park,(703) 228-6525,Arlington,VA,false
Avalon at Arlington Square Dog Park,,https://www.indoordogpark.org/parks/avalon-at-arlington-square-dog-park,,,Arlington,VA,false
Your Dog's Best Friends,,https://www.indoordogpark.org/parks/your-dog-s-best-friends,http://yourdogsbestfriends.com/,(703) 566-1111,Alexandria,VA,false
Ruff Canine Club,,https://www.indoordogpark.org/parks/ruff-canine-club,http://www.ruffcanineclub.com/,(804) 562-2038,Richmond,VA,false
Dog's Day Inn,,https://www.indoordogpark.org/parks/dog-s-day-inn,http://www.dogsdayinn.com,(804) 745-7173,Richmond,VA,false
Toby Town RVA,,https://www.indoordogpark.org/parks/toby-town-rva,http://www.tobytownrva.com/,(804) 799-0200,Richmond,VA,false
Four Paws Pet Resort,,https://www.indoordogpark.org/parks/four-paws-pet-resort,http://www.4pawsresort.com/,(804) 342-0093,Richmond,VA,false
Four Paws Pet Resort VI,,https://www.indoordogpark.org/parks/four-paws-pet-resort-vi,http://4pawsresort.com/,(804) 674-1190,Richmond,VA,false
Dogtopia of Chesterfield,,https://www.indoordogpark.org/parks/dogtopia-of-chesterfield,https://www.dogtopia.com/richmond-chesterfield/,(804) 313-9492,Richmond,VA,false
All Dog Adventures,,https://www.indoordogpark.org/parks/all-dog-adventures,http://www.alldogadventures.com/,(804) 355-7737,Richmond,VA,false
Diamond Doghouse,,https://www.indoordogpark.org/parks/diamond-doghouse,https://www.diamond-dog-house.com/,(804) 254-4101,Richmond,VA,false
Pets at Play,,https://www.indoordogpark.org/parks/pets-at-play,http://www.petsatplay.info/,(804) 343-7387,Richmond,VA,false
The Dog Stop - Richmond VA,,https://www.indoordogpark.org/parks/the-dog-stop-richmond-va,https://thedogstop.com/locations/virginia/richmond/,(804) 716-9735,Richmond,VA,false
Holiday Barn Pet Resorts,,https://www.indoordogpark.org/parks/holiday-barn-pet-resorts,https://holidaybarn.com/location/glen-allen/?utm_source=local&utm_medium=organic&utm_campaign=gmb,(804) 255-9983,Glen Allen,VA,false
Playful Paws Petcare,,https://www.indoordogpark.org/parks/playful-paws-petcare,https://playfulpawsrva.com/,(804) 337-2950,Richmond,VA,false
Impawsible Pups,,https://www.indoordogpark.org/parks/impawsible-pups,http://www.impawsiblepups.com/,(804) 285-2359,Richmond,VA,false
DogServices,,https://www.indoordogpark.org/parks/dogservices,https://dogservicesrva.com/,(804) 288-3647,Richmond,VA,false
K9 & Company Retreat,,https://www.indoordogpark.org/parks/k9-company-retreat,https://www.k9andcompanyretreat.com/,(804) 714-1783,North Chesterfield,VA,false
The Woofy Wellness Ranch,,https://www.indoordogpark.org/parks/the-woofy-wellness-ranch,http://woofywellness.com/,(804) 525-4714,Sandston,VA,false
Little DogServices,,https://www.indoordogpark.org/parks/little-dogservices,http://www.dogservicesrva.com/,(804) 358-7877,Richmond,VA,false
Crate Escape Resort,,https://www.indoordogpark.org/parks/crate-escape-resort,http://crateescaperesort.com/,(804) 622-1556,Henrico,VA,false
Dogtopia of Short Pump,,https://www.indoordogpark.org/parks/dogtopia-of-short-pump,https://www.dogtopia.com/richmond-shortpump/,(804) 625-4444,Richmond,VA,false
"Apple Dog Daycare, Lodging, Grooming & Training",,https://www.indoordogpark.org/parks/apple-dog-daycare-lodging-grooming-training,http://www.appledogdaycare.com/,(804) 261-0234,Glen Allen,VA,false
Dogtopia of Midlothian,,https://www.indoordogpark.org/parks/dogtopia-of-midlothian,https://www.dogtopia.com/midlothian,(804) 482-8099,Midlothian,VA,false
Holiday Barn Pet Resorts,,https://www.indoordogpark.org/parks/holiday-barn-pet-resorts,https://holidaybarn.com/location/glen-allen/?utm_source=local&utm_medium=organic&utm_campaign=gmb,(804) 255-9983,Glen Allen,VA,false
Pet Paradise Richmond Airport,,https://www.indoordogpark.org/parks/pet-paradise-richmond-airport,https://www.petparadise.com/richmond-airport.htm,(804) 806-3640,Richmond,VA,false
Wagging Tails Kennel,,https://www.indoordogpark.org/parks/wagging-tails-kennel,http://www.waggingtails-va.com/,(804) 639-9609,Moseley,VA,false
"Countryside Bed & Biscuit For Pets, Ltd.",,https://www.indoordogpark.org/parks/countryside-bed-biscuit-for-pets-ltd,http://www.countrysidebedandbiscuit.com/,(804) 794-8702,Powhatan,VA,false
Marytails Pet Care,,https://www.indoordogpark.org/parks/marytails-pet-care,https://www.facebook.com/share/15oAFHgNCx/,(804) 499-8055,Richmond,VA,false
Happy Camper Pet Lodge,,https://www.indoordogpark.org/parks/happy-camper-pet-lodge,http://www.happycamperpetlodge.com/,(804) 308-8191,Richmond,VA,false
Calm K9 Training,,https://www.indoordogpark.org/parks/calm-k9-training,http://www.calmk9training.com/,(804) 385-1756,Richmond,VA,false
Richmond Dog Obedience Club,,https://www.indoordogpark.org/parks/richmond-dog-obedience-club,https://www.rdoc.org/training,(804) 278-9032,Richmond,VA,false
Zoom Room,,https://www.indoordogpark.org/parks/zoom-room,https://zoomroom.com/location/richmond/,(804) 592-0472,Richmond,VA,false
Best Paw Forward K9 Training,,https://www.indoordogpark.org/parks/best-paw-forward-k9-training,http://www.bestpawforwardk9training.com/,(804) 683-1664,Richmond,VA,false
Level Up Dog Sports | Main Building,,https://www.indoordogpark.org/parks/level-up-dog-sports-main-building,http://www.levelupdogsports.com/,,Mechanicsville,VA,false
Dog Training Elite Richmond,,https://www.indoordogpark.org/parks/dog-training-elite-richmond,https://dogtrainingelite.com/richmond,(804) 944-8500,Henrico,VA,false
Happy Tailz,,https://www.indoordogpark.org/parks/happy-tailz,http://www.happytailzdogtrainer.com/,(804) 543-4300,Richmond,VA,false
Dog Lovers Obedience School,,https://www.indoordogpark.org/parks/dog-lovers-obedience-school,https://www.dogloversobedienceschool.com/,(804) 741-3647,Richmond,VA,false
"Off Leash K9 Training, Richmond",,https://www.indoordogpark.org/parks/off-leash-k9-training-richmond,http://www.richmondvadogtraining.com/,(804) 396-2756,Ashland,VA,false
2SpeakDog LLC,,https://www.indoordogpark.org/parks/2speakdog-llc,http://www.2speakdog.com/,(804) 440-2498,Richmond,VA,false
Love For Paws,,https://www.indoordogpark.org/parks/love-for-paws,http://www.loveforpaws.com/,(818) 720-3275,North Chesterfield,VA,false
Dog Dudes K9 Training,,https://www.indoordogpark.org/parks/dog-dudes-k9-training,http://dogdudesk9training.com/,(760) 297-0631,Quinton,VA,false
Intelligent K9 Dog Training,,https://www.indoordogpark.org/parks/intelligent-k9-dog-training,https://www.intelligentk9training.com/,(804) 587-7300,Powhatan,VA,false
Petco Dog Training,,https://www.indoordogpark.org/parks/petco-dog-training,https://stores.petco.com/va/winchester/dog-training-winchester-va-3836.html,(540) 773-6003,Winchester,VA,false
Better Dog Behavior Now,,https://www.indoordogpark.org/parks/better-dog-behavior-now,https://betterdogbehaviornow.com/,(804) 426-5866,Henrico,VA,false
Breakthrough K9 Training,,https://www.indoordogpark.org/parks/breakthrough-k9-training,https://www.breakthroughk9training.com/,(804) 301-2836,Mechanicsville,VA,false
Dogma Grooming + Pet Needs,,https://www.indoordogpark.org/parks/dogma-grooming-pet-needs,http://www.dogmagrooming.com/,(804) 358-9267,Richmond,VA,false
Dog Krazy,,https://www.indoordogpark.org/parks/dog-krazy,http://www.dogkrazy.com/,(804) 447-4391,Richmond,VA,false
"Manchester Groom Saloon, LLC",,https://www.indoordogpark.org/parks/manchester-groom-saloon-llc,,(804) 683-5116,Richmond,VA,false
Diamonds and Dutch Pet Bath & Spa,,https://www.indoordogpark.org/parks/diamonds-and-dutch-pet-bath-spa,https://diamondsanddutchpetbathandspa.com/,(804) 716-2424,Richmond,VA,false
The Groom Room,,https://www.indoordogpark.org/parks/the-groom-room,https://www.facebook.com/rivercitygroomroom,(804) 793-7837,Richmond,VA,false
Good Dog Grooming,,https://www.indoordogpark.org/parks/good-dog-grooming,,(804) 647-2842,Richmond,VA,false
Pet Magic RVA,,https://www.indoordogpark.org/parks/pet-magic-rva,https://www.petmagicrva.com/,(804) 939-7600,Richmond,VA,false
C.C. Pet Spa,,https://www.indoordogpark.org/parks/c-c-pet-spa,http://www.ccpetspa.com/,(804) 644-8000,Richmond,VA,false
Sitting Pretty Grooming and Training,,https://www.indoordogpark.org/parks/sitting-pretty-grooming-and-training,http://www.sittingpretty-rva.com/,(804) 477-8036,Richmond,VA,false
"Dog Krazy, Inc.",,https://www.indoordogpark.org/parks/dog-krazy-inc,https://dogkrazy.com/,(804) 510-1600,Richmond,VA,false
The Barking Lot,,https://www.indoordogpark.org/parks/the-barking-lot,http://www.thebarkinglot.info/,(804) 358-4038,Richmond,VA,false
Ridge Dog Shop,,https://www.indoordogpark.org/parks/ridge-dog-shop,https://theridgedogshop.com/,(804) 288-0605,Henrico,VA,false
The Doggie Lama Salons,,https://www.indoordogpark.org/parks/the-doggie-lama-salons,https://thedoggielamarva.com/,(804) 839-8031,Richmond,VA,false
"Petnificent, LLC",,https://www.indoordogpark.org/parks/petnificent-llc,http://www.petnificent.com/,(804) 477-6625,Richmond,VA,false
"Bows and Bones Pet Grooming, LLC",,https://www.indoordogpark.org/parks/bows-and-bones-pet-grooming-llc,http://bowsandbones.com/,(804) 267-5685,Bon Air,VA,false
CritterTown BathHouse,,https://www.indoordogpark.org/parks/crittertown-bathhouse,http://www.crittertown.com/,(804) 320-1096,Richmond,VA,false
Affordable Grooming,,https://www.indoordogpark.org/parks/affordable-grooming,,(804) 592-9242,Richmond,VA,false
The Grooming Tub,,https://www.indoordogpark.org/parks/the-grooming-tub,http://www.vagaro.com/thegroomingtub,(804) 301-8455,Richmond,VA,false
Pooches & Smooches,,https://www.indoordogpark.org/parks/pooches-smooches,https://l.facebook.com/l.php?u=http%3A%2F%2Fwww.poochesandsmoochesrva.com%2F%3Ffbclid%3DIwZXh0bgNhZW0CMTAAAR0RHVB4IBfvuE3v-_auvMtns_-S43QdYkkql23MmenCfdSH8AxYLmN7lgs_aem_0t5M-s1X8AavBj8xtCjAug&h=AT04Cp3QtgLOzSoDsJITCenGmT1nnB4OwhHvuZ90RXT4Ua5yA5QQTZPedoQj7lVfkxMkxEtuzsPSgSig5PcRzYJ5jmAtJ1Dj-250enEsLaiSR6oYHUjEhRPRc0gvWXKsZL62oG-myw-aAMXP768rZHQww78,(804) 447-0646,Richmond,VA,false
Pet Paradise Chesterfield,,https://www.indoordogpark.org/parks/pet-paradise-chesterfield,https://www.petparadise.com/chesterfield.htm,(804) 533-2320,North Chesterfield,VA,false
PawsCienda Pet Resort,,https://www.indoordogpark.org/parks/pawscienda-pet-resort,http://www.pawscienda.com/,(804) 883-7245,Montpelier,VA,false
Furr Kingdom,,https://www.indoordogpark.org/parks/furr-kingdom,http://www.furrkingdom.com/,(804) 708-0443,Manakin-Sabot,VA,false
West Chester Pet Resort,,https://www.indoordogpark.org/parks/west-chester-pet-resort,https://westchesterpetresort.com/,(804) 796-3632,Chester,VA,false
Four Paws Pet Resort,,https://www.indoordogpark.org/parks/four-paws-pet-resort,http://4pawsresort.com/,(804) 550-3334,Ashland,VA,false
Sandy Creek Pet Resort,,https://www.indoordogpark.org/parks/sandy-creek-pet-resort,https://www.sandycreekpetresort.com/,(804) 693-2311,James Store,VA,false
A Stay in the Country Pet Lodge and Training Center,,https://www.indoordogpark.org/parks/a-stay-in-the-country-pet-lodge-and-training-center,https://www.astayinthecountry.com/,(804) 795-9415,Charles City,VA,false
Paws Inn,,https://www.indoordogpark.org/parks/paws-inn,http://pawsinnpetresort.org/,(804) 784-0940,Manakin-Sabot,VA,false
Hanover Your Pet LLC,,https://www.indoordogpark.org/parks/hanover-your-pet-llc,https://hanoveryourpets.com/,(804) 730-4616,Mechanicsville,VA,false
Acres of Fun Kennel,,https://www.indoordogpark.org/parks/acres-of-fun-kennel,http://www.acresoffunkennel.com/,(804) 598-2860,Powhatan,VA,false
Barker Field,,https://www.indoordogpark.org/parks/barker-field,,(804) 239-0783,Richmond,VA,false
Church Hill Dog Park,,https://www.indoordogpark.org/parks/church-hill-dog-park,,(804) 646-5733,Richmond,VA,false
Dorey Dog Park,,https://www.indoordogpark.org/parks/dorey-dog-park,,,Henrico,VA,false
Short Pump Park,,https://www.indoordogpark.org/parks/short-pump-park,http://henrico.gov/rec/places/short-pump/,(804) 501-7275,Ridge,VA,false
Phideaux Dog Park,,https://www.indoordogpark.org/parks/phideaux-dog-park,,,Richmond,VA,false
Stony Point Dog Park,,https://www.indoordogpark.org/parks/stony-point-dog-park,,,Richmond,VA,false
Dorey Park and Recreation Center,,https://www.indoordogpark.org/parks/dorey-park-and-recreation-center,http://henrico.gov/rec/places/dorey/,(804) 652-1440,Henrico,VA,false
Northside Dog Park,,https://www.indoordogpark.org/parks/northside-dog-park,,(804) 646-5733,Richmond,VA,false
Rockwood Park,,https://www.indoordogpark.org/parks/rockwood-park,https://www.chesterfield.gov/3824/Rockwood-Park,(804) 276-6661,Richmond,VA,false
Pole Green Dog Park,,https://www.indoordogpark.org/parks/pole-green-dog-park,https://www.hanovercounty.gov/245/Dog-Parks,(804) 365-6000,Mechanicsville,VA,false
The Clover Hill Dog Park,,https://www.indoordogpark.org/parks/the-clover-hill-dog-park,https://m.facebook.com/friendsCTCdogpark/,,Midlothian,VA,false
Westwood Park,,https://www.indoordogpark.org/parks/westwood-park,,,Richmond,VA,false
Byrd Park,,https://www.indoordogpark.org/parks/byrd-park,https://www.rva.gov/parks-recreation/byrd-park,,Richmond,VA,false
Chester Dog Park,,https://www.indoordogpark.org/parks/chester-dog-park,,,Chester,VA,false
Fido Field,,https://www.indoordogpark.org/parks/fido-field,https://www.newport-news.org/visitors/things-to-do/outdoors-and-recreation/33/fido-field-dog-park/,(757) 886-7912,Newport News,VA,false
733D Force Support Squadron Dog Park,,https://www.indoordogpark.org/parks/733d-force-support-squadron-dog-park,,,Fort Eustis,VA,false
Riverview Farm Park,,https://www.indoordogpark.org/parks/riverview-farm-park,http://www.nnparks.com/parks_riverview.php,(757) 886-7912,Newport News,VA,false
Hounds Town Newport News,,https://www.indoordogpark.org/parks/hounds-town-newport-news,https://houndstownusa.com/locations/newport-news/?utm_source=google&utm_medium=map&utm_id=newport-news-va,(757) 231-1013,Newport News,VA,false
Newport News Park,,https://www.indoordogpark.org/parks/newport-news-park,https://nnparksandrec.org/,(757) 886-7912,Newport News,VA,false
PetSuites Newport News,,https://www.indoordogpark.org/parks/petsuites-newport-news,https://newportnews.petsuitesofamerica.com/?utm_source=gmb&utm_medium=organic&y_source=1_MTI4NzExMTMtNzE1LWxvY2F0aW9uLndlYnNpdGU%3D,(757) 447-2469,Newport News,VA,false
Hound Haven Newport News,,https://www.indoordogpark.org/parks/hound-haven-newport-news,https://pawpartner.com/hound-haven,(757) 697-3020,Newport News,VA,false
Femmes & Fidos,,https://www.indoordogpark.org/parks/femmes-fidos,https://www.femmesandfidos.com/,(757) 873-3436,Newport News,VA,false
The Happy Dog Pet Grooming Salon,,https://www.indoordogpark.org/parks/the-happy-dog-pet-grooming-salon,,(757) 594-0263,Newport News,VA,false
Pet Lodge At Yorktown,,https://www.indoordogpark.org/parks/pet-lodge-at-yorktown,https://yorktownpetlodge.com/,(757) 223-1277,Yorktown,VA,false
Care-A-Lot Pet Supply Oyster Point,,https://www.indoordogpark.org/parks/care-a-lot-pet-supply-oyster-point,https://www.carealotpets.com/?utm_source=google&utm_medium=organic&utm_campaign=gmb-listing&utm_content=oyster-point,(757) 969-1004,Newport News,VA,false
Furry feet Pet Retreat,,https://www.indoordogpark.org/parks/furry-feet-pet-retreat,https://furryfeetpetretreat.com/,(757) 644-5486,Hampton,VA,false
The MeowManor - Cats Only Boarding,,https://www.indoordogpark.org/parks/the-meowmanor-cats-only-boarding,http://www.themeowmanor.com/,(757) 867-0281,Newport News,VA,false
Puppy Palace Spa,,https://www.indoordogpark.org/parks/puppy-palace-spa,http://www.puppypalacespa.com/,(757) 981-9029,Newport News,VA,false
Paws Pet Resort,,https://www.indoordogpark.org/parks/paws-pet-resort,http://www.pawspetresortva.com/,(757) 345-0553,Williamsburg,VA,false
"Canine Obedience And Correction Agency, COACA LLC",,https://www.indoordogpark.org/parks/canine-obedience-and-correction-agency-coaca-llc,http://www.facebook.com/canineman1,(305) 834-2195,Newport News,VA,false
PetSmart Dog Training,,https://www.indoordogpark.org/parks/petsmart-dog-training,https://stores.petsmart.com/va/newport-news/newport-news/dog-training?utm_source=google&utm_medium=organic&utm_campaign=google-my-business,(757) 249-2007,Newport News,VA,false
The Good Dog Yorktown,,https://www.indoordogpark.org/parks/the-good-dog-yorktown,http://www.thegooddog.org/,(757) 527-2265,Yorktown,VA,false
Ridgeside K9 Tidewater Dog Training,,https://www.indoordogpark.org/parks/ridgeside-k9-tidewater-dog-training,https://www.ridgesidek9tidewater.com/,(757) 514-3242,Williamsburg,VA,false
Happy Dog Academy LLC,,https://www.indoordogpark.org/parks/happy-dog-academy-llc,https://www.happydogacademy.net/?utm_source=google&utm_medium=wix_google_business_profile&utm_campaign=14686168870570946461,(757) 899-4819,Hampton,VA,false
"Pawsitive Attitudes, LLC",,https://www.indoordogpark.org/parks/pawsitive-attitudes-llc,https://scottkpawsitiveatt.wixsite.com/my-site-1,(757) 813-0021,Carrollton,VA,false
Buck’s Dog Training Virginia,,https://www.indoordogpark.org/parks/buck-s-dog-training-virginia,https://bucksdogtrainingvirginia.com/,(757) 568-7008,Newsoms,VA,false
Colonial Dog School,,https://www.indoordogpark.org/parks/colonial-dog-school,http://www.colonialdogschool.com/,(757) 258-8785,Williamsburg,VA,false
Petco Dog Training,,https://www.indoordogpark.org/parks/petco-dog-training,https://stores.petco.com/va/newportnews/dog-training-newportnews-va-2730.html,(757) 833-0925,Newport News,VA,false
Petco Dog Training,,https://www.indoordogpark.org/parks/petco-dog-training,https://stores.petco.com/va/hampton/dog-training-hampton-va-1897.html,(757) 262-0444,Hampton,VA,false
Pawsitive Training Service Dog Solutions,,https://www.indoordogpark.org/parks/pawsitive-training-service-dog-solutions,http://www.ptservicedogs.com/,(757) 269-1442,Yorktown,VA,false
Foxy Roxy Grooming Salon,,https://www.indoordogpark.org/parks/foxy-roxy-grooming-salon,http://www.foxyroxygrooming.com/,(757) 234-4551,Newport News,VA,false
Fuzzy Feet Pet Salon,,https://www.indoordogpark.org/parks/fuzzy-feet-pet-salon,http://www.fuzzyfeetva.com/,(757) 527-4311,Newport News,VA,false
The Grooming Gallery,,https://www.indoordogpark.org/parks/the-grooming-gallery,https://groominggalleryva.com/,(757) 696-1662,Newport News,VA,false
Dog Grooming GroomingKingdomINC,,https://www.indoordogpark.org/parks/dog-grooming-groomingkingdominc,,(757) 375-8547,Newport News,VA,false
Critter Cleaners Pet Grooming Salon & Mobile Grooming,,https://www.indoordogpark.org/parks/critter-cleaners-pet-grooming-salon-mobile-grooming,,(757) 848-5260,Hampton,VA,false
Rose's Pawsh Pets,,https://www.indoordogpark.org/parks/rose-s-pawsh-pets,https://www.facebook.com/roseburroughsgrooming?,(757) 768-5600,Newport News,VA,false
Purrocious Styles Feline Designs LLC,,https://www.indoordogpark.org/parks/purrocious-styles-feline-designs-llc,http://www.purrociousstyles.com/,(757) 508-2277,Yorktown,VA,false
Best Paws In Town,,https://www.indoordogpark.org/parks/best-paws-in-town,http://www.bestpawsintown.com/,(757) 751-7086,Hampton,VA,false
Fluff -N- Buff LLC,,https://www.indoordogpark.org/parks/fluff-n-buff-llc,,(757) 604-6146,Newport News,VA,false
Sunset Creek Dog Grooming,,https://www.indoordogpark.org/parks/sunset-creek-dog-grooming,https://sunsetcreekdoggrooming.com/,(757) 814-3962,Hampton,VA,false
Surf Dog,,https://www.indoordogpark.org/parks/surf-dog,http://www.surfdogpets.com/,(757) 310-6256,Yorktown,VA,false
Petco Grooming,,https://www.indoordogpark.org/parks/petco-grooming,https://stores.petco.com/va/winchester/full-service-grooming-winchester-va-3836.html,(540) 773-6003,Winchester,VA,false
Pawpular Pets Dog Grooming,,https://www.indoordogpark.org/parks/pawpular-pets-dog-grooming,https://www.facebook.com/NNPawpularpdg/,(757) 367-3205,Yorktown,VA,false
Pawfectly Perfect Grooming Salon,,https://www.indoordogpark.org/parks/pawfectly-perfect-grooming-salon,,(757) 608-9500,Newport News,VA,false
St. Francis Pet Resort,,https://www.indoordogpark.org/parks/st-francis-pet-resort,https://stfrancispetresort.com/,(757) 253-8199,Williamsburg,VA,false
K W Pet Resort & Spa Boarding & Grooming,,https://www.indoordogpark.org/parks/k-w-pet-resort-spa-boarding-grooming,http://kwpetresort.com/,(804) 843-4419,West Point,VA,false
New Braunfels Pet Resort,,https://www.indoordogpark.org/parks/new-braunfels-pet-resort,,(830) 832-0707,New Braunfels,VA,false
Armistead Animal Inn,,https://www.indoordogpark.org/parks/armistead-animal-inn,https://www.armisteadavevet.com/boarding,(757) 723-5118,Hampton,VA,false
VCA Boulevard Animal Hospital,,https://www.indoordogpark.org/parks/vca-boulevard-animal-hospital,https://vcahospitals.com/boulevard?utm_source=maps&utm_medium=organic&utm_campaign=AU_721,(757) 874-3200,Newport News,VA,false
D.O.G.'s Daycare & Spa,,https://www.indoordogpark.org/parks/d-o-g-s-daycare-spa,https://www.dogsdaycareandspa.com/,(757) 356-9909,Smithfield,VA,false
Red-Letter Runners,,https://www.indoordogpark.org/parks/red-letter-runners,http://red-letterrunners.com/,(561) 414-0708,Hampton,VA,false
A Dog's Day Out,,https://www.indoordogpark.org/parks/a-dog-s-day-out,http://www.adogsdayout.com/,(703) 858-3647,Ashburn,VA,false
Molly's Dog Care Alexandria,,https://www.indoordogpark.org/parks/molly-s-dog-care-alexandria,https://www.mollysdogcare.com/alexandria,(571) 970-4550,Alexandria,VA,false
Playful Pack,,https://www.indoordogpark.org/parks/playful-pack,http://playfulpack.com/,(703) 310-6676,Alexandria,VA,false
Sit & Stay Affordable Pet Care LLC,,https://www.indoordogpark.org/parks/sit-stay-affordable-pet-care-llc,https://sitandstayaffordable.com/,(301) 712-7616,Alexandria,VA,false
Passionately Pets,,https://www.indoordogpark.org/parks/passionately-pets,http://www.passionatelypets.com/,(571) 438-2323,Alexandria,VA,false
Hometown Bed & Biscuits,,https://www.indoordogpark.org/parks/hometown-bed-biscuits,https://hometownvetclinic.net/,(703) 922-8059,Alexandria,VA,false
Top Dogg LLC,,https://www.indoordogpark.org/parks/top-dogg-llc,http://www.topdoggllc.com/,(703) 261-9757,Alexandria,VA,false
The Dog Park,,https://www.indoordogpark.org/parks/the-dog-park,http://www.thedogpark.com/,(703) 888-2818,Alexandria,VA,false
Dogtopia of Springfield,,https://www.indoordogpark.org/parks/dogtopia-of-springfield,https://www.dogtopia.com/springfield/,(703) 982-0099,Springfield,VA,false
Playful Pack,,https://www.indoordogpark.org/parks/playful-pack,https://playfulpack.com/locations/falls-church-va,(571) 326-1000,Alexandria,VA,false
Happy Cat Hotel & Spa Alexandria,,https://www.indoordogpark.org/parks/happy-cat-hotel-spa-alexandria,https://happycathotel.com/alexandria/,(703) 570-4105,Alexandria,VA,false
Patriot Pet Care,,https://www.indoordogpark.org/parks/patriot-pet-care,https://belvoir.armymwr.com/programs/patriot-pet-care,(703) 805-1102,Fort Belvoir,VA,false
Pack Leader Help LLC,,https://www.indoordogpark.org/parks/pack-leader-help-llc,http://packleaderhelp.com/,(571) 570-3395,Alexandria,VA,false
Off Collar,,https://www.indoordogpark.org/parks/off-collar,https://www.offcollar.com/,(703) 721-8913,Alexandria,VA,false
Best Behaved Dogs,,https://www.indoordogpark.org/parks/best-behaved-dogs,https://www.bestbehaveddogs.com/,(703) 931-8521,Alexandria,VA,false
NOVA Canine Academy,,https://www.indoordogpark.org/parks/nova-canine-academy,http://novacanine.com/,(571) 206-8677,Alexandria,VA,false
Dog Tranquility LLC,,https://www.indoordogpark.org/parks/dog-tranquility-llc,http://www.dogtranquility.com/,(703) 786-3201,Ravensworth,VA,false
Mount Vernon Dog Training Club,,https://www.indoordogpark.org/parks/mount-vernon-dog-training-club,http://mountvernondogtrainingclub.com/training-classes-locations,,Alexandria,VA,false
Pretty Pets,,https://www.indoordogpark.org/parks/pretty-pets,http://www.prettypetsinc.com/,(703) 799-4700,Alexandria,VA,false
Woof Gang Bakery & Grooming Alexandria,,https://www.indoordogpark.org/parks/woof-gang-bakery-grooming-alexandria,https://woofgangbakery.com/alexandria,(703) 417-9311,Alexandria,VA,false
Pampered Pet Boutique and Barkery,,https://www.indoordogpark.org/parks/pampered-pet-boutique-and-barkery,http://www.pamperedpetboutiquebarkery.com/,(571) 371-8057,Alexandria,VA,false
Alexandria's Grooming,,https://www.indoordogpark.org/parks/alexandria-s-grooming,http://alexandriasgrooming.com/,(954) 564-4141,Fort Lauderdale,VA,false
Ben Brenman Dog Park,,https://www.indoordogpark.org/parks/ben-brenman-dog-park,https://www.alexandriava.gov/Dogs,(703) 746-4343,Alexandria,VA,false
Duke Street Dog Park,,https://www.indoordogpark.org/parks/duke-street-dog-park,http://alexandriava.gov/Dogs,(703) 746-4774,Alexandria,VA,false
Grist Mill Dog Park,,https://www.indoordogpark.org/parks/grist-mill-dog-park,https://www.fairfaxcounty.gov/parks/offleash,(703) 324-7329,Alexandria,VA,false
Monroe Ave Dog Park,,https://www.indoordogpark.org/parks/monroe-ave-dog-park,https://www.alexandriava.gov/Dogs,,Alexandria,VA,false
Eisenhower East Dog Park,,https://www.indoordogpark.org/parks/eisenhower-east-dog-park,,,Alexandria,VA,false
Blackjack Dog Park,,https://www.indoordogpark.org/parks/blackjack-dog-park,http://www.fairfaxcounty.gov/parks/volunteer,(703) 324-8665,Alexandria,VA,false
South Run Rec. Center Dog Park,,https://www.indoordogpark.org/parks/south-run-rec-center-dog-park,https://www.fairfaxcounty.gov/parks/recenter/south-run/facilities,(703) 324-8702,Springfield,VA,false
Four Mile Run Park,,https://www.indoordogpark.org/parks/four-mile-run-park,https://www.alexandriava.gov/recreation/info/default.aspx?id=12286#Four_Mile,,Alexandria,VA,false
Dog Park,,https://www.indoordogpark.org/parks/dog-park,,,Alexandria,VA,false
Monticello Park,,https://www.indoordogpark.org/parks/monticello-park,http://alexandriava.gov/recreation/info/default.aspx?id=12290#Monticello,(703) 746-5484,Alexandria,VA,false
Founders Park,,https://www.indoordogpark.org/parks/founders-park,http://www.alexandriafounderspark.org/,,Alexandria,VA,false
Windmill Hill Park,,https://www.indoordogpark.org/parks/windmill-hill-park,https://www.alexandriava.gov/recreation/info/?id=12292#Windmill_Hill,(703) 746-4357,Alexandria,VA,false
Eugene Simpson Stadium Park Dog Park,,https://www.indoordogpark.org/parks/eugene-simpson-stadium-park-dog-park,https://www.alexandriava.gov/Dogs,,Alexandria,VA,false
Downtown Hampton Dog Park,,https://www.indoordogpark.org/parks/downtown-hampton-dog-park,,,Hampton,VA,false
Paws On The Ground,,https://www.indoordogpark.org/parks/paws-on-the-ground,,(757) 570-9550,Hampton,VA,false
Peanut's Pet Service,,https://www.indoordogpark.org/parks/peanut-s-pet-service,,(757) 509-8819,Hampton,VA,false
Horse & Hound,,https://www.indoordogpark.org/parks/horse-hound,http://horsehound.net/,(757) 238-9681,Hampton,VA,false
VCA Todds Lane Animal Hospital,,https://www.indoordogpark.org/parks/vca-todds-lane-animal-hospital,https://vcahospitals.com/todds-lane?utm_source=maps&utm_medium=organic&utm_campaign=AU_1086,(757) 826-7602,Hampton,VA,false
PetSmart Dog Training,,https://www.indoordogpark.org/parks/petsmart-dog-training,https://stores.petsmart.com/va/hampton/hampton/dog-training?utm_source=google&utm_medium=organic&utm_campaign=google-my-business,(757) 637-4828,Hampton,VA,false
"Endless Pawsibilities, LLC.",,https://www.indoordogpark.org/parks/endless-pawsibilities-llc,http://www.ep-k9.com/,(757) 206-2024,Suffolk,VA,false
American K-9 Interdiction,,https://www.indoordogpark.org/parks/american-k-9-interdiction,http://www.ak9i.edu/,(757) 304-9600,Carrsville,VA,false
Bubbles & Bark,,https://www.indoordogpark.org/parks/bubbles-bark,http://bubblesandbark.com/,(757) 346-3300,Hampton,VA,false
Boutique A Yo Yo,,https://www.indoordogpark.org/parks/boutique-a-yo-yo,,(757) 722-7194,Hampton,VA,false
The Cosmic Canine,,https://www.indoordogpark.org/parks/the-cosmic-canine,http://thecosmiccanine.com/home,(757) 996-4651,Hampton,VA,false
Lavo perro,,https://www.indoordogpark.org/parks/lavo-perro,,(757) 726-2227,Hampton,VA,false
Petco Grooming,,https://www.indoordogpark.org/parks/petco-grooming,https://stores.petco.com/va/hampton/full-service-grooming-hampton-va-1897.html,(757) 262-0444,Hampton,VA,false
The Paws Mahal LLC,,https://www.indoordogpark.org/parks/the-paws-mahal-llc,http://www.thepawsmahal-llc.com/,(757) 826-4777,Hampton,VA,false
Canine Wellness🐾 Holistic grooming service,,https://www.indoordogpark.org/parks/canine-wellness-holistic-grooming-service,https://linktr.ee/caninewellness97,(757) 650-7449,Hampton,VA,false
Doggie Stylin Grooming Salon,,https://www.indoordogpark.org/parks/doggie-stylin-grooming-salon,,(757) 825-1300,Hampton,VA,false
Heads And Tails Inc,,https://www.indoordogpark.org/parks/heads-and-tails-inc,,(757) 838-2952,Hampton,VA,false
Pet World,,https://www.indoordogpark.org/parks/pet-world,http://www.petworldva.com/,(757) 838-1654,Hampton,VA,false
Playtime Pet Resort - North Hampton,,https://www.indoordogpark.org/parks/playtime-pet-resort-north-hampton,https://coastalcanineresort.com/,(603) 964-8514,North Hampton,VA,false
Dog Park at Sandy Bottom Nature Park,,https://www.indoordogpark.org/parks/dog-park-at-sandy-bottom-nature-park,https://hampton.gov/Facilities/Facility/Details/Sandy-Bottom-Bark-Park-14,(757) 825-4657,Hampton,VA,false
Sandy Bottom Nature Park,,https://www.indoordogpark.org/parks/sandy-bottom-nature-park,https://www.hampton.gov/142/Sandy-Bottom-Nature-Park,(757) 825-4657,Hampton,VA,false
Highland Dog Park,,https://www.indoordogpark.org/parks/highland-dog-park,https://m.facebook.com/pages/Highland-Dog-Park/258859807457779,(540) 853-2236,Roanoke,VA,false
Thrasher Park,,https://www.indoordogpark.org/parks/thrasher-park,https://www.playroanoke.com/parks-facilities/thrasher-park/,(540) 853-2236,Roanoke,VA,false
Playtime Roanoke,,https://www.indoordogpark.org/parks/playtime-roanoke,http://www.playtimeroanoke.com/,(540) 355-0788,Cave Spring,VA,false
Salem Rotary Dog Park,,https://www.indoordogpark.org/parks/salem-rotary-dog-park,https://salemva.gov/facilities/facility/details/Salem-Rotary-Dog-Park-24,(540) 375-3039,Salem,VA,false
Mill Mountain Discovery Center,,https://www.indoordogpark.org/parks/mill-mountain-discovery-center,https://www.playroanoke.com/parks-facilities/discovery-center/,(540) 853-1236,Roanoke,VA,false
Off Leash K9 Training of Roanoke,,https://www.indoordogpark.org/parks/off-leash-k9-training-of-roanoke,https://nrvandroanokedogtrainer.com/,(540) 750-1955,Vinton,VA,false
River's Edge Park,,https://www.indoordogpark.org/parks/river-s-edge-park,https://www.playroanoke.com/parks-facilities/rivers-edge-park/,(540) 853-2236,Roanoke,VA,false
Wasena Park,,https://www.indoordogpark.org/parks/wasena-park,https://www.playroanoke.com/parks-facilities/wasena-park/,(540) 853-2236,Roanoke,VA,false
Green Ridge Recreation Center,,https://www.indoordogpark.org/parks/green-ridge-recreation-center,https://roanokecountyparks.com/168/Green-Ridge,(540) 777-6300,Roanoke,VA,false
Highland Park,,https://www.indoordogpark.org/parks/highland-park,https://www.playroanoke.com/parks-facilities/highland-park/,,Roanoke,VA,false
Roanoke Island Dog Park,,https://www.indoordogpark.org/parks/roanoke-island-dog-park,https://www.darenc.gov/Home/Components/FacilityDirectory/FacilityDirectory/144/,,Manteo,VA,false
Freedom Dog Park,,https://www.indoordogpark.org/parks/freedom-dog-park,https://trophyclub.org/471/Freedom-Dog-Park,(682) 831-4603,Roanoke,VA,false
Rivers Edge Playground,,https://www.indoordogpark.org/parks/rivers-edge-playground,,,Roanoke,VA,false
Oak Grove Park,,https://www.indoordogpark.org/parks/oak-grove-park,https://roanokecountyparks.com/facilities/facility/details/Oak-Grove-Park-25,(540) 387-6078,Roanoke,VA,false
Field of Dreams,,https://www.indoordogpark.org/parks/field-of-dreams,http://www.fieldofdreamsk9.com/,(540) 345-3647,Vinton,VA,false
Blacksburg Dog Park,,https://www.indoordogpark.org/parks/blacksburg-dog-park,https://www.blacksburg.gov/Home/Components/FacilityDirectory/FacilityDirectory/50/2512,(540) 443-1100,Blacksburg,VA,false
City Dogs Boarding & Playcare,,https://www.indoordogpark.org/parks/city-dogs-boarding-playcare,http://www.citydogsroanoke.com/,(540) 206-3299,Roanoke,VA,false
Canine Cottage-Roanoke,,https://www.indoordogpark.org/parks/canine-cottage-roanoke,http://www.caninecottageroanoke.com/,(540) 206-3647,Roanoke,VA,false
Canine Cottage Tiny Tails,,https://www.indoordogpark.org/parks/canine-cottage-tiny-tails,https://pawpartner.com/canine-cottage-tiny-tails,(540) 200-9015,Salem,VA,false
Klub Kanine And Barkley & Rover,,https://www.indoordogpark.org/parks/klub-kanine-and-barkley-rover,https://barkleyandrover.com/,(540) 389-3647,Salem,VA,false
Carvins Cove Bed & Biscuit,,https://www.indoordogpark.org/parks/carvins-cove-bed-biscuit,http://www.dogboardingroanoke.com/,(540) 384-6736,Salem,VA,false
"Canine Cottage Salem - Dog Daycare, Grooming, and Boarding",,https://www.indoordogpark.org/parks/canine-cottage-salem-dog-daycare-grooming-and-boarding,http://www.caninecottagesalem.com/,(540) 404-0911,Salem,VA,false
Clip & Dip Professional Dog Grooming & Boarding Kennel,,https://www.indoordogpark.org/parks/clip-dip-professional-dog-grooming-boarding-kennel,http://www.clipndipdogs.com/?fbclid=IwAR0DswC6B07FMoXa5JIJMrntbVLaWc7V1s_MeSVNEjzfirRrjfEQ0-zmnbU,(540) 774-3461,Roanoke,VA,false
Aspen Grove Bed & Breakfast Boarding Kennel,,https://www.indoordogpark.org/parks/aspen-grove-bed-breakfast-boarding-kennel,http://www.aspengroveboarding.com/,(540) 776-7656,Boones Mill,VA,false
Granna's Place,,https://www.indoordogpark.org/parks/granna-s-place,http://grannasplace.com/,(540) 330-5243,Roanoke,VA,false
Adventure Bound Canines,,https://www.indoordogpark.org/parks/adventure-bound-canines,https://www.adventurebcanines.com/,(971) 804-1256,Salem,VA,false
Dogtopia of Roanoke,,https://www.indoordogpark.org/parks/dogtopia-of-roanoke,https://www.dogtopia.com/roanoke/,(817) 837-9915,Roanoke,VA,false
Creature Comfort,,https://www.indoordogpark.org/parks/creature-comfort,http://www.mycreaturecomfort.com/,(540) 467-2766,Roanoke,VA,false
"The Bigger Brain, LLC",,https://www.indoordogpark.org/parks/the-bigger-brain-llc,,(540) 915-8066,Boones Mill,VA,false
Nature's Emporium Pet Food Market | Gift Store,,https://www.indoordogpark.org/parks/nature-s-emporium-pet-food-market-gift-store,http://www.mynaturesemporium.com/,(540) 772-1980,Roanoke,VA,false
Taj Mapaw II,,https://www.indoordogpark.org/parks/taj-mapaw-ii,http://www.taj-ma-paw.com/,(540) 342-2089,Roanoke,VA,false
Camp Happy Tails,,https://www.indoordogpark.org/parks/camp-happy-tails,,(540) 297-9169,Moneta,VA,false
About Pets Center,,https://www.indoordogpark.org/parks/about-pets-center,,(540) 986-1604,Salem,VA,false
K9 Clips and Kennel,,https://www.indoordogpark.org/parks/k9-clips-and-kennel,http://www.k9clipsandkennel.com/,(540) 344-5565,Vinton,VA,false
Animal Care Center Of Salem,,https://www.indoordogpark.org/parks/animal-care-center-of-salem,http://www.animalcareofsalem.com/,(540) 389-0219,Salem,VA,false
CountrySide Boarding,,https://www.indoordogpark.org/parks/countryside-boarding,https://countrysideboardingva.com/,(540) 420-8846,Wirtz,VA,false
PetHotels.com - Roanoke Dog Boarding Cat & Dog Friendly Hotels,,https://www.indoordogpark.org/parks/pethotels-com-roanoke-dog-boarding-cat-dog-friendly-hotels,,(540) 210-6858,Roanoke,VA,false
Heartstrings Pet Lodging and Spa,,https://www.indoordogpark.org/parks/heartstrings-pet-lodging-and-spa,http://www.heartstringspetlodging.com/,(540) 552-3971,Blacksburg,VA,false
Biscuits & Bubbles,,https://www.indoordogpark.org/parks/biscuits-bubbles,http://biscuitsandbubbles.com/,(540) 378-5200,Salem,VA,false
Star City Canine Training Club,,https://www.indoordogpark.org/parks/star-city-canine-training-club,http://www.starcityk9training.com/,,Salem,VA,false
Willis Wolfpack Dog Training,,https://www.indoordogpark.org/parks/willis-wolfpack-dog-training,,,Roanoke,VA,false
Dog Leaders,,https://www.indoordogpark.org/parks/dog-leaders,http://www.dogleaders.us/,(540) 314-4991,Roanoke,VA,false
Roanoke Dog Training,,https://www.indoordogpark.org/parks/roanoke-dog-training,,(540) 521-0531,Salem,VA,false
Instinct and Intelligence Canine Training,,https://www.indoordogpark.org/parks/instinct-and-intelligence-canine-training,https://instinctandintelligencecanine.com/,,Roanoke,VA,false
Off Leash K9 Training of Blacksburg,,https://www.indoordogpark.org/parks/off-leash-k9-training-of-blacksburg,https://nrvandroanokedogtrainer.com/,(540) 750-1955,Christiansburg,VA,false
Saint Francis Service Dogs,,https://www.indoordogpark.org/parks/saint-francis-service-dogs,http://www.saintfrancisdogs.org/,(540) 342-3647,Roanoke,VA,false
B & B K-9 Kennels,,https://www.indoordogpark.org/parks/b-b-k-9-kennels,,(540) 342-8280,Roanoke,VA,false
PetSmart Dog Training,,https://www.indoordogpark.org/parks/petsmart-dog-training,https://stores.petsmart.com/va/roanoke/roanoke/dog-training?utm_source=google&utm_medium=organic&utm_campaign=google-my-business,(540) 283-5301,Roanoke,VA,false
Petco Dog Training,,https://www.indoordogpark.org/parks/petco-dog-training,https://stores.petco.com/va/roanoke/dog-training-roanoke-va-2809.html,(540) 342-2364,Roanoke,VA,false
PetSmart Dog Training,,https://www.indoordogpark.org/parks/petsmart-dog-training,https://stores.petsmart.com/va/roanoke/north-roanoke/dog-training?utm_source=google&utm_medium=organic&utm_campaign=google-my-business,(540) 362-2994,Roanoke,VA,false
Falkenhorst K-9 Training Inc,,https://www.indoordogpark.org/parks/falkenhorst-k-9-training-inc,,(540) 344-5038,Roanoke,VA,false
Padgett Grooming,,https://www.indoordogpark.org/parks/padgett-grooming,https://www.facebook.com/Padgetts-Grooming-172181222835230/,(540) 344-5892,Roanoke,VA,false
Doggie Stylez Grooming Salon,,https://www.indoordogpark.org/parks/doggie-stylez-grooming-salon,https://www.facebook.com/share/1Tx5kEY7t7/,(540) 525-0347,Roanoke,VA,false
Pet-A-Coat Professional Dog Grooming,,https://www.indoordogpark.org/parks/pet-a-coat-professional-dog-grooming,https://www.facebook.com/Petacoatgroom/,(540) 312-8129,Roanoke,VA,false
Wag N' Wash Natural Pet Food & Grooming,,https://www.indoordogpark.org/parks/wag-n-wash-natural-pet-food-grooming,https://www.wagnwash.com/store/va/roanoke/3038-roanoke/3038,(540) 924-9274,Roanoke,VA,false
House of Paws Grooming,,https://www.indoordogpark.org/parks/house-of-paws-grooming,,(540) 655-4086,Roanoke,VA,false
LuxePup Salon,,https://www.indoordogpark.org/parks/luxepup-salon,https://luxepupsalon.com/,(540) 314-9022,Roanoke,VA,false
Petco Grooming,,https://www.indoordogpark.org/parks/petco-grooming,https://stores.petco.com/va/roanoke/full-service-grooming-roanoke-va-2809.html,(540) 342-2364,Roanoke,VA,false
Abcde Dog Grooming,,https://www.indoordogpark.org/parks/abcde-dog-grooming,https://petq.net/explore/abcde-dog-grooming/,(540) 904-2574,Roanoke,VA,false
"Pretty Paws Dog & Cat Grooming Salon, LLC",,https://www.indoordogpark.org/parks/pretty-paws-dog-cat-grooming-salon-llc,http://prettypawsdogandcat.com/,(540) 816-0301,Vinton,VA,false
Petco Grooming,,https://www.indoordogpark.org/parks/petco-grooming,https://stores.petco.com/va/roanoke/full-service-grooming-roanoke-va-3804.html,(540) 795-6023,Roanoke,VA,false
Bindee's biscuits and bows,,https://www.indoordogpark.org/parks/bindee-s-biscuits-and-bows,,(540) 397-4864,Roanoke,VA,false
The Temple of The Dog,,https://www.indoordogpark.org/parks/the-temple-of-the-dog,,(540) 613-2370,Salem,VA,false
Pawsh Salon for Dogs,,https://www.indoordogpark.org/parks/pawsh-salon-for-dogs,http://www.pawsh4dogs.com/,(540) 997-2974,Vinton,VA,false
A Bark Above Pet Salon,,https://www.indoordogpark.org/parks/a-bark-above-pet-salon,http://abarkabovepet.com/,(540) 339-6182,Roanoke,VA,false
PetSmart,,https://www.indoordogpark.org/parks/petsmart,https://www.petsmart.com/stores/us/va/roanoke-store0677.html?utm_source=google&utm_medium=organic&utm_campaign=google-my-business,(540) 362-2994,Roanoke,VA,false
Claws & Paws Grooming,,https://www.indoordogpark.org/parks/claws-paws-grooming,https://www.facebook.com/pages/category/Pet-Groomer/Claws-Paws-Grooming-158081738182660/,(540) 915-9871,Roanoke,VA,false
Smoochie Pooch,,https://www.indoordogpark.org/parks/smoochie-pooch,https://smoochie-pooch.com/roanoke-indiana-pet-grooming/,(260) 673-0002,Roanoke,VA,false
PetSmart,,https://www.indoordogpark.org/parks/petsmart,https://www.petsmart.com/stores/us/va/roanoke-store0677.html?utm_source=google&utm_medium=organic&utm_campaign=google-my-business,(540) 362-2994,Roanoke,VA,false
Prestige Pet Hotel and Spa,,https://www.indoordogpark.org/parks/prestige-pet-hotel-and-spa,https://prestigepethotel.com/,(540) 961-1710,Christiansburg,VA,false
Pappy's Pet Lodge - Roanoke,,https://www.indoordogpark.org/parks/pappy-s-pet-lodge-roanoke,http://www.pappyspetlodge.com/,(817) 742-2222,Roanoke,VA,false
Sugarfoot Kennels,,https://www.indoordogpark.org/parks/sugarfoot-kennels,http://www.sugarfootkennels.com/,(540) 890-7217,Goodview,VA,false
VCA Valley Animal Hospital,,https://www.indoordogpark.org/parks/vca-valley-animal-hospital,https://vcahospitals.com/valley-va?utm_source=maps&utm_medium=organic&utm_campaign=AU_1090,(540) 366-3433,Roanoke,VA,false
Southern Hills Animal Hospital,,https://www.indoordogpark.org/parks/southern-hills-animal-hospital,https://southernhillsanimalhospital.com/?utm_source=google&utm_medium=google_business_profile+&utm_campaign=website_click+,(540) 343-4155,Roanoke,VA,false
Ace Pet Watchers,,https://www.indoordogpark.org/parks/ace-pet-watchers,http://www.acepetwatchers.com/,(540) 598-3111,Roanoke,VA,false
Paw 2 Paw Pet Sitting,,https://www.indoordogpark.org/parks/paw-2-paw-pet-sitting,http://www.paw2pawroanoke.com/,(540) 613-1332,Boones Mill,VA,false
Exotics & Aquatics,,https://www.indoordogpark.org/parks/exotics-aquatics,http://exoticsandaquaticsva.com/,(540) 400-6163,Roanoke,VA,false
Port Rover,,https://www.indoordogpark.org/parks/port-rover,https://www.portrover.com/,(757) 657-8060,Portsmouth,VA,false
Patty's Pet Sitting Services,,https://www.indoordogpark.org/parks/patty-s-pet-sitting-services,,(757) 434-9918,Portsmouth,VA,false
Salty Paws - Daycare & Adventures For Your Dog,,https://www.indoordogpark.org/parks/salty-paws-daycare-adventures-for-your-dog,http://saltypawsnh.com/,(603) 910-5184,Hampton,VA,false
Goody Dog Care and Pet Boarding/Sitting,,https://www.indoordogpark.org/parks/goody-dog-care-and-pet-boarding-sitting,https://goodydogcare.com/,(757) 450-2942,Chesapeake,VA,false
Bennetts Creek's Home Away,,https://www.indoordogpark.org/parks/bennetts-creek-s-home-away,http://bchomeawayfromhome.com/,(757) 484-0202,Suffolk,VA,false
Portsmouth Chesapeake Obedience Training Club,,https://www.indoordogpark.org/parks/portsmouth-chesapeake-obedience-training-club,http://pcotcdogs.org/,,Portsmouth,VA,false
Dog House Grooming Shop,,https://www.indoordogpark.org/parks/dog-house-grooming-shop,https://www.theportsmouthdoghouse.com/,(757) 488-8453,Portsmouth,VA,false
Poodle Palace Inc,,https://www.indoordogpark.org/parks/poodle-palace-inc,http://poodle-palace-inc.poi.place/,(757) 399-6676,Portsmouth,VA,false
Lucky Pups Pet Wash,,https://www.indoordogpark.org/parks/lucky-pups-pet-wash,https://luckypups.myonlineappointment.com/,(757) 392-3550,Chesapeake,VA,false
Your Pets Peeve,,https://www.indoordogpark.org/parks/your-pets-peeve,https://localdogwalkers.net/explore/your-pets-peeve/,(603) 431-7372,Portsmouth,VA,false
VCA Airline Boulevard Animal Hospital,,https://www.indoordogpark.org/parks/vca-airline-boulevard-animal-hospital,https://vcahospitals.com/airline-boulevard?utm_source=maps&utm_medium=organic&utm_campaign=AU_718,(757) 393-1011,Portsmouth,VA,false
VCA Portsmouth Animal Hospital,,https://www.indoordogpark.org/parks/vca-portsmouth-animal-hospital,https://vcahospitals.com/portsmouth?utm_source=maps&utm_medium=organic&utm_campaign=AU_1210,(757) 465-5332,Portsmouth,VA,false
The Sculpted Pet Grooming,,https://www.indoordogpark.org/parks/the-sculpted-pet-grooming,https://www.thesculptedpet.com/,(207) 370-0122,Portsmouth,VA,false
Furst Love Pet Spa,,https://www.indoordogpark.org/parks/furst-love-pet-spa,http://www.furstlovepets.com/,(757) 549-3313,Chesapeake,VA,false
Precious Paws Grooming,,https://www.indoordogpark.org/parks/precious-paws-grooming,https://www.facebook.com/share/18V8rDFq9T/,(757) 793-8671,Portsmouth,VA,false
Canine Corner,,https://www.indoordogpark.org/parks/canine-corner,http://www.caninecornerpets.com/,(757) 424-5498,Chesapeake,VA,false
ChalQuest Boarding Kennels,,https://www.indoordogpark.org/parks/chalquest-boarding-kennels,http://chalquest.com/,(757) 204-7718,Chesapeake,VA,false
Lake Meade Dog Park,,https://www.indoordogpark.org/parks/lake-meade-dog-park,https://www.suffolkva.us/Facilities/Facility/Details/Lake-Meade-Park-26,(757) 514-7250,Suffolk,VA,false
Portsmouth City Park,,https://www.indoordogpark.org/parks/portsmouth-city-park,http://portsmouthva.gov/,(757) 393-8481,Portsmouth,VA,false
Portside Park,,https://www.indoordogpark.org/parks/portside-park,,,Portsmouth,VA,false
Greenwich Square Park,,https://www.indoordogpark.org/parks/greenwich-square-park,,,Portsmouth,VA,false
Scotts Creek Park,,https://www.indoordogpark.org/parks/scotts-creek-park,,,Portsmouth,VA,false
Western Branch Dog Park,,https://www.indoordogpark.org/parks/western-branch-dog-park,,(757) 465-0211,Chesapeake,VA,false
Portsmouth Dog Park,,https://www.indoordogpark.org/parks/portsmouth-dog-park,http://cityofportsmouth.com/,(603) 876-3478,Portsmouth,VA,false
Pound Puppies Pet Sitting,,https://www.indoordogpark.org/parks/pound-puppies-pet-sitting,http://www.poundpuppiespetsitting.com/,(757) 619-7818,Portsmouth,VA,false
A Walk In The Park,,https://www.indoordogpark.org/parks/a-walk-in-the-park,,(757) 663-6454,Suffolk,VA,false
Dogwood Run,,https://www.indoordogpark.org/parks/dogwood-run,,(757) 238-9692,Suffolk,VA,false
Rub A Dub Dog Care,,https://www.indoordogpark.org/parks/rub-a-dub-dog-care,https://www.rubadubdogcare.com/,(757) 876-6307,Suffolk,VA,false
Wagging Woods,,https://www.indoordogpark.org/parks/wagging-woods,https://waggingwoods.squarespace.com/,(757) 439-0083,Carrollton,VA,false
Suffolk Animal Hospital,,https://www.indoordogpark.org/parks/suffolk-animal-hospital,http://www.suffolkanimalhospital.com/,(757) 539-1385,Suffolk,VA,false
The Kennel At Five Forks,,https://www.indoordogpark.org/parks/the-kennel-at-five-forks,https://www.thekennelatfiveforks.com/,(434) 594-4664,Windsor,VA,false
Suffolk Obedience Training Club,,https://www.indoordogpark.org/parks/suffolk-obedience-training-club,http://www.suffolkobedience.com/,(631) 261-6554,Bay Shore,VA,false
Fairy Tails Grooming by Elizabeth,,https://www.indoordogpark.org/parks/fairy-tails-grooming-by-elizabeth,https://petq.net/explore/fairy-tails-grooming-by-elizabeth/,(757) 842-2448,Suffolk,VA,false
Le Paw Royale Pet Grooming,,https://www.indoordogpark.org/parks/le-paw-royale-pet-grooming,https://petq.net/explore/le-paw-royale-pet-grooming/,(757) 488-2235,Suffolk,VA,false
Grannies Grooming Salon,,https://www.indoordogpark.org/parks/grannies-grooming-salon,,(804) 695-4425,Suffolk,VA,false
Trans-FUR-Mations Pet Styling Bowtique,,https://www.indoordogpark.org/parks/trans-fur-mations-pet-styling-bowtique,,(757) 538-3800,Suffolk,VA,false
Nancy's Animal Outfitters,,https://www.indoordogpark.org/parks/nancy-s-animal-outfitters,,(757) 377-5629,Suffolk,VA,false
Bubbles' Grooming Parlor and Mobile,,https://www.indoordogpark.org/parks/bubbles-grooming-parlor-and-mobile,http://www.bubblesgroomingparlor.com/,(757) 805-5979,Suffolk,VA,false
Petco Grooming,,https://www.indoordogpark.org/parks/petco-grooming,https://stores.petco.com/va/suffolk/full-service-grooming-suffolk-va-3815.html,(757) 215-7663,Suffolk,VA,false
Pet Supplies Plus,,https://www.indoordogpark.org/parks/pet-supplies-plus,https://www.petsuppliesplus.com/store/va/suffolk/4620-suffolk/4620,(757) 809-0353,Suffolk,VA,false
Elite Doggy Spaw,,https://www.indoordogpark.org/parks/elite-doggy-spaw,https://www.elitedoggyspaw.com/,(757) 812-1036,Smithfield,VA,false
PetSmart Grooming,,https://www.indoordogpark.org/parks/petsmart-grooming,https://stores.petsmart.com/va/suffolk/north-suffolk/grooming?utm_source=google&utm_medium=organic&utm_campaign=google-my-business,(757) 686-4539,Suffolk,VA,false
A Glawmorous Pet Pawlor,,https://www.indoordogpark.org/parks/a-glawmorous-pet-pawlor,https://www.facebook.com/aglawmorouspetpawlor,(757) 549-7729,Chesapeake,VA,false
Dashing Dogs,,https://www.indoordogpark.org/parks/dashing-dogs,,(757) 371-6856,Carrollton,VA,false
PetSmart,,https://www.indoordogpark.org/parks/petsmart,https://www.petsmart.com/stores/us/va/suffolk-store2187.html?utm_source=google&utm_medium=organic&utm_campaign=google-my-business,(757) 686-4539,Suffolk,VA,false
Rising Moon Kennels,,https://www.indoordogpark.org/parks/rising-moon-kennels,http://www.risingmoonkennels.com/,(240) 800-6497,Courtland,VA,false
Jungle Jamz Play Cafe,,https://www.indoordogpark.org/parks/jungle-jamz-play-cafe,https://www.junglejamzplaycafe.com/,(757) 809-0255,Suffolk,VA,false
Lake Meade Park,,https://www.indoordogpark.org/parks/lake-meade-park,https://www.suffolkva.us/Facilities/Facility/Details/Lake-Meade-Park-26,(757) 514-7250,Suffolk,VA,false
Suffolk Dog Town,,https://www.indoordogpark.org/parks/suffolk-dog-town,https://suffolkdogtown.co.uk/,01473 743737,Ipswich,VA,false
Lynchburg Dog Park,,https://www.indoordogpark.org/parks/lynchburg-dog-park,,,Lynchburg,VA,false
Petz Boarding and Doggie Daycare,,https://www.indoordogpark.org/parks/petz-boarding-and-doggie-daycare,http://www.facebook.com/PetzBoardingandDoggieDaycare,(434) 582-9685,Lynchburg,VA,false
Miller Park,,https://www.indoordogpark.org/parks/miller-park,http://www.lynchburgparksandrec.com/pools-aquatics/miller-park-pool/,(434) 455-5858,Lynchburg,VA,false
Happy Hound K9 Social Club,,https://www.indoordogpark.org/parks/happy-hound-k9-social-club,https://happyhoundk9socialclub.com/,(202) 427-4160,Big Island,VA,false
K-9 Cloud 9,,https://www.indoordogpark.org/parks/k-9-cloud-9,http://k9cloud9.com/,(434) 845-8500,Lynchburg,VA,false
Forest Pet Care,,https://www.indoordogpark.org/parks/forest-pet-care,https://forestpetcare13.wixsite.com/forestpetcare,(434) 616-2260,Forest,VA,false
Learn Play Stay Doggie Resort,,https://www.indoordogpark.org/parks/learn-play-stay-doggie-resort,http://www.learnplaystaydoggieresort.com/,(434) 821-3647,Rustburg,VA,false
Paws 'n Play The Dogs House,,https://www.indoordogpark.org/parks/paws-n-play-the-dogs-house,,(434) 238-0004,Forest,VA,false
Oak Hill Veterinary Care & Pet Resort,,https://www.indoordogpark.org/parks/oak-hill-veterinary-care-pet-resort,https://www.oakhillpetcare.com/,(434) 218-7070,Madison Heights,VA,false
Pet Craze,,https://www.indoordogpark.org/parks/pet-craze,,(434) 385-4003,Forest,VA,false
Lake Forest Boarding & Grooming,,https://www.indoordogpark.org/parks/lake-forest-boarding-grooming,http://www.lynchburgvets.com/,(434) 385-6445,Forest,VA,false
Pet Cabana LLC-Timberlake,,https://www.indoordogpark.org/parks/pet-cabana-llc-timberlake,,(434) 385-0141,Lynchburg,VA,false
Pet Cabana LLC - Forest,,https://www.indoordogpark.org/parks/pet-cabana-llc-forest,,(434) 385-0141,Lynchburg,VA,false
"Focused Choice Dog Training, LLC",,https://www.indoordogpark.org/parks/focused-choice-dog-training-llc,http://www.dogtrainerinlynchburg.com/,(434) 944-4404,Lynchburg,VA,false
Dogs Doo It LLC,,https://www.indoordogpark.org/parks/dogs-doo-it-llc,http://www.dogsdooit.com/,(434) 942-2363,Lynchburg,VA,false
Pampered Pet Canine Center Inc,,https://www.indoordogpark.org/parks/pampered-pet-canine-center-inc,http://facebook.com/pamperedpetforestva,(434) 385-0257,Forest,VA,false
Bucky's Boarding & Daycare,,https://www.indoordogpark.org/parks/bucky-s-boarding-daycare,,,Forest,VA,false
Prestige Kennel & Pet Services 🐾,,https://www.indoordogpark.org/parks/prestige-kennel-pet-services,https://prestigekennel.com/#utm_source=google-my-business-main&utm_medium=organic-search&utm_campaign=organic-lead-gen-2021,(434) 608-1122,Evington,VA,false
Little Ponderosa Pet Resort & Spa,,https://www.indoordogpark.org/parks/little-ponderosa-pet-resort-spa,http://lppetresort.com/,(540) 297-7200,Bedford,VA,false
Shady Mountain Pet Retreat,,https://www.indoordogpark.org/parks/shady-mountain-pet-retreat,https://www.shadymountainpetretreat.net/,(434) 946-5464,Amherst,VA,false
Peaks View Animal Hospital,,https://www.indoordogpark.org/parks/peaks-view-animal-hospital,https://www.peaksviewanimalhospital.com/?utm_source=gmb&utm_medium=organic&y_source=1_MTE2Njg3MjctNzE1LWxvY2F0aW9uLndlYnNpdGU%3D,(434) 385-1300,Lynchburg,VA,false
Rosedale Pet Spa,,https://www.indoordogpark.org/parks/rosedale-pet-spa,https://kwaters1666.wixsite.com/mysite-1,(434) 546-3913,Rustburg,VA,false
Tracys K9 Bed & Breakfast,,https://www.indoordogpark.org/parks/tracys-k9-bed-breakfast,http://tracysk9bedandbreakfast.com/,(434) 929-6791,Madison Heights,VA,false
"Windy Hill Pet Care, LLC",,https://www.indoordogpark.org/parks/windy-hill-pet-care-llc,http://www.windyhillpetcare.com/,(720) 588-3647,Cumberland,VA,false
Seven Hills Pet Wellness Center & Preventive Care,,https://www.indoordogpark.org/parks/seven-hills-pet-wellness-center-preventive-care,http://www.lynchburg.vet/,(434) 237-6631,Forest,VA,false
Petco Dog Training,,https://www.indoordogpark.org/parks/petco-dog-training,https://stores.petco.com/va/lynchburg/dog-training-lynchburg-va-2879.html,(434) 316-7072,Lynchburg,VA,false
PetSmart Dog Training,,https://www.indoordogpark.org/parks/petsmart-dog-training,https://stores.petsmart.com/va/lynchburg/lynchburg/dog-training?utm_source=google&utm_medium=organic&utm_campaign=google-my-business,(434) 237-0036,Lynchburg,VA,false
All Around Canine LLC,,https://www.indoordogpark.org/parks/all-around-canine-llc,http://facebook.com/AllAroundCanineLLC,(434) 401-3730,Madison Heights,VA,false
Lynchburg Humane Society,,https://www.indoordogpark.org/parks/lynchburg-humane-society,http://www.lynchburghumane.org/,(434) 448-0088,Lynchburg,VA,false
Shaggy to Chic Grooms llc,,https://www.indoordogpark.org/parks/shaggy-to-chic-grooms-llc,,(434) 385-1977,Lynchburg,VA,false
Steph's Bubbles & Bows Pet Grooming & Boutique,,https://www.indoordogpark.org/parks/steph-s-bubbles-bows-pet-grooming-boutique,http://www.stephsbubblesandbows.com/,(434) 525-5877,Forest,VA,false
Muddy Paws,,https://www.indoordogpark.org/parks/muddy-paws,,(434) 258-0378,Lynchburg,VA,false
Bark All About It Dog And Cat Spa,,https://www.indoordogpark.org/parks/bark-all-about-it-dog-and-cat-spa,,(434) 266-1022,Lynchburg,VA,false
Professional Pet Styling,,https://www.indoordogpark.org/parks/professional-pet-styling,https://propetstyling.com/,(434) 300-8158,Lynchburg,VA,false
Sit Pretty Grooming LLC,,https://www.indoordogpark.org/parks/sit-pretty-grooming-llc,https://www.facebook.com/Robinsfurfolio64?mibextid=LQQJ4d,(434) 608-1019,Lynchburg,VA,false
Heidi's Groom Room,,https://www.indoordogpark.org/parks/heidi-s-groom-room,https://www.facebook.com/HeidisPetBNB/,(434) 439-8216,Lynchburg,VA,false
The Paw Spa,,https://www.indoordogpark.org/parks/the-paw-spa,https://thepawspamobile.com/,(434) 258-1103,Lynchburg,VA,false
Fur Dash LLC,,https://www.indoordogpark.org/parks/fur-dash-llc,http://furdash-llc.com/,(434) 333-5649,Amherst,VA,false
Petco Grooming,,https://www.indoordogpark.org/parks/petco-grooming,https://stores.petco.com/va/lynchburg/full-service-grooming-lynchburg-va-2879.html,(434) 316-7072,Lynchburg,VA,false
PetSmart,,https://www.indoordogpark.org/parks/petsmart,https://www.petsmart.com/stores/us/va/lynchburg-store1030.html?utm_source=google&utm_medium=organic&utm_campaign=google-my-business,(434) 237-0036,Lynchburg,VA,false
Four Paws Pet Spa,,https://www.indoordogpark.org/parks/four-paws-pet-spa,http://www.facebook.com/fourpawspetx3,(434) 616-2156,Rustburg,VA,false
Scruffy To Fluffy pet grooming,,https://www.indoordogpark.org/parks/scruffy-to-fluffy-pet-grooming,,(931) 307-3579,Lynchburg,VA,false
Pet & Aquatic Warehouse,,https://www.indoordogpark.org/parks/pet-aquatic-warehouse,http://petaquaticswarehouse.com/,(434) 239-6787,Lynchburg,VA,false
Sit Stay and Play Grooming and Boarding,,https://www.indoordogpark.org/parks/sit-stay-and-play-grooming-and-boarding,,(434) 359-1779,Gretna,VA,false
Barkin Bungalow,,https://www.indoordogpark.org/parks/barkin-bungalow,,(434) 525-5672,Forest,VA,false
Covenant Farm Puppies,,https://www.indoordogpark.org/parks/covenant-farm-puppies,http://puppies.covenantfarmva.com/,(434) 221-7460,Lynchburg,VA,false
Harrisonburg Parks and Rec Dog Park,,https://www.indoordogpark.org/parks/harrisonburg-parks-and-rec-dog-park,https://www.harrisonburgva.gov/dog-park,,Harrisonburg,VA,false
The Indoor Dog Park,,https://www.indoordogpark.org/parks/the-indoor-dog-park,http://www.theindoordogpark.org/,,Cranberry Twp,VA,false
A Dream Come True Playground,,https://www.indoordogpark.org/parks/a-dream-come-true-playground,https://www.harrisonburgva.gov/dream-come-true-playground,(540) 433-9168,Harrisonburg,VA,false
Gypsy Hill Dog Park,,https://www.indoordogpark.org/parks/gypsy-hill-dog-park,,,Staunton,VA,false
Shenandoah Dog Park,,https://www.indoordogpark.org/parks/shenandoah-dog-park,,,Shenandoah,VA,false
Morrison Park,,https://www.indoordogpark.org/parks/morrison-park,https://www.harrisonburgva.gov/morrison-park,(540) 433-2474,Harrisonburg,VA,false
Purcell Park,,https://www.indoordogpark.org/parks/purcell-park,https://www.harrisonburgva.gov/purcell-park,(540) 432-7701,Harrisonburg,VA,false
Massanutten Dog Park,,https://www.indoordogpark.org/parks/massanutten-dog-park,,,Massanutten,VA,false
Winchester Dog Park,,https://www.indoordogpark.org/parks/winchester-dog-park,https://www.winchesterva.gov/Parks-Recreation/Facilities/Dog-Park,(540) 662-4946,Winchester,VA,false
Grottoes Dog Park,,https://www.indoordogpark.org/parks/grottoes-dog-park,,,Grottoes,VA,false
Azalea Park Dog Park,,https://www.indoordogpark.org/parks/azalea-park-dog-park,https://www.charlottesville.gov/facilities/facility/details/Azalea-Park-5,(434) 970-3592,Charlottesville,VA,false
Timberville Dog Park,,https://www.indoordogpark.org/parks/timberville-dog-park,https://www.townoftimberville.com/business_detail_T10_R86.php,(540) 896-7058,Timberville,VA,false
Paws of Hope,,https://www.indoordogpark.org/parks/paws-of-hope,https://pawsofhopes.com/,(540) 333-1243,Harrisonburg,VA,false
Crozet Dog Park,,https://www.indoordogpark.org/parks/crozet-dog-park,https://www.facebook.com/crozetdogpark/,,Crozet,VA,false
Elevation Sports,,https://www.indoordogpark.org/parks/elevation-sports,https://www.goelevationsports.com/,(540) 705-0951,Harrisonburg,VA,false
Ralph Sampson Park,,https://www.indoordogpark.org/parks/ralph-sampson-park,https://www.harrisonburgva.gov/ralph-sampson-park,(540) 433-9168,Harrisonburg,VA,false
Mutts for Martins,,https://www.indoordogpark.org/parks/mutts-for-martins,,(540) 282-1419,Harrisonburg,VA,false
Harrisonburg Parks & Rec Department,,https://www.indoordogpark.org/parks/harrisonburg-parks-rec-department,https://www.harrisonburgva.gov/parks-recreation,(540) 433-2474,Harrisonburg,VA,false
Horizons Edge Sports Campus,,https://www.indoordogpark.org/parks/horizons-edge-sports-campus,https://horizonsedgeva.com/,(540) 340-3343,Harrisonburg,VA,false
"Happy Hounds Doggie Day Care, LLC",,https://www.indoordogpark.org/parks/happy-hounds-doggie-day-care-llc,http://happyhoundcompound.com/,(540) 560-8530,Harrisonburg,VA,false
Curlytail Boarding,,https://www.indoordogpark.org/parks/curlytail-boarding,http://www.curlytailboarding.com/,(540) 704-6554,Harrisonburg,VA,false
All About Paws Boarding,,https://www.indoordogpark.org/parks/all-about-paws-boarding,http://www.allaboutpawsboarding.com/,(540) 208-7540,Harrisonburg,VA,false
Sunny Ridge Kennels,,https://www.indoordogpark.org/parks/sunny-ridge-kennels,https://srkennels.com/,(540) 234-9359,Mt Crawford,VA,false
Happy Paws Pet Resort LLC,,https://www.indoordogpark.org/parks/happy-paws-pet-resort-llc,https://happypawspetrsrt.com/,(540) 478-4925,Keezletown,VA,false
Home Away From Home Dog Boarding,,https://www.indoordogpark.org/parks/home-away-from-home-dog-boarding,http://www.hafh-dogboarding.com/,(540) 363-3540,Waynesboro,VA,false
Woof to Hoof Pet Services,,https://www.indoordogpark.org/parks/woof-to-hoof-pet-services,http://www.wooftohoof.com/,(540) 810-4297,Harrisonburg,VA,false
DogWoods Pet Lodge,,https://www.indoordogpark.org/parks/dogwoods-pet-lodge,http://www.dogwoodspetlodge.com,(540) 298-0358,Elkton,VA,false
Pet Paradise,,https://www.indoordogpark.org/parks/pet-paradise,https://www.petparadise.com/,(540) 432-0770,Harrisonburg,VA,false
Blue Barn Dog Daycare & Boarding,,https://www.indoordogpark.org/parks/blue-barn-dog-daycare-boarding,https://bluebarndog.com/,(540) 849-0043,Staunton,VA,false
Puppy Luv,,https://www.indoordogpark.org/parks/puppy-luv,,(540) 833-6901,Harrisonburg,VA,false
Wildmour K9,,https://www.indoordogpark.org/parks/wildmour-k9,https://www.wildmourk9.com/,,Harrisonburg,VA,false
Curlytail Doodles,,https://www.indoordogpark.org/parks/curlytail-doodles,http://www.curlytaildoodles.com/,(949) 697-0505,Harrisonburg,VA,false
All Phase K9 Training Center,,https://www.indoordogpark.org/parks/all-phase-k9-training-center,http://allphasek9.com/,(540) 433-1964,Harrisonburg,VA,false
Harrisonburg Animal Hospital,,https://www.indoordogpark.org/parks/harrisonburg-animal-hospital,http://hahpets.com/,(540) 434-6331,Harrisonburg,VA,false
Anicira Veterinary Center,,https://www.indoordogpark.org/parks/anicira-veterinary-center,http://www.anicira.org/,(540) 437-1980,Harrisonburg,VA,false
Valley Veterinary Hospital,,https://www.indoordogpark.org/parks/valley-veterinary-hospital,https://www.myvalleyvets.com/,(540) 433-8387,Harrisonburg,VA,false
Love On A Leash Dog Training,,https://www.indoordogpark.org/parks/love-on-a-leash-dog-training,http://fun4dogs.com/wp/,(540) 833-8118,Harrisonburg,VA,false
Molly the Dog Trainer,,https://www.indoordogpark.org/parks/molly-the-dog-trainer,http://www.mollythedogtrainer.com/lost---found.html,(800) 738-1385 ext. 41554,Harrisonburg,VA,false
"The Successful Mix, LLC",,https://www.indoordogpark.org/parks/the-successful-mix-llc,https://thesuccessfulmix.com/,(540) 269-6904,Keezletown,VA,false
Petco Dog Training,,https://www.indoordogpark.org/parks/petco-dog-training,https://stores.petco.com/va/harrisonburg/dog-training-harrisonburg-va-1740.html,(540) 432-3830,Harrisonburg,VA,false
PetSmart Dog Training,,https://www.indoordogpark.org/parks/petsmart-dog-training,https://stores.petsmart.com/va/harrisonburg/harrisonburg/dog-training?utm_source=google&utm_medium=organic&utm_campaign=google-my-business,(540) 432-6460,Harrisonburg,VA,false
Four Paws Grooming,,https://www.indoordogpark.org/parks/four-paws-grooming,https://fourpawsgroomingharrisonburg.com/,(540) 437-7455,Harrisonburg,VA,false
Pooch Purrfect Grooming,,https://www.indoordogpark.org/parks/pooch-purrfect-grooming,,(540) 607-8669,Harrisonburg,VA,false
Hi Puppy Grooming,,https://www.indoordogpark.org/parks/hi-puppy-grooming,,(540) 810-1517,Harrisonburg,VA,false
PetSmart Grooming,,https://www.indoordogpark.org/parks/petsmart-grooming,https://stores.petsmart.com/va/harrisonburg/harrisonburg/grooming?utm_source=google&utm_medium=organic&utm_campaign=google-my-business,(540) 432-6460,Harrisonburg,VA,false
Petco Grooming,,https://www.indoordogpark.org/parks/petco-grooming,https://stores.petco.com/va/harrisonburg/full-service-grooming-harrisonburg-va-1740.html,(540) 432-3830,Harrisonburg,VA,false
PetSmart,,https://www.indoordogpark.org/parks/petsmart,https://www.petsmart.com/stores/us/va/harrisonburg-store1554.html?utm_source=google&utm_medium=organic&utm_campaign=google-my-business,(540) 432-6460,Harrisonburg,VA,false
Kipper's Cuts LLC,,https://www.indoordogpark.org/parks/kipper-s-cuts-llc,,(540) 564-2887,Harrisonburg,VA,false
Mystic Pet Resort,,https://www.indoordogpark.org/parks/mystic-pet-resort,,(540) 743-5004,Luray,VA,false
The Paw House Pet Resort,,https://www.indoordogpark.org/parks/the-paw-house-pet-resort,,(540) 949-7297,Fishersville,VA,false
Liberty Hill Pet Resort,,https://www.indoordogpark.org/parks/liberty-hill-pet-resort,http://www.libertyhillpetresort.com/,(540) 439-7297,Bealeton,VA,false
Rocky View Kennels,,https://www.indoordogpark.org/parks/rocky-view-kennels,,(717) 696-9756,Mt Crawford,VA,false
Rainbow Springs Kennels,,https://www.indoordogpark.org/parks/rainbow-springs-kennels,http://rainbowspringskennels.com/,(540) 885-7846,Staunton,VA,false
Hidden Hollow Kennel,,https://www.indoordogpark.org/parks/hidden-hollow-kennel,http://www.hiddenhollowkennel.com/,(540) 478-5371,Mt Crawford,VA,false
Smithland Road Dog Park,,https://www.indoordogpark.org/parks/smithland-road-dog-park,http://www.harrisonburgva.gov/dog-park,,Harrisonburg,VA,false
OFF-LEASH Indoor Dog Park,,https://www.indoordogpark.org/parks/off-leash-indoor-dog-park,https://offleashindoor.com/,(435) 999-2006,Logan,VA,false
Ida Lee Park Recreation Center,,https://www.indoordogpark.org/parks/ida-lee-park-recreation-center,http://www.idalee.org/,(703) 777-1368,Leesburg,VA,false
Dog Park,,https://www.indoordogpark.org/parks/dog-park,,,Leesburg,VA,false
Happy Paws K-9,,https://www.indoordogpark.org/parks/happy-paws-k-9,http://www.happypawsk9.com/,(703) 304-1478,Leesburg,VA,false
Association Only-Dog Park,,https://www.indoordogpark.org/parks/association-only-dog-park,,,Leesburg,VA,false
Playful Pack,,https://www.indoordogpark.org/parks/playful-pack,https://playfulpack.com/,(703) 852-7353,Leesburg,VA,false
Olde Izaak Walton Park,,https://www.indoordogpark.org/parks/olde-izaak-walton-park,https://www.leesburgva.gov/departments/parks-recreation/town-parks,(703) 737-0136,Leesburg,VA,false
Sniff Spot Peaceful Acre Private Dog Park,,https://www.indoordogpark.org/parks/sniff-spot-peaceful-acre-private-dog-park,https://www.sniffspot.com/listings/leesburg-va/peaceful-acre-12404,,Leesburg,VA,false
Dulles Gateway Dog Park,,https://www.indoordogpark.org/parks/dulles-gateway-dog-park,https://pendervet.com/facilities/dog-park-open-to-public/,,Chantilly,VA,false
Rock Hill District Park,,https://www.indoordogpark.org/parks/rock-hill-district-park,https://www.fairfaxcounty.gov/parks/,,Chantilly,VA,false
Canis Major Dog Park,,https://www.indoordogpark.org/parks/canis-major-dog-park,,,Reston,VA,false
South Riding Dog Park,,https://www.indoordogpark.org/parks/south-riding-dog-park,http://www.southriding.net/amenities/dog-park/,,South Riding,VA,false
Willowsford Dog Park,,https://www.indoordogpark.org/parks/willowsford-dog-park,,,Ashburn,VA,false
Woofs Canine Club & Indoor Dog Park,,https://www.indoordogpark.org/parks/woofs-canine-club-indoor-dog-park,http://woofscc.com/,(585) 222-7537,Webster,VA,false
Leesburg Animal Park,,https://www.indoordogpark.org/parks/leesburg-animal-park,http://www.leesburganimalpark.com/,(703) 433-0002,Leesburg,VA,false
Ida Lee,,https://www.indoordogpark.org/parks/ida-lee,https://www.leesburgva.gov/departments/parks-recreation/facilities/ida-lee-park-recreation-center,(703) 777-1368,Leesburg,VA,false
Dog Day Afternoon,,https://www.indoordogpark.org/parks/dog-day-afternoon,http://www.thedogdayafternoon.com/,(703) 779-1333,Leesburg,VA,false
Old Mill Boarding Kennel & Grooming,,https://www.indoordogpark.org/parks/old-mill-boarding-kennel-grooming,https://oldmillkennel.com/,(703) 777-4183,Leesburg,VA,false
DaySpaw,,https://www.indoordogpark.org/parks/dayspaw,https://dayspawcenter.com/,(703) 552-2090,Leesburg,VA,false
A Windy Day Farm,,https://www.indoordogpark.org/parks/a-windy-day-farm,https://awindydayfarm.com/,(703) 400-3950,Leesburg,VA,false
My Dogs Daycare,,https://www.indoordogpark.org/parks/my-dogs-daycare,https://www.mydogsdaycareva.com/,(703) 777-0077,Leesburg,VA,false
VIP Boarding Kennel,,https://www.indoordogpark.org/parks/vip-boarding-kennel,https://www.vipboarding.com/,(540) 882-9909,Lovettsville,VA,false
Dog Home Away From Home Kennel,,https://www.indoordogpark.org/parks/dog-home-away-from-home-kennel,https://doghomeawayfromhome.com/,(530) 364-4663,Purcellville,VA,false
Sasha’s Paw Sitting LLC,,https://www.indoordogpark.org/parks/sasha-s-paw-sitting-llc,https://sashaspawsittingllc.wixsite.com/sashaspawsittingllc,(571) 263-9473,Leesburg,VA,false
Kennels At Stoneleigh,,https://www.indoordogpark.org/parks/kennels-at-stoneleigh,https://kennelsatstoneleigh.net/,(540) 668-6100,Purcellville,VA,false
A Dog's Day Out,,https://www.indoordogpark.org/parks/a-dog-s-day-out,http://www.adogsdayout.com/,(703) 858-3647,Ashburn,VA,false
Blue Ridge Pet Resort And Spa,,https://www.indoordogpark.org/parks/blue-ridge-pet-resort-and-spa,https://www.blueridgevets.com/pet-resort,(540) 370-9966,Purcellville,VA,false
Towne Animal Clinic,,https://www.indoordogpark.org/parks/towne-animal-clinic,https://towneanimalclinic.com/?utm_source=gmb&utm_medium=organic,(703) 777-6350,Leesburg,VA,false
"Furever K9, LLC",,https://www.indoordogpark.org/parks/furever-k9-llc,http://www.fureverk9.com/,(571) 600-6530,Leesburg,VA,false
The Pet Spa,,https://www.indoordogpark.org/parks/the-pet-spa,https://thepetspava.com/,(571) 442-8382,Leesburg,VA,false
Pet Lodge & Spa,,https://www.indoordogpark.org/parks/pet-lodge-spa,https://petlodgeandspa.com/,(352) 253-0059,Leesburg,VA,false
Preppy Pet Leesburg,,https://www.indoordogpark.org/parks/preppy-pet-leesburg,https://preppypet.com/local/leesburg/,(352) 702-3505,Leesburg,VA,false
Old Mill Veterinary Hospital,,https://www.indoordogpark.org/parks/old-mill-veterinary-hospital,https://www.oldmillhospital.com/,(703) 779-2903,Leesburg,VA,false
A Click Above LLC,,https://www.indoordogpark.org/parks/a-click-above-llc,http://www.aclickabovellc.com/,,Leesburg,VA,false
Heeling House Training Center,,https://www.indoordogpark.org/parks/heeling-house-training-center,https://www.hhtrainingcenter.com/,(703) 661-6610,Leesburg,VA,false
Petco Dog Training,,https://www.indoordogpark.org/parks/petco-dog-training,https://stores.petco.com/va/leesburg/dog-training-leesburg-va-3855.html,(703) 661-9823,Leesburg,VA,false
AG DOGS,,https://www.indoordogpark.org/parks/ag-dogs,https://agdogs.org/,,Leesburg,VA,false
Pawsome Pups Dog Training,,https://www.indoordogpark.org/parks/pawsome-pups-dog-training,http://www.pawsomepupdogtraining.com/,(540) 668-9095,Purcellville,VA,false
"Off Leash K9 Training, Loudoun County",,https://www.indoordogpark.org/parks/off-leash-k9-training-loudoun-county,https://sterlingdogtrainers.com/off-leash-dog-training-in-northern-virginia/,(703) 828-4044,Sterling,VA,false
Peace of Mind K9,,https://www.indoordogpark.org/parks/peace-of-mind-k9,https://peaceofmindk9.com/,(703) 930-5934,Manassas,VA,false
T's Dog Training,,https://www.indoordogpark.org/parks/t-s-dog-training,,(703) 346-7882,Leesburg,VA,false
Heeling House,,https://www.indoordogpark.org/parks/heeling-house,http://heelinghouse.org/,(703) 661-6610,Leesburg,VA,false
PetSmart Dog Training,,https://www.indoordogpark.org/parks/petsmart-dog-training,https://stores.petsmart.com/va/leesburg/leesburg/dog-training?utm_source=google&utm_medium=organic&utm_campaign=google-my-business,(703) 669-5056,Leesburg,VA,false
The Twins Pets Grooming Salon & Boutique,,https://www.indoordogpark.org/parks/the-twins-pets-grooming-salon-boutique,http://www.twinsgroomers.com/,(703) 995-2590,Leesburg,VA,false
Bark N' Bubbles Dog Wash,,https://www.indoordogpark.org/parks/bark-n-bubbles-dog-wash,https://www.barknbubblesleesburg.com/,(703) 777-6269,Leesburg,VA,false
Shear Love Pet Spa,,https://www.indoordogpark.org/parks/shear-love-pet-spa,https://www.shearlovepetspa.com/,(703) 891-0688,Leesburg,VA,false
Wiggle Butt & Whiskers,,https://www.indoordogpark.org/parks/wiggle-butt-whiskers,https://www.wigglebuttandwhiskers.com/,(757) 522-7155,Leesburg,VA,false
Happy Hound,,https://www.indoordogpark.org/parks/happy-hound,http://www.happyhoundco.com/,(571) 333-2171,Leesburg,VA,false
Scenthound Lansdowne,,https://www.indoordogpark.org/parks/scenthound-lansdowne,https://www.scenthound.com/,(703) 219-8818,Leesburg,VA,false
Belly Rubs Biscuit Bar & Spa,,https://www.indoordogpark.org/parks/belly-rubs-biscuit-bar-spa,https://bellyrubspetcare.com/,(571) 295-5516,Ashburn,VA,false
PetSmart,,https://www.indoordogpark.org/parks/petsmart,https://www.petsmart.com/stores/us/va/leesburg-store1483.html?utm_source=google&utm_medium=organic&utm_campaign=google-my-business,(703) 669-5056,Leesburg,VA,false
Dawgy Stylz grooming and boarding,,https://www.indoordogpark.org/parks/dawgy-stylz-grooming-and-boarding,,(352) 801-7180,Leesburg,VA,false
Tailwaggers Pet Spa & Boutique,,https://www.indoordogpark.org/parks/tailwaggers-pet-spa-boutique,http://tailwaggers-boutique.lany.io/,(352) 323-5777,Leesburg,VA,false
Happy Tails Animal Hospital,,https://www.indoordogpark.org/parks/happy-tails-animal-hospital,http://www.happytailsleesburg.com/,(571) 831-3190,Leesburg,VA,false
ScallyWags Pet Salon,,https://www.indoordogpark.org/parks/scallywags-pet-salon,https://scallywagspetsalon.com/,(703) 940-5054,Ashburn,VA,false
Woof Gang Bakery & Grooming Belmont Chase,,https://www.indoordogpark.org/parks/woof-gang-bakery-grooming-belmont-chase,https://woofgangbakery.com/pages/locations/belmont-chase,(434) 225-4366,Ashburn,VA,false
Hammer & Nails Grooming Shop for Guys - Leesburg,,https://www.indoordogpark.org/parks/hammer-nails-grooming-shop-for-guys-leesburg,https://hammerandnailsgrooming.com/location/leesburg-va/,(571) 520-2200,Leesburg,VA,false
Dulles Pets Hotel & Daycare,,https://www.indoordogpark.org/parks/dulles-pets-hotel-daycare,https://dullespets.com/,(703) 709-1111,Sterling,VA,false
Magnolia Pet Resort & Spa,,https://www.indoordogpark.org/parks/magnolia-pet-resort-spa,,(229) 888-1340,Leesburg,VA,false
Dogtopia of Purcellville,,https://www.indoordogpark.org/parks/dogtopia-of-purcellville,https://www.dogtopia.com/purcellville/,(703) 936-4121,Purcellville,VA,false
Happy Hounds Lodge,,https://www.indoordogpark.org/parks/happy-hounds-lodge,http://www.happyhoundslodge.com/,(703) 395-3912,Round Hill,VA,false
Creighton West Park Dog Park - Brambleton HOA,,https://www.indoordogpark.org/parks/creighton-west-park-dog-park-brambleton-hoa,https://www.brambletonhoa.com/521/Creighton-West-Park,(703) 542-6263,Brambleton,VA,false
Chandon Dog Park,,https://www.indoordogpark.org/parks/chandon-dog-park,https://www.fairfaxcounty.gov/parks/offleash,(703) 324-8680,Herndon,VA,false
Carrvale Park,,https://www.indoordogpark.org/parks/carrvale-park,https://www.leesburgva.gov/Home/Components/FacilityDirectory/FacilityDirectory/44/5725,(703) 777-1262,Leesburg,VA,false
Brandon Park,,https://www.indoordogpark.org/parks/brandon-park,https://www.leesburgva.gov/departments/parks-recreation/town-parks,(703) 777-0007,Leesburg,VA,false
Vienna Dog Park,,https://www.indoordogpark.org/parks/vienna-dog-park,http://vienna-dog-park.keeq.io/,(703) 255-6360,Vienna,VA,false
Baron Cameron Dog Park,,https://www.indoordogpark.org/parks/baron-cameron-dog-park,http://www.fairfaxcounty.gov/parks/offleash,,Reston,VA,false
Banshee Reeks Nature Preserve,,https://www.indoordogpark.org/parks/banshee-reeks-nature-preserve,https://www.loudoun.gov/1277/Banshee-Reeks-Nature-Preserve,(703) 737-8894,Leesburg,VA,false
Healthy Hound Playground & Grooming,,https://www.indoordogpark.org/parks/healthy-hound-playground-grooming,https://healthyhoundplayground.com/,(703) 464-0056,Sterling,VA,false
Dogtopia of Charlottesville,,https://www.indoordogpark.org/parks/dogtopia-of-charlottesville,https://www.dogtopia.com/charlottesville/,(434) 922-1500,Charlottesville,VA,false
Pet Paradise Charlottesville,,https://www.indoordogpark.org/parks/pet-paradise-charlottesville,https://www.petparadise.com/charlottesville.htm,(434) 293-7387,Charlottesville,VA,false
The Dogg House,,https://www.indoordogpark.org/parks/the-dogg-house,http://www.thedogghouse.com/,(434) 975-3647,Charlottesville,VA,false
Wakefield Kennel,,https://www.indoordogpark.org/parks/wakefield-kennel,https://www.wakefieldkennel.com/,(434) 973-5171,Earlysville,VA,false
All Things Pawssible,,https://www.indoordogpark.org/parks/all-things-pawssible,http://www.allthingspawssible.com/,(434) 972-7297,Charlottesville,VA,false
Charlottesville Pet Concierge,,https://www.indoordogpark.org/parks/charlottesville-pet-concierge,https://www.charlottesvillepetconcierge.com/,(434) 207-2279,Charlottesville,VA,false
Pet Motel and Salon,,https://www.indoordogpark.org/parks/pet-motel-and-salon,http://www.petmotelandsalon.com/,(434) 295-3679,Charlottesville,VA,false
Creatures Great & Small Inc,,https://www.indoordogpark.org/parks/creatures-great-small-inc,http://www.creaturesgreatandsmall.net/,(434) 973-4437,Charlottesville,VA,false
Canine Campus,,https://www.indoordogpark.org/parks/canine-campus,http://www.caninecampus.com/,(434) 218-0951,Charlottesville,VA,false
Canine Country Inc,,https://www.indoordogpark.org/parks/canine-country-inc,http://www.caninecountryinc.com/,(434) 981-2031,Barboursville,VA,false
Joyful Animal Care,,https://www.indoordogpark.org/parks/joyful-animal-care,,(706) 333-2207,Charlottesville,VA,false
The Cottages,,https://www.indoordogpark.org/parks/the-cottages,https://thedogcottages.com/,(540) 390-0911,Louisa,VA,false
Pet Nanny Services,,https://www.indoordogpark.org/parks/pet-nanny-services,http://petnannyservices.com/,(434) 760-2795,Charlottesville,VA,false
"Canine Concierge & Equine, LLC",,https://www.indoordogpark.org/parks/canine-concierge-equine-llc,http://www.canineconciergeandequine.com/,(617) 962-0575,Palmyra,VA,false
Pawsitive Barb,,https://www.indoordogpark.org/parks/pawsitive-barb,http://www.pawsitivebarb.com/,,Charlottesville,VA,false
Dog Training by Valerie,,https://www.indoordogpark.org/parks/dog-training-by-valerie,http://www.dogtrainingbyvalerie.com/,,Charlottesville,VA,false
Happy Tails Puppy Camp,,https://www.indoordogpark.org/parks/happy-tails-puppy-camp,http://www.happytailspuppycamp.com/,(434) 566-0134,Charlottesville,VA,false
"Off Leash K9 Training, Charlottesville",,https://www.indoordogpark.org/parks/off-leash-k9-training-charlottesville,http://www.charlottesvilledogtraining.com/,(434) 205-9905,Ruckersville,VA,false
Atlantic Coast K-9 Training Service,,https://www.indoordogpark.org/parks/atlantic-coast-k-9-training-service,http://www.atlanticcoastk-9.com/,(434) 973-7968,Charlottesville,VA,false
Ridgeside K9 Charlottesville,,https://www.indoordogpark.org/parks/ridgeside-k9-charlottesville,https://ridgesidek9charlottesville.com/,(434) 358-7367,Ruckersville,VA,false
Sadie's Rules K9 Training,,https://www.indoordogpark.org/parks/sadie-s-rules-k9-training,http://www.sadiesrulesk9training.com/,(434) 993-8208,Nellysford,VA,false
Pawssibilities,,https://www.indoordogpark.org/parks/pawssibilities,https://www.pawssibilitiesdogtraining.com/,(434) 987-4122,Charlottesville,VA,false
Liberty Canine Academy,,https://www.indoordogpark.org/parks/liberty-canine-academy,http://www.charlottesvilledogtrainer.com/,(434) 305-0518,Charlottesville,VA,false
Rivanna K9 Services LLC,,https://www.indoordogpark.org/parks/rivanna-k9-services-llc,https://www.rivannak9services.com/,(434) 326-8100,Palmyra,VA,false
Service Dogs of Va,,https://www.indoordogpark.org/parks/service-dogs-of-va,http://www.servicedogsva.org/,(434) 295-9503,Charlottesville,VA,false
FlyDog Yoga,,https://www.indoordogpark.org/parks/flydog-yoga,https://flydogyoga.com/,(434) 964-1964,Charlottesville,VA,false
Petco Dog Training,,https://www.indoordogpark.org/parks/petco-dog-training,https://stores.petco.com/va/charlottesville/dog-training-charlottesville-va-1530.html,(434) 244-6338,Charlottesville,VA,false
Ruffians' Charm School,,https://www.indoordogpark.org/parks/ruffians-charm-school,http://www.dogtrainingbyvalerie.com/,,Charlottesville,VA,false
Animal Connection LLC,,https://www.indoordogpark.org/parks/animal-connection-llc,https://animalconnectionva.com/,(434) 825-5472,Charlottesville,VA,false
Petco Grooming,,https://www.indoordogpark.org/parks/petco-grooming,https://stores.petco.com/va/charlottesville/full-service-grooming-charlottesville-va-1530.html,(434) 244-6338,Charlottesville,VA,false
Natural Pet Essentials,,https://www.indoordogpark.org/parks/natural-pet-essentials,https://naturalpetessentials.net/,(434) 979-9779,Charlottesville,VA,false
Pawsville,,https://www.indoordogpark.org/parks/pawsville,,(434) 295-7297,Charlottesville,VA,false
Countryside Pet Grooming,,https://www.indoordogpark.org/parks/countryside-pet-grooming,https://countrysidepetgrooming.com/,(434) 823-7002,Crozet,VA,false
Fluffy's Pet Shop,,https://www.indoordogpark.org/parks/fluffy-s-pet-shop,http://www.fluffyspetshop.com/,(434) 202-0183,Charlottesville,VA,false
Crate & Marrow,,https://www.indoordogpark.org/parks/crate-marrow,,(434) 293-2275,Charlottesville,VA,false
PetSmart,,https://www.indoordogpark.org/parks/petsmart,https://www.petsmart.com/stores/us/va/charlottesville-store1439.html?utm_source=google&utm_medium=organic&utm_campaign=google-my-business,(434) 964-9213,Charlottesville,VA,false
Pet Supplies Plus,,https://www.indoordogpark.org/parks/pet-supplies-plus,https://www.petsuppliesplus.com/store/va/charlottesville/8013-charlottesville/8013/events/3-16-2025-join-us-for-an-excit,(434) 979-2009,Charlottesville,VA,false
PetSmart,,https://www.indoordogpark.org/parks/petsmart,https://www.petsmart.com/stores/us/va/charlottesville-store2404.html?utm_source=google&utm_medium=organic&utm_campaign=google-my-business,(434) 422-4526,Charlottesville,VA,false
Pawprints Boutique,,https://www.indoordogpark.org/parks/pawprints-boutique,http://pawprintsboutique.com/,(434) 964-0133,Charlottesville,VA,false
Animal Hospital of Ivy Square,,https://www.indoordogpark.org/parks/animal-hospital-of-ivy-square,http://www.animalhospitalofivysquare.com/,(434) 295-8387,Charlottesville,VA,false
PetSmart Grooming,,https://www.indoordogpark.org/parks/petsmart-grooming,https://stores.petsmart.com/va/charlottesville/south-charlottesville/grooming?utm_source=google&utm_medium=organic&utm_campaign=google-my-business,(434) 422-4526,Charlottesville,VA,false
Monticello Animal Hospital,,https://www.indoordogpark.org/parks/monticello-animal-hospital,http://www.cvillevet.com/,(434) 979-3644,Charlottesville,VA,false
Applewood Boarding Kennels,,https://www.indoordogpark.org/parks/applewood-boarding-kennels,http://applewoodboardingkennels.com/,(540) 717-0693,Culpeper,VA,false
Ballou Park,,https://www.indoordogpark.org/parks/ballou-park,https://www.danvilleva.gov/2023/Ballou-Park,,Danville,VA,false
Ballou Park Shelter 10,,https://www.indoordogpark.org/parks/ballou-park-shelter-10,https://www.danvilleva.gov/2019/Picnic-Shelters,,Danville,VA,false
Druid Hills Park,,https://www.indoordogpark.org/parks/druid-hills-park,http://www.playdanvilleva.com/,(434) 799-5200,Danville,VA,false
M.C. Martin Park,,https://www.indoordogpark.org/parks/m-c-martin-park,http://www.playdanvilleva.com/,(434) 799-5200,Danville,VA,false
Abreu Grogan Park,,https://www.indoordogpark.org/parks/abreu-grogan-park,http://www.playdanvilleva.com/,(434) 799-5288,Danville,VA,false
Dan Daniel Memorial Park,,https://www.indoordogpark.org/parks/dan-daniel-memorial-park,http://playdanvilleva.com/Facilities/Facility/Details/21,(434) 799-5215,Danville,VA,false
Anglers Park,,https://www.indoordogpark.org/parks/anglers-park,http://www.playdanvilleva.com/,(434) 799-5200,Danville,VA,false
Ballou Recreation Center,,https://www.indoordogpark.org/parks/ballou-recreation-center,http://www.playdanvilleva.com/index.aspx?NID=317,(434) 799-5216,Danville,VA,false
Pocket Park,,https://www.indoordogpark.org/parks/pocket-park,,,Danville,VA,false
Hollywood Pets,,https://www.indoordogpark.org/parks/hollywood-pets,,(434) 792-7387,Danville,VA,false
Squires Park,,https://www.indoordogpark.org/parks/squires-park,,,Danville,VA,false
Danville Parks & Recreation,,https://www.indoordogpark.org/parks/danville-parks-recreation,http://www.playdanvilleva.com/,(434) 799-5200,Danville,VA,false
"Danville Pet Resort, Inc.",,https://www.indoordogpark.org/parks/danville-pet-resort-inc,,(434) 836-1245,Danville,VA,false
Hylton Avenue Park,,https://www.indoordogpark.org/parks/hylton-avenue-park,,,Danville,VA,false
Mt Hermon Pet Grooming & Boarding,,https://www.indoordogpark.org/parks/mt-hermon-pet-grooming-boarding,https://www.mthermonpetgrooming.com/,(434) 836-2801,Danville,VA,false
Carrington Pavilion,,https://www.indoordogpark.org/parks/carrington-pavilion,http://godanriver.com/,(434) 797-8961,Danville,VA,false
Seminole Park and Dog Park,,https://www.indoordogpark.org/parks/seminole-park-and-dog-park,,,Madison Heights,VA,false
Pumpkin Creek Park,,https://www.indoordogpark.org/parks/pumpkin-creek-park,http://www.playdanvilleva.com/,(434) 799-5200,Danville,VA,false
Mak Pack Dog Training & Boarding,,https://www.indoordogpark.org/parks/mak-pack-dog-training-boarding,http://www.makpackaz.com/?utm_source=google_my_business&utm_medium=organic,(602) 374-3388,Chandler,VA,false
Danville Family Vet,,https://www.indoordogpark.org/parks/danville-family-vet,https://familyvet.org/,(434) 836-2499,Danville,VA,false
"Spark-N-Bark Pet Sitting Services, LLC.",,https://www.indoordogpark.org/parks/spark-n-bark-pet-sitting-services-llc,,(434) 425-6191,Danville,VA,false
Dancing Creek Farm,,https://www.indoordogpark.org/parks/dancing-creek-farm,http://www.dancingcreekfarm.com/,(434) 425-8243,Cascade,VA,false
Enlightened K9 Perspective,,https://www.indoordogpark.org/parks/enlightened-k9-perspective,http://facebook.com/enlightenedk9perspective/,(434) 207-6613,Danville,VA,false
My Shadow Dog Training,,https://www.indoordogpark.org/parks/my-shadow-dog-training,http://www.myshadowtraining.com/about-us,(434) 713-3742,Chatham,VA,false
Setterwoods Dog Training,,https://www.indoordogpark.org/parks/setterwoods-dog-training,,(434) 432-3647,Chatham,VA,false
PetSmart Dog Training,,https://www.indoordogpark.org/parks/petsmart-dog-training,https://stores.petsmart.com/va/danville/danville/dog-training?utm_source=google&utm_medium=organic&utm_campaign=google-my-business,(434) 792-7612,Danville,VA,false
Precision Flyball Training,,https://www.indoordogpark.org/parks/precision-flyball-training,https://www.precisionflyball.com/,(434) 710-0296,Cartersville,VA,false
Cbowdens Valley Dog School,,https://www.indoordogpark.org/parks/cbowdens-valley-dog-school,https://www.cbowdensvalleydogschool.com/,(540) 333-2731,Strasburg,VA,false
Danville Area Training Center,,https://www.indoordogpark.org/parks/danville-area-training-center,http://www.datc.training/,(434) 792-1871,Danville,VA,false
Bonz N' Bubbles,,https://www.indoordogpark.org/parks/bonz-n-bubbles,https://www.bonznbubbles.com/,(434) 857-5057,Danville,VA,false
Pretty 'N Cute Pet Grooming,,https://www.indoordogpark.org/parks/pretty-n-cute-pet-grooming,,(434) 728-0344,Danville,VA,false
Haley's Dog Grooming LLC,,https://www.indoordogpark.org/parks/haley-s-dog-grooming-llc,https://www.facebook.com/profile.php?id=100090213501303&mibextid=ZbWKwL,(434) 554-7436,Danville,VA,false
Sophisticuts Pet Spa,,https://www.indoordogpark.org/parks/sophisticuts-pet-spa,https://sophisticuts20.wixsite.com/sophisticutspetspa,(434) 489-1889,Cascade,VA,false
PetSmart,,https://www.indoordogpark.org/parks/petsmart,https://www.petsmart.com/stores/us/va/danville-store1594.html?utm_source=google&utm_medium=organic&utm_campaign=google-my-business,(434) 792-7612,Danville,VA,false
South Paw Grooming,,https://www.indoordogpark.org/parks/south-paw-grooming,https://localdoggroomers.net/explore/south-paw-grooming/,(217) 431-2151,Danville,VA,false
JTMB Luxury Grooming,,https://www.indoordogpark.org/parks/jtmb-luxury-grooming,https://placegem.top/jtmb-luxury-grooming-atmo9gu,(434) 549-5116,Danville,VA,false
PetSmart Grooming,,https://www.indoordogpark.org/parks/petsmart-grooming,https://stores.petsmart.com/va/danville/danville/grooming?utm_source=google&utm_medium=organic&utm_campaign=google-my-business,(434) 792-7612,Danville,VA,false
TLC Pet Grooming,,https://www.indoordogpark.org/parks/tlc-pet-grooming,http://tlc-pet-grooming.jany.io/,(434) 728-1409,Danville,VA,false
Grooming at Animal Medical Center,,https://www.indoordogpark.org/parks/grooming-at-animal-medical-center,,(434) 793-6477 ext. 305,Danville,VA,false
Pittsylvania Pet Center,,https://www.indoordogpark.org/parks/pittsylvania-pet-center,https://www.pittsylvaniacountyva.gov/government/departments/pet-center,(434) 432-1989,Chatham,VA,false
Swain Acres Park,,https://www.indoordogpark.org/parks/swain-acres-park,,,Danville,VA,false
Danville Area Humane Society,,https://www.indoordogpark.org/parks/danville-area-humane-society,http://dahsinc.com/,(434) 799-0843,Danville,VA,false
The Dog-Eared Page,,https://www.indoordogpark.org/parks/the-dog-eared-page,https://www.thedogearedpage.com/,(434) 857-5386,Danville,VA,false
Animal Medical Center,,https://www.indoordogpark.org/parks/animal-medical-center,http://www.amcdanville.net/,(434) 793-6477,Danville,VA,false
"Animal Medical Center: Laura Luffman, DVM",,https://www.indoordogpark.org/parks/animal-medical-center-laura-luffman-dvm,http://www.amcdanville.net/,(434) 793-6477,Danville,VA,false
Paw-a-day Inn K9 Suites,,https://www.indoordogpark.org/parks/paw-a-day-inn-k9-suites,http://www.pawadayinnsuites.com/,(217) 442-7297,Danville,VA,false
Country Kennel,,https://www.indoordogpark.org/parks/country-kennel,https://www.countrykennelboarding.com/?utm_source=gmb&utm_medium=Yext&cp=3365515732&y_source=1_NjM1MzEwNDktNzE1LWxvY2F0aW9uLndlYnNpdGU%3D,(336) 551-5732,Greensboro,VA,false
K-9 Peace of Mind Pet Resort,,https://www.indoordogpark.org/parks/k-9-peace-of-mind-pet-resort,,(217) 304-0423,Danville,VA,false
Bubble Aquatics & Exotics,,https://www.indoordogpark.org/parks/bubble-aquatics-exotics,https://bubbleaquaticsandexotics.com/,(434) 857-5382,Danville,VA,false
PetAgree Fun Lodge & Styling Salons,,https://www.indoordogpark.org/parks/petagree-fun-lodge-styling-salons,http://www.petagreeresorts.com/,(317) 745-1334,Danville,VA,false
The Dog Park,,https://www.indoordogpark.org/parks/the-dog-park,,,Blacksburg,VA,false
"Prestige Pet-Sitting Agencies, LLC",,https://www.indoordogpark.org/parks/prestige-pet-sitting-agencies-llc,http://www.prestigepet-sitting.net/,(540) 961-1710,Blacksburg,VA,false
Paws Pet Service,,https://www.indoordogpark.org/parks/paws-pet-service,,(540) 818-1997,Blacksburg,VA,false
Flying Fur,,https://www.indoordogpark.org/parks/flying-fur,http://www.flyingfurdogs.com/,(540) 544-9663,Newport,VA,false
Tail Chasers Pet Boutique,,https://www.indoordogpark.org/parks/tail-chasers-pet-boutique,http://www.tailchasersboutique.com/,(540) 381-1954,Christiansburg,VA,false
"Green Acres Pet Boarding & Daycare, LLC",,https://www.indoordogpark.org/parks/green-acres-pet-boarding-daycare-llc,https://www.greenacresboarding.pet/,(803) 528-0911,Blacksburg,VA,false
Village Dog Dayz,,https://www.indoordogpark.org/parks/village-dog-dayz,https://www.villagedogdayz.com/,(540) 250-7701,Riner,VA,false
Catawba Kennel,,https://www.indoordogpark.org/parks/catawba-kennel,http://www.catawbakennel.com/,(540) 384-5100,Catawba,VA,false
Off Leash K9 Training of Christiansburg,,https://www.indoordogpark.org/parks/off-leash-k9-training-of-christiansburg,http://nrvandroanokedogtrainer.com/,(540) 750-1955,Christiansburg,VA,false
Watch Dog Animal Care,,https://www.indoordogpark.org/parks/watch-dog-animal-care,http://watchdoganimalcare.com/,(540) 988-2356,Riner,VA,false
Doe Creek Kennels,,https://www.indoordogpark.org/parks/doe-creek-kennels,http://www.doecreekkennels.com/,(540) 293-4521,Pembroke,VA,false
Hans Meadow Kennel Inc.,,https://www.indoordogpark.org/parks/hans-meadow-kennel-inc,http://www.hansmeadowkennel.com/,(540) 382-8796,Christiansburg,VA,false
Kibbles On Main,,https://www.indoordogpark.org/parks/kibbles-on-main,http://www.kibblesonmain.com/,(540) 961-5410,Blacksburg,VA,false
100 Love Pet Care LLC,,https://www.indoordogpark.org/parks/100-love-pet-care-llc,http://www.100lovepetcare.com/,(540) 268-0162,Elliston,VA,false
All-American Dog Sports,,https://www.indoordogpark.org/parks/all-american-dog-sports,http://www.allamericandogsports.com/,(540) 449-4557,Blacksburg,VA,false
Hi D Ho Dog Training,,https://www.indoordogpark.org/parks/hi-d-ho-dog-training,https://www.hi-d-ho-dogtraining.com/,(540) 552-9112,Blacksburg,VA,false
Village Groomer,,https://www.indoordogpark.org/parks/village-groomer,,(540) 552-0660,Blacksburg,VA,false
Fur on the Mountain,,https://www.indoordogpark.org/parks/fur-on-the-mountain,http://www.furonthemountain.com/,(540) 944-8659,Christiansburg,VA,false
SoLo Paws Grooming and Training,,https://www.indoordogpark.org/parks/solo-paws-grooming-and-training,http://solopaws.com/,(571) 291-1458,Christiansburg,VA,false
New River Valley Kennel Club,,https://www.indoordogpark.org/parks/new-river-valley-kennel-club,https://newrivervalleykennelclub.org/,(540) 552-1130,Blacksburg,VA,false
"Little River Farm, LLC",,https://www.indoordogpark.org/parks/little-river-farm-llc,https://littleriverfarmfloyd.com/,(276) 288-4030,Floyd,VA,false
Rolling Hills Kennels,,https://www.indoordogpark.org/parks/rolling-hills-kennels,https://www.rollinghillskennelsva.com/,(540) 239-6248,Christiansburg,VA,false
Lucky's Dog Park,,https://www.indoordogpark.org/parks/lucky-s-dog-park,,,Manassas,VA,false
Dogtopia of Manassas,,https://www.indoordogpark.org/parks/dogtopia-of-manassas,https://www.dogtopia.com/manassas,(703) 278-2101,Manassas,VA,false
Manassas Park Dog Park,,https://www.indoordogpark.org/parks/manassas-park-dog-park,,,Manassas Park,VA,false
Dana's Dog Care,,https://www.indoordogpark.org/parks/dana-s-dog-care,http://www.danasdogcare.com/,(703) 501-0051,Manassas,VA,false
Bark + Boarding Manassas,,https://www.indoordogpark.org/parks/bark-boarding-manassas,https://www.barkandboarding.com/,(703) 361-7550,Manassas,VA,false
PetSuites Manassas,,https://www.indoordogpark.org/parks/petsuites-manassas,https://manassas.petsuitesofamerica.com/?utm_source=gmb&utm_medium=organic&y_source=1_MjUwMTY5MjUtNzE1LWxvY2F0aW9uLndlYnNpdGU%3D,(571) 358-8146,Manassas Park,VA,false
Kellenberger Kennels LLC,,https://www.indoordogpark.org/parks/kellenberger-kennels-llc,http://www.kellenbergerkennels.com/,(703) 594-6612,Manassas,VA,false
The Dog Stop - Centreville,,https://www.indoordogpark.org/parks/the-dog-stop-centreville,https://thedogstop.com/locations/virginia/centreville/,(703) 719-8670,Centreville,VA,false
Dogtopia of Gainesville,,https://www.indoordogpark.org/parks/dogtopia-of-gainesville,https://www.dogtopia.com/gainesville/,(703) 483-9444,Gainesville,VA,false
Siria's Pet Services,,https://www.indoordogpark.org/parks/siria-s-pet-services,,(703) 586-5363,Manassas,VA,false
A Pup's Valley,,https://www.indoordogpark.org/parks/a-pup-s-valley,http://www.apupsvalley.com/,(703) 596-3647,Haymarket,VA,false
Paws-N-Play,,https://www.indoordogpark.org/parks/paws-n-play,https://www.pawsplay.com/,(703) 257-7522,Manassas,VA,false
The Dog Eaze Inn,,https://www.indoordogpark.org/parks/the-dog-eaze-inn,https://www.dogeazeinn.com/?utm_source=googlemb&utm_medium=organic&utm_campaign=weblink&utm_content=home,(703) 491-1564,Woodbridge,VA,false
GOLDEN DOG HOTEL,,https://www.indoordogpark.org/parks/golden-dog-hotel,https://www.goldendoghotel.com/,(571) 348-3380,Centreville,VA,false
My Dog Listens LLC,,https://www.indoordogpark.org/parks/my-dog-listens-llc,https://mdlk9academy.com/,(540) 422-5924,Manassas Park,VA,false
Dog Tales Daycare & Boarding,,https://www.indoordogpark.org/parks/dog-tales-daycare-boarding,http://www.dogtalesdaycare.com/,(703) 263-7252,Chantilly,VA,false
Pet Domestic of Manassas,,https://www.indoordogpark.org/parks/pet-domestic-of-manassas,http://www.petdomestic.com/,(571) 295-6867,Manassas,VA,false
The Bigger the Better Canine Camp,,https://www.indoordogpark.org/parks/the-bigger-the-better-canine-camp,http://www.thebiggerthebettercaninecamp.com/,(703) 328-7884,Nokesville,VA,false
DOGTOWN Day Camp for Dogs,,https://www.indoordogpark.org/parks/dogtown-day-camp-for-dogs,https://dogtowndc.mybusiness.site/,(571) 527-8078,Haymarket,VA,false
Morganna Animal Clinic & Boarding Kennel,,https://www.indoordogpark.org/parks/morganna-animal-clinic-boarding-kennel,http://morgannaanimalclinicva.com/,(703) 361-4196,Manassas,VA,false
"We Let the Dogs Out 4 You, LLC",,https://www.indoordogpark.org/parks/we-let-the-dogs-out-4-you-llc,http://www.weletthedogsout4you.com/,(703) 856-7463,Bristow,VA,false
Boarding Feathered Friends,,https://www.indoordogpark.org/parks/boarding-feathered-friends,https://www.boardingfeatheredfriends.com/,(703) 568-9061,Bristow,VA,false
Magic Mountain K9 Training,,https://www.indoordogpark.org/parks/magic-mountain-k9-training,http://magicmtk9.com/,(571) 342-1328,Manassas,VA,false
PetSmart Dog Training,,https://www.indoordogpark.org/parks/petsmart-dog-training,https://stores.petsmart.com/va/manassas/manassas/dog-training?utm_source=google&utm_medium=organic&utm_campaign=google-my-business,(703) 335-1755,Manassas,VA,false
Performance Dogs,,https://www.indoordogpark.org/parks/performance-dogs,,(703) 585-5765,Manassas,VA,false
Off Leash K9 of Northern Virginia,,https://www.indoordogpark.org/parks/off-leash-k9-of-northern-virginia,http://www.offleashk9nova.com/,(703) 828-4044,Woodbridge,VA,false
Manners for Mutts,,https://www.indoordogpark.org/parks/manners-for-mutts,,(703) 794-7349,Manassas,VA,false
Citizen K9,,https://www.indoordogpark.org/parks/citizen-k9,http://www.citizen-k9.com/,(571) 235-8613,Nokesville,VA,false
Virginia School of Pet Grooming,,https://www.indoordogpark.org/parks/virginia-school-of-pet-grooming,https://virginiaschoolofpetgrooming.com/,(703) 361-1363,Manassas,VA,false
Petco Dog Training,,https://www.indoordogpark.org/parks/petco-dog-training,https://stores.petco.com/va/manassas/dog-training-manassas-va-2874.html,(703) 330-3743,Manassas,VA,false
PetSmart Dog Training,,https://www.indoordogpark.org/parks/petsmart-dog-training,https://stores.petsmart.com/va/manassas/bristow-south-manassas/dog-training?utm_source=google&utm_medium=organic&utm_campaign=google-my-business,(703) 396-8631,Manassas,VA,false
Animal Behavior Wellness Center,,https://www.indoordogpark.org/parks/animal-behavior-wellness-center,http://abwellnesscenter.com/,(888) 438-0788,Fairfax,VA,false
Lucky Dog Grooming,,https://www.indoordogpark.org/parks/lucky-dog-grooming,http://luckydoggroomingva.com/,(703) 895-4456,Manassas,VA,false
Waggy Baths,,https://www.indoordogpark.org/parks/waggy-baths,https://www.waggybaths.com/,(571) 621-2788,Manassas,VA,false
PetJoy Grooming,,https://www.indoordogpark.org/parks/petjoy-grooming,,(703) 330-5421,Manassas,VA,false
Poodle Doodle,,https://www.indoordogpark.org/parks/poodle-doodle,http://poodledoodle101k.com/,(703) 505-7775,Manassas,VA,false
VIP Pet Elite,,https://www.indoordogpark.org/parks/vip-pet-elite,http://www.vippetsalon.com/,(703) 586-5976,Manassas,VA,false
Paws and Spa Grooming,,https://www.indoordogpark.org/parks/paws-and-spa-grooming,https://pawsandspagrooming.com/,(703) 328-2122,Centreville,VA,false
Barks and Baths LLC,,https://www.indoordogpark.org/parks/barks-and-baths-llc,,(703) 791-2329,Manassas,VA,false
Petco Grooming,,https://www.indoordogpark.org/parks/petco-grooming,https://stores.petco.com/va/manassas/full-service-grooming-manassas-va-2874.html,(703) 330-3743,Manassas,VA,false
Pet Supplies Plus Manassas,,https://www.indoordogpark.org/parks/pet-supplies-plus-manassas,https://www.petsuppliesplus.com/Store/VA/Manassas/Manassas/4131,(703) 368-2940,Manassas,VA,false
Yappie Cuttery,,https://www.indoordogpark.org/parks/yappie-cuttery,https://yappie.org/,(703) 361-1363,Manassas,VA,false
Paws Awhile Pet Motel,,https://www.indoordogpark.org/parks/paws-awhile-pet-motel,http://pawsawhilepetmotel.com/,(540) 347-4855,Warrenton,VA,false
Top Dog Resort,,https://www.indoordogpark.org/parks/top-dog-resort,,(540) 788-4837,Catlett,VA,false
Morganna Animal Clinic and Boarding Kennel,,https://www.indoordogpark.org/parks/morganna-animal-clinic-and-boarding-kennel,https://www.morgannaanimalclinicva.com/,(703) 361-4196,Manassas,VA,false
PetCentre Animal Hospital,,https://www.indoordogpark.org/parks/petcentre-animal-hospital,http://www.petcentre.com/,(703) 368-9241,Manassas,VA,false
Silverbrook Kennels,,https://www.indoordogpark.org/parks/silverbrook-kennels,https://www.silver-brook.com/,(540) 720-3661,Fredericksburg,VA,false
Waggin' Tails Junction,,https://www.indoordogpark.org/parks/waggin-tails-junction,http://www.waggintailsjunction.com/,(703) 361-7550,Manassas,VA,false
Colors home daycare LLC,,https://www.indoordogpark.org/parks/colors-home-daycare-llc,,(571) 361-1111,Manassas Park,VA,false
Davis Travel Center Dog Park,,https://www.indoordogpark.org/parks/davis-travel-center-dog-park,,,Stony Creek,VA,false
Fort Gregg-Adams Dog Park,,https://www.indoordogpark.org/parks/fort-gregg-adams-dog-park,https://gregg-adams.armymwr.com/programs/playtime-fido,(804) 765-1539,Fort Gregg-Adams,VA,false
Edinborough Park,,https://www.indoordogpark.org/parks/edinborough-park,,(804) 520-9392,Colonial Heights,VA,false
Patton Park,,https://www.indoordogpark.org/parks/patton-park,,(804) 733-2394,Petersburg,VA,false
SABALI DOG TRAINING ACADEMY,,https://www.indoordogpark.org/parks/sabali-dog-training-academy,https://www.sabaliempire.com/,(804) 631-3510,Petersburg,VA,false
Brandywine Kennels,,https://www.indoordogpark.org/parks/brandywine-kennels,http://www.brandywinekennels.com/,(804) 732-5431,Petersburg,VA,false
Just Chasing Joy- Home Dog Boarding,,https://www.indoordogpark.org/parks/just-chasing-joy-home-dog-boarding,,(804) 835-0490,Petersburg,VA,false
Farmview Pet Resort,,https://www.indoordogpark.org/parks/farmview-pet-resort,https://www.facebook.com/farmviewpetresort/,(804) 586-1710,South Prince George,VA,false
Downtown Pups,,https://www.indoordogpark.org/parks/downtown-pups,https://www.downtownpupsllc.com/,(804) 446-3592,Hopewell,VA,false
Woofle Watchers Dog Care,,https://www.indoordogpark.org/parks/woofle-watchers-dog-care,https://wooflewatchersdogcare.com/,(202) 431-9659,Dinwiddie,VA,false
"Kennels at Winterpock, Inc.",,https://www.indoordogpark.org/parks/kennels-at-winterpock-inc,http://www.winterpock.com/,(804) 898-9632,Chesterfield,VA,false
Conrecode Kennel,,https://www.indoordogpark.org/parks/conrecode-kennel,,(804) 733-3661,Prince George,VA,false
Above & Beyond Pet Sitting and Exercise,,https://www.indoordogpark.org/parks/above-beyond-pet-sitting-and-exercise,,(804) 441-0510,Petersburg,VA,false
"Motel 6 Petersburg, VA - Fort Lee",,https://www.indoordogpark.org/parks/motel-6-petersburg-va-fort-lee,https://www.motel6.com/en/home/motels.va.petersburg.8931.html?lid=Local_Milestone_8931&travelAgentNumber=TA001305&corporatePlusNumber=CP792N5W&utm_source=google%20my%20business&utm_medium=listing&utm_campaign=visit%20website,(804) 234-8027,Petersburg,VA,false
Best Inn,,https://www.indoordogpark.org/parks/best-inn,https://www.bestinnpetersburg.top/,(804) 861-0793,Petersburg,VA,false
Red Roof Inn Petersburg – Fort Lee,,https://www.indoordogpark.org/parks/red-roof-inn-petersburg-fort-lee,https://www.redroof.com/property/va/Petersburg/RRI1129?utm_source=GMB&utm_medium=Google&utm_campaign=GMB_Performance_RRI1129,(804) 733-0600,Petersburg,VA,false
Holiday Inn Express Building 12015,,https://www.indoordogpark.org/parks/holiday-inn-express-building-12015,https://www.ihg.com/armyhotels/hotels/us/en/fort-lee/zylea/hoteldetail?cm_mmc=GoogleMaps-_-MA-_-US-_-ZYLEA,(804) 733-4100,Fort Gregg-Adams,VA,false
"Travelers Inn By OYO, Templeton VA",,https://www.indoordogpark.org/parks/travelers-inn-by-oyo-templeton-va,https://www.oyorooms.com/us/87047/?utm_source=GMB&utm_medium=Organic&utm_campaign=US_PEB007,(804) 203-8017,Petersburg,VA,false
Rodeway Inn At Fort Lee,,https://www.indoordogpark.org/parks/rodeway-inn-at-fort-lee,https://www.choicehotels.com/virginia/hopewell/rodeway-inn-hotels/va407?mc=llgoxxpx,(804) 458-1500,Hopewell,VA,false
Quality Inn Petersburg Near Fort Gregg-Adams,,https://www.indoordogpark.org/parks/quality-inn-petersburg-near-fort-gregg-adams,https://www.choicehotels.com/virginia/petersburg/quality-inn-hotels/va198?mc=llgoxxpx,(804) 203-2207,Petersburg,VA,false
Days Inn by Wyndham Petersburg/South Fort Lee,,https://www.indoordogpark.org/parks/days-inn-by-wyndham-petersburg-south-fort-lee,https://www.wyndhamhotels.com/days-inn/petersburg-virginia/days-inn-petersburg-south-fort-lee/overview?CID=LC:iqv0j1dklijly45:06594&iata=00093796,(804) 322-3965,Petersburg,VA,false
Super 8 by Wyndham Petersburg,,https://www.indoordogpark.org/parks/super-8-by-wyndham-petersburg,https://www.wyndhamhotels.com/super-8/petersburg-virginia/super-8-petersburg/overview?CID=LC:yytq4fvvehxh7se:14790&iata=00093796,(804) 510-1774,Petersburg,VA,false
Rodeway Inn Colonial Heights I-95,,https://www.indoordogpark.org/parks/rodeway-inn-colonial-heights-i-95,https://www.choicehotels.com/virginia/colonial-heights/rodeway-inn-hotels/va598?mc=llgoxxpx,(804) 520-1010,Colonial Heights,VA,false
Comfort Inn Petersburg Near Fort Gregg-Adams,,https://www.indoordogpark.org/parks/comfort-inn-petersburg-near-fort-gregg-adams,https://www.choicehotels.com/virginia/petersburg/comfort-inn-hotels/va365?mc=llgoxxpx,(804) 318-4836,Petersburg,VA,false
Hampton Inn Petersburg Ft. Gregg Adams,,https://www.indoordogpark.org/parks/hampton-inn-petersburg-ft-gregg-adams,https://www.hilton.com/en/hotels/ptbvahx-hampton-petersburg-ft-gregg-adams/?SEO_id=GMB-AMER-HX-PTBVAHX&y_source=1_MjA4MjExMy03MTUtbG9jYXRpb24ud2Vic2l0ZQ%3D%3D,(804) 732-1400,Petersburg,VA,false
"Hotel Petersburg, Tapestry Collection by Hilton",,https://www.indoordogpark.org/parks/hotel-petersburg-tapestry-collection-by-hilton,https://www.hilton.com/en/hotels/richeup-hotel-petersburg/?SEO_id=GMB-AMER-UP-RICHEUP&y_source=1_OTgxMzcwOTctNzE1LWxvY2F0aW9uLndlYnNpdGU%3D,(804) 280-0998,Petersburg,VA,false
Flagship Inn,,https://www.indoordogpark.org/parks/flagship-inn,,(804) 861-3470,Petersburg,VA,false
Days Inn by Wyndham Chester,,https://www.indoordogpark.org/parks/days-inn-by-wyndham-chester,https://www.wyndhamhotels.com/days-inn/chester-virginia/days-inn-chester/overview?CID=LC:iqv0j1dklijly45:05255&iata=00093796,(804) 318-4357,Chester,VA,false
WoodSpring Suites Richmond Colonial Heights Fort Gregg-Adams,,https://www.indoordogpark.org/parks/woodspring-suites-richmond-colonial-heights-fort-gregg-adams,https://www.woodspring.com/extended-stay-hotels/locations/virginia/richmond/woodspring-suites-richmond-fort-lee?mc=llgoxxpx&utm_source=GooglePlaces&utm_medium=organic&utm_campaign=VA762,(804) 520-5585,Colonial Heights,VA,false
IHG Army Hotels Mackintosh Buildings,,https://www.indoordogpark.org/parks/ihg-army-hotels-mackintosh-buildings,https://www.ihg.com/armyhotels/hotels/us/en/fort-lee/zyleb/hoteldetail?cm_mmc=GoogleMaps-_-MA-_-US-_-ZYLEB,(804) 733-4100,Fort Gregg-Adams,VA,false
"Candlewood Suites Ft Gregg-Adams - Petersburg - Hopewell, an IHG Hotel",,https://www.indoordogpark.org/parks/candlewood-suites-ft-gregg-adams-petersburg-hopewell-an-ihg-hotel,https://www.ihg.com/candlewood/hotels/us/en/hopewell/hpwpd/hoteldetail?cm_mmc=GoogleMaps-_-CW-_-US-_-HPWPD,(804) 541-0200,Hopewell,VA,false
Extended Stay America Premier Suites - Colonial Heights - Fort Gregg-Adams,,https://www.indoordogpark.org/parks/extended-stay-america-premier-suites-colonial-heights-fort-gregg-adams,https://www.extendedstayamerica.com/hotels/va/richmond/colonial-heights-fort-lee?channel=gmb-listing&utm_source=google&utm_medium=organic&utm_campaign=gmb_listing,(804) 206-7005,Colonial Heights,VA,false
MainStay Suites Prince George - Fort Gregg,,https://www.indoordogpark.org/parks/mainstay-suites-prince-george-fort-gregg,https://www.mainstaysuitesprincegeorgeva.com/,(804) 452-0022,Prince George,VA,false
Sit Means Sit Dog Training St. Petersburg,,https://www.indoordogpark.org/parks/sit-means-sit-dog-training-st-petersburg,https://sitmeanssitstpete.com/?utm_source=google&utm_medium=gmb&utm_campaign=google_listing,(727) 537-9721,St. Petersburg,VA,false
PetSmart Dog Training,,https://www.indoordogpark.org/parks/petsmart-dog-training,https://stores.petsmart.com/va/colonial-heights/colonial-heights/dog-training?utm_source=google&utm_medium=organic&utm_campaign=google-my-business,(804) 520-0801,Colonial Heights,VA,false
Dog Training Club of St Pete,,https://www.indoordogpark.org/parks/dog-training-club-of-st-pete,http://dtcsp.org/,(727) 527-5568,St. Petersburg,VA,false
Northern Air Retrievers,,https://www.indoordogpark.org/parks/northern-air-retrievers,https://www.redtideretrievers.com/training-services.html,(248) 709-1596,Warsaw,VA,false
Trained Wright K9,,https://www.indoordogpark.org/parks/trained-wright-k9,https://trainedwrightk9.com/,(423) 646-7153,Abingdon,VA,false
Old Dominion Dog Guard,,https://www.indoordogpark.org/parks/old-dominion-dog-guard,http://www.vadogguard.com/,(804) 733-7557,Petersburg,VA,false
That Pet Spot,,https://www.indoordogpark.org/parks/that-pet-spot,https://www.facebook.com/That-Pet-Spot-247342987186287/,(804) 691-2803,Colonial Heights,VA,false
Bark Avenue Pet Salon & Spaw,,https://www.indoordogpark.org/parks/bark-avenue-pet-salon-spaw,http://barkavenuespaw.com/contact-us.html,(804) 520-2275,Colonial Heights,VA,false
Comforts Of Home Pet Resort,,https://www.indoordogpark.org/parks/comforts-of-home-pet-resort,,,Chester,VA,false
Swift Creek Kennels,,https://www.indoordogpark.org/parks/swift-creek-kennels,http://www.swiftcreekkennels.net/,(804) 526-0202,Colonial Heights,VA,false
Chesdin Animal Hospital,,https://www.indoordogpark.org/parks/chesdin-animal-hospital,https://chesdinanimalhospital.com/,(804) 732-6420,NORTH DINWIDDIE,VA,false
Mountainview Pet Resort and Spa,,https://www.indoordogpark.org/parks/mountainview-pet-resort-and-spa,https://mountainviewvetpetersburg.com/pet-resort-and-spa/,(304) 257-5711,Petersburg,VA,false
Ettrick Park,,https://www.indoordogpark.org/parks/ettrick-park,https://www.chesterfield.gov/facilities/facility/details/Ettrick-Park-39,(804) 706-2596,Petersburg,VA,false
Goyne Park,,https://www.indoordogpark.org/parks/goyne-park,http://www.chesterfield.gov/Parks.aspx?id=6442455361#Goyne_Park,(804) 748-1623,Chester,VA,false
Rotary Park - Pocahontas Path,,https://www.indoordogpark.org/parks/rotary-park-pocahontas-path,,,Petersburg,VA,false
Appomattox Riverside Park (Ferndale Park),,https://www.indoordogpark.org/parks/appomattox-riverside-park-ferndale-park,,,Petersburg,VA,false
Bird Park,,https://www.indoordogpark.org/parks/bird-park,,,Petersburg,VA,false
Legends Park,,https://www.indoordogpark.org/parks/legends-park,http://www.petersburgva.gov/Facilities/Facility/Details/Lee-Memorial-Park-1,(804) 733-2394,Petersburg,VA,false
Petersburg National Battlefield Park Trailhead,,https://www.indoordogpark.org/parks/petersburg-national-battlefield-park-trailhead,http://www.nps.gov/pete/index.htm,(804) 732-3531 ext. 0,Petersburg,VA,false
Oakhurst Park,,https://www.indoordogpark.org/parks/oakhurst-park,,,Petersburg,VA,false
High Street Park,,https://www.indoordogpark.org/parks/high-street-park,,,Petersburg,VA,false
Jim Barnett Park,,https://www.indoordogpark.org/parks/jim-barnett-park,http://www.winchesterva.gov/parks/,(540) 662-4946,Winchester,VA,false
Ridgeside K9 Winchester,,https://www.indoordogpark.org/parks/ridgeside-k9-winchester,https://ridgesidek9winchester.com/,(540) 270-7132,Winchester,VA,false
Strategic Paws Boarding,,https://www.indoordogpark.org/parks/strategic-paws-boarding,http://www.strategicpawstraining.com/,(540) 327-2911,Stephens City,VA,false
"The Doggie Depot of Virginia, LLC",,https://www.indoordogpark.org/parks/the-doggie-depot-of-virginia-llc,http://www.doggiedepotva.com/,(540) 323-7302,Winchester,VA,false
Country K9,,https://www.indoordogpark.org/parks/country-k9,http://countryk9pets.com/index.html,(540) 667-7387,Stephenson,VA,false
Back Mountain Canine Cove,,https://www.indoordogpark.org/parks/back-mountain-canine-cove,,(540) 450-7633,Winchester,VA,false
Cavalier Kennels,,https://www.indoordogpark.org/parks/cavalier-kennels,http://www.cavalierkennels.com/,(540) 631-1100,Front Royal,VA,false
Just Like Home,,https://www.indoordogpark.org/parks/just-like-home,https://justlikehomestrasburgva.com/,(540) 465-3781,Strasburg,VA,false
Shenandoah Valley Boarding & Training,,https://www.indoordogpark.org/parks/shenandoah-valley-boarding-training,http://www.creaturecomfortinn.net/,(540) 465-3007,Strasburg,VA,false
Teddy and Friends Dog Boarding LLC,,https://www.indoordogpark.org/parks/teddy-and-friends-dog-boarding-llc,https://petboardingservices.net/explore/teddy-and-friends-dog-boarding-llc/,(859) 749-8139,Winchester,VA,false
Amanda's Paws and Love Pet Sitting,,https://www.indoordogpark.org/parks/amanda-s-paws-and-love-pet-sitting,,(540) 664-4307,Winchester,VA,false
3 Dog Farm,,https://www.indoordogpark.org/parks/3-dog-farm,http://3dogfarm.com/,(703) 622-4348,Martinsburg,VA,false
Almost Home Pet Boarding,,https://www.indoordogpark.org/parks/almost-home-pet-boarding,,(859) 771-1362,Winchester,VA,false
Pawsitively Heaven,,https://www.indoordogpark.org/parks/pawsitively-heaven,,(540) 868-1082,Stephens City,VA,false
Carol's Creature Care,,https://www.indoordogpark.org/parks/carol-s-creature-care,http://carolscreaturecare.net/,(540) 722-4555,Winchester,VA,false
Cameo's Country Inn-Cat Only Boarding,,https://www.indoordogpark.org/parks/cameo-s-country-inn-cat-only-boarding,,(540) 546-2827,Winchester,VA,false
"Head of the Class Dog Training, LLC",,https://www.indoordogpark.org/parks/head-of-the-class-dog-training-llc,http://www.headoftheclassdogtrainingllc.com/,(304) 358-0293,Winchester,VA,false
IJK9,,https://www.indoordogpark.org/parks/ijk9,https://ijk9pro.com/,(703) 939-7877,Winchester,VA,false
R+K9,,https://www.indoordogpark.org/parks/r-k9,https://www.rplusk9.com/,(540) 532-1300,Winchester,VA,false
Blue Ridge Dog Training Club,,https://www.indoordogpark.org/parks/blue-ridge-dog-training-club,https://brdtc.org/,(540) 662-1664,Winchester,VA,false
Berkeley K-9 School For Dogs,,https://www.indoordogpark.org/parks/berkeley-k-9-school-for-dogs,https://www.berkeleyk9schoolforalldogs.com/,(304) 229-3649,Inwood,VA,false
Canine Validation Center,,https://www.indoordogpark.org/parks/canine-validation-center,,,Winchester,VA,false
PetSmart Dog Training,,https://www.indoordogpark.org/parks/petsmart-dog-training,https://stores.petsmart.com/va/winchester/winchester/dog-training?utm_source=google&utm_medium=organic&utm_campaign=google-my-business,(540) 662-5544,Winchester,VA,false
Ridgeside K9 Grooming,,https://www.indoordogpark.org/parks/ridgeside-k9-grooming,https://ridgesidek9grooming.com/,(540) 270-7132,Winchester,VA,false
Petco Dog Training,,https://www.indoordogpark.org/parks/petco-dog-training,https://stores.petco.com/va/winchester/dog-training-winchester-va-3836.html,(540) 773-6003,Winchester,VA,false
Canine Human Enrichment Center,,https://www.indoordogpark.org/parks/canine-human-enrichment-center,http://www.caninehumanenrichmentcenter.com/,(410) 236-2788,Winchester,VA,false
The Dog House (Grooming Gals),,https://www.indoordogpark.org/parks/the-dog-house-grooming-gals,,(540) 662-7499,Winchester,VA,false
Bella Rose Grooming Studio,,https://www.indoordogpark.org/parks/bella-rose-grooming-studio,,(540) 504-7383,Winchester,VA,false
Groomingtails Salon,,https://www.indoordogpark.org/parks/groomingtails-salon,https://www.facebook.com/groomingtailssalon/?ref=aymt_homepage_panel,(540) 665-8245,Winchester,VA,false
Jurassic Bark,,https://www.indoordogpark.org/parks/jurassic-bark,https://jurassicbarkgrooming.us/,(540) 313-4918,Winchester,VA,false
The Fast and the Furriest,,https://www.indoordogpark.org/parks/the-fast-and-the-furriest,,(540) 542-9969,Winchester,VA,false
Creekside Grooming,,https://www.indoordogpark.org/parks/creekside-grooming,,(540) 662-7272,Winchester,VA,false
At Your Bark'n Call,,https://www.indoordogpark.org/parks/at-your-bark-n-call,,(540) 678-5577,Winchester,VA,false
"Sweet Pea Groomery, LLC",,https://www.indoordogpark.org/parks/sweet-pea-groomery-llc,,(540) 550-9075,Winchester,VA,false
Classy Critters,,https://www.indoordogpark.org/parks/classy-critters,,(540) 665-0808,Winchester,VA,false
House of DeTail,,https://www.indoordogpark.org/parks/house-of-detail,,(540) 323-7635,Winchester,VA,false
Elsea Paws,,https://www.indoordogpark.org/parks/elsea-paws,,(540) 313-0244,Winchester,VA,false
Petco Grooming,,https://www.indoordogpark.org/parks/petco-grooming,https://stores.petco.com/va/winchester/full-service-grooming-winchester-va-3836.html,(540) 773-6003,Winchester,VA,false
Ruff Edge Grooming LLC,,https://www.indoordogpark.org/parks/ruff-edge-grooming-llc,,(540) 508-0678,Middletown,VA,false
PawsomeCutz Dog Grooming,,https://www.indoordogpark.org/parks/pawsomecutz-dog-grooming,https://www.pcmdg.co.uk/,01962 621790,Winchester,VA,false
Posh Pets Boutique,,https://www.indoordogpark.org/parks/posh-pets-boutique,http://www.loveposhpets.com/,(540) 722-7213,Winchester,VA,false
D's and Mikes Dog Grooming And Pedicures,,https://www.indoordogpark.org/parks/d-s-and-mikes-dog-grooming-and-pedicures,https://dichaelstopdoggrooming280d.myonlineappointment.com/,(540) 773-1522,Winchester,VA,false
PetSmart,,https://www.indoordogpark.org/parks/petsmart,https://www.petsmart.com/stores/us/va/winchester-store0355.html?utm_source=google&utm_medium=organic&utm_campaign=google-my-business,(540) 662-5544,Winchester,VA,false
Waggylocks Dog Grooming,,https://www.indoordogpark.org/parks/waggylocks-dog-grooming,https://waggylocks.com/,07551 000501,Winchester,VA,false
Cedar Run Pet Resort LLC,,https://www.indoordogpark.org/parks/cedar-run-pet-resort-llc,http://www.cedarrunpetresort.com/,(304) 229-4100,Bunker Hill,VA,false
Doggie Style Pet Resort,,https://www.indoordogpark.org/parks/doggie-style-pet-resort,http://www.doggiestylepetresort.net/,(540) 336-9995,High View,VA,false
Paw Spa and Retreat at Shenandoah Veterinary,,https://www.indoordogpark.org/parks/paw-spa-and-retreat-at-shenandoah-veterinary,http://wvboardinggrooming.com/,(304) 263-7829,Martinsburg,VA,false
Pioneer Kennel,,https://www.indoordogpark.org/parks/pioneer-kennel,,(540) 877-2417,Winchester,VA,false
Wags and Wiggles,,https://www.indoordogpark.org/parks/wags-and-wiggles,http://www.wagsandwigglestn.com/,(931) 247-1699,Winchester,VA,false
Hopeful Pet Care LLC,,https://www.indoordogpark.org/parks/hopeful-pet-care-llc,,(540) 915-6356,Salem,VA,false
Shampoodles Dog Grooming,,https://www.indoordogpark.org/parks/shampoodles-dog-grooming,,(540) 915-3195,Salem,VA,false
Pet Supplies Plus Salem,,https://www.indoordogpark.org/parks/pet-supplies-plus-salem,https://www.petsuppliesplus.com/Store/VA/Salem/Salem/4027,(540) 389-0615,Salem,VA,false
Happy Dogs LLC,,https://www.indoordogpark.org/parks/happy-dogs-llc,http://www.facebook.com/HappyDogsLLC,(540) 728-7286,Salem,VA,false
Balanced Dog Training & Grooming,,https://www.indoordogpark.org/parks/balanced-dog-training-grooming,,,Tacoma,WA,false
"XL Canine Crates: Stylish, Durable Dog Crates for Large Breeds. Secure Kennels, Spacious Design, Portable Comfort.",,https://www.indoordogpark.org/parks/xl-canine-crates-stylish-durable-dog-crates-for-large-breeds-secure-kennels-spacious-design-portable-comfort,http://xlcaninecrate.com/,(321) 800-8603,Redmond,WA,false
Just Food For Dogs,,https://www.indoordogpark.org/parks/just-food-for-dogs,https://www.justfoodfordogs.com/store/10042-ne-137th-st-kirkland-wa-98034.html?utm_source=local&utm_medium=organic&utm_campaign=GMB&utm_content=petshop,(425) 820-0934,Kirkland,WA,false
Just Food For Dogs,,https://www.indoordogpark.org/parks/just-food-for-dogs,https://www.justfoodfordogs.com/store/26209-104th-ave-se-kent-wa-98030.html?utm_source=local&utm_medium=organic&utm_campaign=GMB&utm_content=petshop,(253) 852-5100,Kent,WA,false
Just Food For Dogs,,https://www.indoordogpark.org/parks/just-food-for-dogs,https://www.justfoodfordogs.com/store/31419-pacific-highway-south-federal-way-wa-98003.html?utm_source=local&utm_medium=organic&utm_campaign=GMB&utm_content=petshop,(253) 839-7423,Federal Way,WA,false
Just Food For Dogs,,https://www.indoordogpark.org/parks/just-food-for-dogs,https://www.justfoodfordogs.com/store/16508-twin-lakes-ave-marysville-wa-98721.html?utm_source=local&utm_medium=organic&utm_campaign=GMB&utm_content=petshop,(360) 654-1594,Marysville,WA,false
Just Food For Dogs,,https://www.indoordogpark.org/parks/just-food-for-dogs,https://www.justfoodfordogs.com/store/5700-100th-st-sw-lakewood-wa-98499.html?utm_source=local&utm_medium=organic&utm_campaign=GMB&utm_content=petshop,(253) 984-6903,Lakewood,WA,false
Just Food For Dogs,,https://www.indoordogpark.org/parks/just-food-for-dogs,https://www.justfoodfordogs.com/store/7215-170th-ave-ne-redmond-wa-98052.html?utm_source=local&utm_medium=organic&utm_campaign=GMB&utm_content=petshop,(425) 861-3907,Redmond,WA,false
Just Food For Dogs,,https://www.indoordogpark.org/parks/just-food-for-dogs,https://www.justfoodfordogs.com/store/975-nw-gilman-blvd-issaquah-wa-98027.html?utm_source=local&utm_medium=organic&utm_campaign=GMB&utm_content=petshop,(425) 392-9664,Sammamish,WA,false
All The Best Pet Care Central District,,https://www.indoordogpark.org/parks/all-the-best-pet-care-central-district,https://www.allthebestpetcare.com/,(206) 258-2215,Seattle,WA,false
Mud Bay,,https://www.indoordogpark.org/parks/mud-bay,https://www.mudbay.com/pet-store/ROO-seattle-WA,(206) 614-0550,Seattle,WA,false
Metro Dog,,https://www.indoordogpark.org/parks/metro-dog,http://www.metro.dog/,(206) 284-3647,Seattle,WA,false
All The Best Pet Care Capitol Hill,,https://www.indoordogpark.org/parks/all-the-best-pet-care-capitol-hill,https://www.allthebestpetcare.com/,(206) 858-6635,Seattle,WA,false
Blue Collar Doghouse,,https://www.indoordogpark.org/parks/blue-collar-doghouse,http://www.bluecollardoghouse.com/,(425) 775-7152,Seattle,WA,false
All The Best Pet Care - Lake City,,https://www.indoordogpark.org/parks/all-the-best-pet-care-lake-city,https://www.allthebestpetcare.com/,(206) 524-0199,Seattle,WA,false
All The Best Pet Care - Columbia City,,https://www.indoordogpark.org/parks/all-the-best-pet-care-columbia-city,https://www.allthebestpetcare.com/,(206) 397-3937,Seattle,WA,false
All The Best Pet Care - Queen Anne,,https://www.indoordogpark.org/parks/all-the-best-pet-care-queen-anne,https://www.allthebestpetcare.com/,(206) 283-3959,Seattle,WA,false
All The Best Pet Care - Ballard,,https://www.indoordogpark.org/parks/all-the-best-pet-care-ballard,https://www.allthebestpetcare.com/,(206) 782-1500,Seattle,WA,false
All The Best Pet Care,,https://www.indoordogpark.org/parks/all-the-best-pet-care,https://www.allthebestpetcare.com/,(425) 453-0440,Seattle,WA,false
Reber Ranch,contact@reberranch.com,https://www.indoordogpark.org/parks/reber-ranch,https://reberranch.com/,(253) 630-3330,Seattle,WA,true
The Whole Cat and Kaboodle,info@wholecatandkaboodle.com,https://www.indoordogpark.org/parks/the-whole-cat-and-kaboodle,http://www.wholecatandkaboodle.com/,(425) 307-1008,Seattle,WA,true
Denise's Parrot Place,,https://www.indoordogpark.org/parks/denises-parrot-place,http://www.myparrot.com/,(206) 232-8115,Seattle,WA,false
Eastside Dog and Cats Too,eastsidedog@hanner.com,https://www.indoordogpark.org/parks/eastside-dog-and-cats-too,http://eastsidedog.com/,(425) 497-9487,Seattle,WA,true
Sierra Fish & Pets,,https://www.indoordogpark.org/parks/sierra-fish-pets,https://sierrafishandpets.com/,(425) 226-3215,Seattle,WA,false
All The Best Pet Care - Greenwood,,https://www.indoordogpark.org/parks/all-the-best-pet-care-greenwood,https://www.allthebestpetcare.com/,(206) 783-2000,Seattle,WA,false
"Bridges Pets, Gifts & Water Gardens",,https://www.indoordogpark.org/parks/bridges-pets-gifts-water-gardens,http://facebook.com/bridgespets,(425) 322-4012,Seattle,WA,false
Prairie Dog Pet Mercantile Kendall Yards,woof@pdogpet.com,https://www.indoordogpark.org/parks/prairie-dog-pet-mercantile-kendall-yards,https://pdogpet.com/summit-pkwy/,(509) 279-2399,Spokane,WA,true
Northwest Seed & Pet,,https://www.indoordogpark.org/parks/northwest-seed-pet,http://www.nwseed.com/,(509) 484-7387,Spokane,WA,false
Prairie Dog Pet Mercantile South Hill,woof@pdogpet.com,https://www.indoordogpark.org/parks/prairie-dog-pet-mercantile-south-hill,http://www.pdogpet.com/,(509) 443-9663,Spokane,WA,true
The Yuppy Puppy,manager@yuppypuppySpokane.com,https://www.indoordogpark.org/parks/the-yuppy-puppy,http://www.yuppypuppyspokane.com/,(509) 467-8221,Spokane,WA,true
The Urban Canine,,https://www.indoordogpark.org/parks/the-urban-canine,http://www.theurbancanine.com/,(509) 744-9663,Spokane,WA,false
Petco,,https://www.indoordogpark.org/parks/petco,https://stores.petco.com/wa/bothell/pet-supplies-bothell-wa-1290.html,(425) 951-6198,Kirkland,WA,false
Petco,,https://www.indoordogpark.org/parks/petco,https://stores.petco.com/wa/spokane/pet-supplies-spokane-wa-1217.html,(509) 532-0185,Spokane,WA,false
K9 Country Club Pet Center,,https://www.indoordogpark.org/parks/k9-country-club-pet-center,https://k9countryclubspokane.com/?utm_source=GMB,(509) 340-9733,Spokane,WA,false
Pet Paradise,,https://www.indoordogpark.org/parks/pet-paradise,http://cheneypetparadise.com/,(509) 235-7387,Spokane,WA,false
Mud Bay,,https://www.indoordogpark.org/parks/mud-bay,https://www.mudbay.com/pet-store/GIG-harbor-WA,(253) 358-4000,Tacoma,WA,false
Next to Nature,,https://www.indoordogpark.org/parks/next-to-nature,http://www.next-to-nature.com/,(253) 779-8141,Tacoma,WA,false
Pet Pros,,https://www.indoordogpark.org/parks/pet-pros,https://petpros.net/?utm_source=google&utm_medium=Yext,(253) 301-1857,Tacoma,WA,false
The Pet Brigade,,https://www.indoordogpark.org/parks/the-pet-brigade,http://www.thepetbrigade.com/,(253) 912-4898,Tacoma,WA,false
Puppy Village,puppyvillageinc@gmail.com,https://www.indoordogpark.org/parks/puppy-village,http://www.puppyvillage.net/,(253) 242-7500,Tacoma,WA,true
Pacific Northwest Aquatics and Exotics Rescue,,https://www.indoordogpark.org/parks/pacific-northwest-aquatics-and-exotics-rescue,http://federalwayfishandreptilerescue.org/,(253) 331-0544,Tacoma,WA,false
Chirp and Co,chirpandco@hotmail.com,https://www.indoordogpark.org/parks/chirp-and-co,http://www.chirpandcompany.com/,(253) 759-2884,Tacoma,WA,true
Petco,,https://www.indoordogpark.org/parks/petco,https://stores.petco.com/wa/tacoma/pet-supplies-tacoma-wa-1245.html,(253) 473-1296,Tacoma,WA,false
Animology,,https://www.indoordogpark.org/parks/animology,http://www.shopanimology.com/,(360) 956-9797,Tacoma,WA,false
Pet Wants Vancouver and Portland North,,https://www.indoordogpark.org/parks/pet-wants-vancouver-and-portland-north,https://www.petwantsvancouver.com/,(503) 987-1686,Vancouver,WA,false
Neighborhood Pet Boutique,info@woodinu.com,https://www.indoordogpark.org/parks/neighborhood-pet-boutique,http://woodinu.com/,(360) 571-0082,Vancouver,WA,true
Mud Bay,,https://www.indoordogpark.org/parks/mud-bay,https://www.mudbay.com/pet-store/FSH-vancouver-WA,(360) 314-6101,Vancouver,WA,false
Fang! Pet & Garden Supply,,https://www.indoordogpark.org/parks/fang-pet-garden-supply,https://portlandpetstores.com/fang-pet-garden-supply/,(503) 972-5822,Vancouver,WA,false
Pets on Broadway,,https://www.indoordogpark.org/parks/pets-on-broadway,http://www.petsonbroadway.com/,(503) 282-5824,Vancouver,WA,false
Petco,,https://www.indoordogpark.org/parks/petco,https://stores.petco.com/wa/vancouver/pet-supplies-vancouver-wa-1233.html,(360) 253-1222,Vancouver,WA,false
Pet Pros,,https://www.indoordogpark.org/parks/pet-pros,https://petpros.net/?utm_source=google&utm_medium=Yext,(425) 455-3797,Bellevue,WA,false
Mud Bay,,https://www.indoordogpark.org/parks/mud-bay,https://www.mudbay.com/pet-store/KIR-kirkland-WA,(425) 448-7880,Bellevue,WA,false
All The Best Pet Care - Redmond,,https://www.indoordogpark.org/parks/all-the-best-pet-care-redmond,https://www.allthebestpetcare.com/,(425) 881-2232,Bellevue,WA,false
All The Best Pet Care - Mercer Island,,https://www.indoordogpark.org/parks/all-the-best-pet-care-mercer-island,https://www.allthebestpetcare.com/,(206) 232-4377,Bellevue,WA,false
All The Best Pet Care - Issaquah,,https://www.indoordogpark.org/parks/all-the-best-pet-care-issaquah,https://www.allthebestpetcare.com/,(425) 369-8383,Bellevue,WA,false
All The Best Pet Care - Kirkland,,https://www.indoordogpark.org/parks/all-the-best-pet-care-kirkland,https://www.allthebestpetcare.com/,(360) 863-6737,Bellevue,WA,false
Natural Pet Pantry,,https://www.indoordogpark.org/parks/natural-pet-pantry,https://naturalpetpantry.com/,(425) 739-4738,Bellevue,WA,false
Saltwater City,,https://www.indoordogpark.org/parks/saltwater-city,https://www.facebook.com/Saltwater-City-160730641728,(425) 644-7050,Bellevue,WA,false
Pet Place Market,,https://www.indoordogpark.org/parks/pet-place-market,http://www.petplacemarket.com/,(360) 755-6534,Bellingham,WA,false
The Soggy Doggy,,https://www.indoordogpark.org/parks/the-soggy-doggy,http://thesoggydoggy.com/,(253) 639-6700,Kent,WA,false
Mud Bay,,https://www.indoordogpark.org/parks/mud-bay,https://www.mudbay.com/pet-store/COV-covington-WA,(253) 236-7350,Kent,WA,false
Midway Tropical Fish & Pets,,https://www.indoordogpark.org/parks/midway-tropical-fish-pets,https://m.facebook.com/midway.tropicalfish/,(206) 824-2616,Kent,WA,false
Petco,,https://www.indoordogpark.org/parks/petco,https://stores.petco.com/wa/covington/pet-supplies-covington-wa-1209.html,(253) 638-1064,Kent,WA,false
Inca's Secret Parrot & Bird Toys/Boarding,,https://www.indoordogpark.org/parks/incas-secret-parrot-bird-toysboarding,http://www.incassecret.com/,(253) 437-1312,Kent,WA,false
Poodie's Pet Palace,,https://www.indoordogpark.org/parks/poodies-pet-palace,http://www.poodiespetpalace.com/,(425) 228-8225,Kent,WA,false
Pet Pros,,https://www.indoordogpark.org/parks/pet-pros,https://petpros.net/?utm_source=google&utm_medium=Yext,(253) 333-8122,Kent,WA,false
All The Best Pet Care - Burien,,https://www.indoordogpark.org/parks/all-the-best-pet-care-burien,https://www.allthebestpetcare.com/,(206) 242-0060,Kent,WA,false
Everett Pet Nutrition,,https://www.indoordogpark.org/parks/everett-pet-nutrition,http://everettpet.com/,(425) 263-9390,Everett,WA,false
A Barkery Unleashed,,https://www.indoordogpark.org/parks/a-barkery-unleashed,http://abarkeryunleashed.com/,(425) 371-9803,Everett,WA,false
Pet Wants Edmonds,,https://www.indoordogpark.org/parks/pet-wants-edmonds,https://www.petwants.com/shop_home/edmonds,(425) 678-8669,Everett,WA,false
"Pet Evolution - Mill Creek, WA - Grooming | Self-Wash | Healthy Food | Mobile Nail Trim",,https://www.indoordogpark.org/parks/pet-evolution-mill-creek-wa-grooming-self-wash-healthy-food-mobile-nail-trim,https://www.petevolution.com/mill-creek-wa,(425) 458-2746,Everett,WA,false
Petco,,https://www.indoordogpark.org/parks/petco,https://stores.petco.com/wa/everett/pet-supplies-everett-wa-244.html,(425) 290-6533,Everett,WA,false
Hewitt Reptile Emporium,,https://www.indoordogpark.org/parks/hewitt-reptile-emporium,http://hewittreptileemporium.com/,(425) 322-5025,Everett,WA,false
Paddywack,,https://www.indoordogpark.org/parks/paddywack,http://www.paddywack.net/,(425) 357-6510,Everett,WA,false
Mud Bay,,https://www.indoordogpark.org/parks/mud-bay,https://www.mudbay.com/pet-store/MUK-mukilteo-WA,(425) 374-7451,Everett,WA,false
Critters & Co Pet Center& Rescue,,https://www.indoordogpark.org/parks/critters-co-pet-center-rescue,http://whidbeycritters.com/,(360) 341-1456,Everett,WA,false
Mud Bay,,https://www.indoordogpark.org/parks/mud-bay,https://www.mudbay.com/pet-store/FRW-renton-WA?FRW-renton-WA=,(425) 207-3170,Renton,WA,false
Petco,,https://www.indoordogpark.org/parks/petco,https://stores.petco.com/wa/renton/pet-supplies-renton-wa-1272.html,(425) 255-0083,Renton,WA,false
Mud Bay,,https://www.indoordogpark.org/parks/mud-bay,https://www.mudbay.com/pet-store/TUM-tumwater-WA,(360) 810-8580,Tumwater,WA,false
Petco,,https://www.indoordogpark.org/parks/petco,https://stores.petco.com/wa/federalway/pet-supplies-federalway-wa-258.html,(253) 839-7423,Federal Way,WA,false
N&T’s Treat Co.,,https://www.indoordogpark.org/parks/nts-treat-co,https://linktr.ee/ntstreatco,(206) 348-1493,Federal Way,WA,false
Petco,,https://www.indoordogpark.org/parks/petco,https://stores.petco.com/wa/veradale/pet-supplies-veradale-wa-257.html,(509) 927-2670,Spokane Valley,WA,false
Paws For A Beer,,https://www.indoordogpark.org/parks/paws-for-a-beer,http://www.pawsforabeer.com/,(360) 733-7297,Bellingham,WA,false
Kementari's Creatures Bellingham,,https://www.indoordogpark.org/parks/kementaris-creatures-bellingham,https://www.kementariscreatures.com/,(509) 607-6971,Bellingham,WA,false
Mud Bay,,https://www.indoordogpark.org/parks/mud-bay,https://www.mudbay.com/pet-store/BKR-bellingham-WA,(360) 788-5150,Bellingham,WA,false
Red's Aquarium & Pet Supply,,https://www.indoordogpark.org/parks/reds-aquarium-pet-supply,https://www.redspets.com/?utm_source=google&utm_medium=wix_google_business_profile&utm_campaign=16218287656568519085,(360) 393-6121,Bellingham,WA,false
Wild Bird Chalet,,https://www.indoordogpark.org/parks/wild-bird-chalet,http://www.wildbirdchalet.com/,(360) 734-0969,Bellingham,WA,false
Shake & Shine LLC,,https://www.indoordogpark.org/parks/shake-shine-llc,http://www.shake-and-shine.com/,(360) 296-5226,Bellingham,WA,false
Petco,,https://www.indoordogpark.org/parks/petco,https://stores.petco.com/wa/bellingham/pet-supplies-bellingham-wa-1206.html,(360) 715-3785,Bellingham,WA,false
Howdee Kennels,,https://www.indoordogpark.org/parks/howdee-kennels,http://www.howdeekennel.com/,(360) 354-5419,Bellingham,WA,false
Petco,,https://www.indoordogpark.org/parks/petco,https://stores.petco.com/wa/pasco/pet-supplies-pasco-wa-1289.html,(509) 412-6288,Kennewick,WA,false
EFC Equipment Feed & Pet,,https://www.indoordogpark.org/parks/efc-equipment-feed-pet,https://efcpetstuff.com/,(509) 374-3398,Kennewick,WA,false
Pet Medical Center of Pasco,,https://www.indoordogpark.org/parks/pet-medical-center-of-pasco,https://animalhealing.net/,(509) 545-4931,Kennewick,WA,false
Mud Bay,,https://www.indoordogpark.org/parks/mud-bay,https://www.mudbay.com/pet-store/PIX-puyallup-WA,(253) 799-0150,Auburn,WA,false
Incredible Pets of Auburn,,https://www.indoordogpark.org/parks/incredible-pets-of-auburn,https://incredpets.com/pages/auburn,(530) 885-7711,Auburn,WA,false
Nova Reptiles,,https://www.indoordogpark.org/parks/nova-reptiles,http://facebook.com/NovaReptiles,,Marysville,WA,false
Petco,,https://www.indoordogpark.org/parks/petco,https://stores.petco.com/wa/lakestevens/pet-supplies-lakestevens-wa-1283.html,(425) 789-3311,Marysville,WA,false
Pet Pros,,https://www.indoordogpark.org/parks/pet-pros,https://petpros.net/?utm_source=google&utm_medium=Yext,(360) 863-9263,Marysville,WA,false
Spider Shoppe Exotic Pets & Supplies,,https://www.indoordogpark.org/parks/spider-shoppe-exotic-pets-supplies,http://www.spidershoppe.com/,(206) 504-3078,Lakewood,WA,false
Petco,,https://www.indoordogpark.org/parks/petco,https://stores.petco.com/wa/lakewood/pet-supplies-lakewood-wa-260.html,(253) 984-6903,Lakewood,WA,false
Mud Bay,,https://www.indoordogpark.org/parks/mud-bay,https://www.mudbay.com/pet-store/RED-redmond-WA,(425) 250-0366,Redmond,WA,false
Petco,,https://www.indoordogpark.org/parks/petco,https://stores.petco.com/wa/redmond/pet-supplies-redmond-wa-1218.html,(425) 861-3907,Redmond,WA,false
Mud Bay,,https://www.indoordogpark.org/parks/mud-bay,https://www.mudbay.com/pet-store/issaquah-highlands/,(425) 600-3880,Sammamish,WA,false
Petco,,https://www.indoordogpark.org/parks/petco,https://stores.petco.com/wa/issaquah/pet-supplies-issaquah-wa-250.html,(425) 392-9664,Sammamish,WA,false
All The Best Pet Care - Kenmore,,https://www.indoordogpark.org/parks/all-the-best-pet-care-kenmore,https://www.allthebestpetcare.com/,(425) 424-9744,Kirkland,WA,false
PupScrub,,https://www.indoordogpark.org/parks/pupscrub,https://www.pupscrubonline.com/,(425) 823-9757,Kirkland,WA,false
Mud Bay,,https://www.indoordogpark.org/parks/mud-bay,https://www.mudbay.com/pet-store/CNP-bothell-WA,(425) 487-8616,Kirkland,WA,false
The Seattle Barkery,,https://www.indoordogpark.org/parks/the-seattle-barkery,http://www.theseattlebarkery.com/contact,(206) 851-1549,Seattle,WA,false
Denny's Pet World,,https://www.indoordogpark.org/parks/dennys-pet-world,http://www.dennyspet.com/,(425) 821-3800,Seattle,WA,false
Earthwise Pet - Fremont,,https://www.indoordogpark.org/parks/earthwise-pet-fremont,https://fremont.earthwisepet.com/products/shop/,(206) 632-4567,Seattle,WA,false
Northwest Terraria,,https://www.indoordogpark.org/parks/northwest-terraria,,(406) 291-8026,Spokane,WA,false
Priest River Pets Rosewood,,https://www.indoordogpark.org/parks/priest-river-pets-rosewood,,(509) 221-8545,Spokane,WA,false
Fort Fido,,https://www.indoordogpark.org/parks/fort-fido,http://www.fortfido.com/,(253) 460-0299,Tacoma,WA,false
Positive Approach Dog Training & Daycare,,https://www.indoordogpark.org/parks/positive-approach-dog-training-daycare,http://www.positiveapproachdogtraining.com/,(253) 627-4275,Tacoma,WA,false
Puppyland Puyallup,,https://www.indoordogpark.org/parks/puppyland-puyallup,https://puppylandwa.com/,(253) 697-9984,Tacoma,WA,false
four leg luxury living,,https://www.indoordogpark.org/parks/four-leg-luxury-living,,(253) 363-3366,Tacoma,WA,false
Asia Gift & Aquarium,,https://www.indoordogpark.org/parks/asia-gift-aquarium,,(253) 473-5842,Tacoma,WA,false
Alley Cat Pet Center,,https://www.indoordogpark.org/parks/alley-cat-pet-center,http://www.alleycatpetcenter.com/,(360) 256-8111,Vancouver,WA,false
For Pup Sake Pet Food & Supplies,,https://www.indoordogpark.org/parks/for-pup-sake-pet-food-supplies,http://www.forpupsakepets.com/,(360) 448-7030,Vancouver,WA,false
Pine + Paw,,https://www.indoordogpark.org/parks/pine-paw,https://pine-paw.com/,(360) 574-6400,Vancouver,WA,false
Paws Cascadia,,https://www.indoordogpark.org/parks/paws-cascadia,https://www.pawscascadia.com/,(360) 721-1162,Vancouver,WA,false
All Natural Pet Supply - Battle Ground,,https://www.indoordogpark.org/parks/all-natural-pet-supply-battle-ground,https://allnaturalpetsupply.com/battle-ground/,(360) 342-8457,Vancouver,WA,false
Naturally Healthy Pet,,https://www.indoordogpark.org/parks/naturally-healthy-pet,,(360) 609-3505,Vancouver,WA,false
Vancouver Doodle Buddies,,https://www.indoordogpark.org/parks/vancouver-doodle-buddies,http://vancouverdoodlebuddies.com/,(503) 545-0440,Vancouver,WA,false
Pawbillion,,https://www.indoordogpark.org/parks/pawbillion,http://pawbillion.com/,(425) 429-3178,Bellevue,WA,false
Pet Pantry Yakima,,https://www.indoordogpark.org/parks/pet-pantry-yakima,http://petpantryyakima.com/,(509) 966-7300,Yakima,WA,false
EarthWise Pet Supply & Grooming Yakima,,https://www.indoordogpark.org/parks/earthwise-pet-supply-grooming-yakima,http://wenatchee-yakima.earthwisepet.com/,(509) 367-6123,Yakima,WA,false
Petco,,https://www.indoordogpark.org/parks/petco,https://stores.petco.com/wa/uniongap/pet-supplies-uniongap-wa-1223.html,(509) 457-1043,Yakima,WA,false
Ellensburg Pet Center,,https://www.indoordogpark.org/parks/ellensburg-pet-center,,(509) 925-1435,Yakima,WA,false
Petsense by Tractor Supply,,https://www.indoordogpark.org/parks/petsense-by-tractor-supply,http://www.petsense.com/,(509) 933-3700,Yakima,WA,false
Tractor Supply Co.,,https://www.indoordogpark.org/parks/tractor-supply-co,https://www.tractorsupply.com/tsc/store_Sunnyside-WA-98944_2313?utm_source=localgmblisting&utm_medium=organic,(509) 839-0000,Yakima,WA,false
Whole Pet Shop,,https://www.indoordogpark.org/parks/whole-pet-shop,,(509) 649-5316,Yakima,WA,false
Yaktownbullies Supplies,,https://www.indoordogpark.org/parks/yaktownbullies-supplies,,,Yakima,WA,false
Pet Supplies Plus Federal Way,,https://www.indoordogpark.org/parks/pet-supplies-plus-federal-way,https://www.petsuppliesplus.com/store/wa/federal-way/4444-federal-way/4444,(253) 367-7387,Federal Way,WA,false
Hawley's Homebred Reptiles,,https://www.indoordogpark.org/parks/hawleys-homebred-reptiles,,(509) 899-8802,Spokane Valley,WA,false
CHS Northwest Bellingham Farm & Home,,https://www.indoordogpark.org/parks/chs-northwest-bellingham-farm-home,http://chsnw.com/,(360) 734-4010,Bellingham,WA,false
Tractor Supply Co.,,https://www.indoordogpark.org/parks/tractor-supply-co,https://www.tractorsupply.com/tsc/store_Ferndale-WA-98248_2400?utm_source=localgmblisting&utm_medium=organic,(360) 312-0212,Bellingham,WA,false
Big River Pets,,https://www.indoordogpark.org/parks/big-river-pets,,(509) 943-9777,Kennewick,WA,false
Jenee's Four Paws Resort,,https://www.indoordogpark.org/parks/jenees-four-paws-resort,http://jeneesfourpawsresort.com/,(509) 529-5331,Kennewick,WA,false
Petsense by Tractor Supply,,https://www.indoordogpark.org/parks/petsense-by-tractor-supply,http://www.petsense.com/,(541) 303-1472,Kennewick,WA,false
Fort Fido,,https://www.indoordogpark.org/parks/fort-fido,http://www.fortfido.com/,(253) 460-0299,Auburn,WA,false
Co•op Critter Club Pet Wash,,https://www.indoordogpark.org/parks/coop-critter-club-pet-wash,,(509) 547-5577,Pasco,WA,false
Julz Animal Houz Marysville,,https://www.indoordogpark.org/parks/julz-animal-houz-marysville,https://julzanimalhouz.com/,(360) 631-5750,Marysville,WA,false
crystal clean pups,,https://www.indoordogpark.org/parks/crystal-clean-pups,,(425) 268-7110,Marysville,WA,false
Classic Pet Supply II,,https://www.indoordogpark.org/parks/classic-pet-supply-ii,,(810) 364-0200,Marysville,WA,false
Pet Supplies Plus Marysville,,https://www.indoordogpark.org/parks/pet-supplies-plus-marysville,https://www.petsuppliesplus.com/store/oh/marysville/4443-marysville/4443,(937) 317-4078,Marysville,WA,false
CMPaws,,https://www.indoordogpark.org/parks/cmpaws,,(360) 969-6339,Marysville,WA,false
Aquarium Paradise,,https://www.indoordogpark.org/parks/aquarium-paradise,https://www.aquariumparadise.com/,(253) 584-3474,Lakewood,WA,false
Dragons Den Reptile and Pet,,https://www.indoordogpark.org/parks/dragons-den-reptile-and-pet,,(253) 584-9063,Lakewood,WA,false
Hedgehog Garden,,https://www.indoordogpark.org/parks/hedgehog-garden,http://www.hedgehoggarden.net/,(425) 761-9592,Lakewood,WA,false
Pawsitive Pet Wares,,https://www.indoordogpark.org/parks/pawsitive-pet-wares,,,Kirkland,WA,false